duration,protocol_type,service,flag,src_bytes,dst_bytes,land,wrong_fragment,urgent,hot,num_failed_logins,logged_in,num_compromised,root_shell,su_attempted,num_root,num_file_creations,num_shells,num_access_files,num_outbound_cmds,is_host_login,is_guest_login,count,srv_count,serror_rate,srv_serror_rate,rerror_rate,srv_rerror_rate,same_srv_rate,diff_srv_rate,srv_diff_host_rate,dst_host_count,dst_host_srv_count,dst_host_same_srv_rate,dst_host_diff_srv_rate,dst_host_same_src_port_rate,dst_host_srv_diff_host_rate,dst_host_serror_rate,dst_host_srv_serror_rate,dst_host_rerror_rate,dst_host_srv_rerror_rate,label,category
0,tcp,telnet,SF,126,174,0,0,0,0,1,0,0,0,0,0,0,0,0,0,0,0,1,1,0.0,0.0,0.0,0.0,1.0,0.0,0.0,255,71,0.28,0.02,0.0,0.0,0.0,0.0,0.01,0.04,guess_passwd,R2L
0,tcp,private,REJ,0,0,0,0,0,0,0,0,0,0,0,0,0,0,0,0,0,0,232,5,0.0,0.0,1.0,1.0,0.02,0.07,0.0,255,5,0.02,0.07,0.0,0.0,0.0,0.0,1.0,1.0,neptune,DoS
0,tcp,http,SF,320,1269,0,0,0,0,0,1,0,0,0,0,0,0,0,0,0,0,4,5,0.0,0.0,0.0,0.0,1.0,0.0,0.4,19,255,1.0,0.0,0.05,0.04,0.0,0.0,0.0,0.0,normal,Normal
0,tcp,http,SF,220,502,0,0,0,0,0,1,0,0,0,0,0,0,0,0,0,0,3,4,0.0,0.0,0.0,0.0,1.0,0.0,0.5,144,255,1.0,0.0,0.01,0.02,0.0,0.0,0.0,0.0,normal,Normal
6,tcp,pop_3,SF,30,93,0,0,0,0,0,1,0,0,0,0,0,0,0,0,0,0,1,1,0.0,0.0,0.0,0.0,1.0,0.0,0.0,255,253,0.99,0.01,0.0,0.0,0.0,0.0,0.0,0.0,guess_passwd,R2L
0,tcp,ftp_data,SF,12,0,0,0,0,0,0,0,0,0,0,0,0,0,0,0,0,0,1,1,0.0,0.0,0.0,0.0,1.0,0.0,0.0,1,9,1.0,0.0,1.0,0.33,0.0,0.0,0.0,0.0,warezmaster,R2L
0,tcp,private,S0,0,0,0,0,0,0,0,0,0,0,0,0,0,0,0,0,0,0,186,10,1.0,1.0,0.0,0.0,0.05,0.09,0.0,255,10,0.04,0.09,0.0,0.0,1.0,1.0,0.0,0.0,neptune,DoS
0,tcp,other,REJ,0,0,0,0,0,0,0,0,0,0,0,0,0,0,0,0,0,0,431,2,0.05,0.0,0.95,1.0,0.0,1.0,1.0,255,1,0.0,1.0,0.0,0.0,0.07,0.0,0.93,1.0,saint,Probe
282,tcp,ftp,SF,164,599,0,0,0,2,0,1,0,0,0,0,0,0,0,0,0,1,1,1,0.0,0.0,0.0,0.0,1.0,0.0,0.0,255,16,0.06,0.79,0.0,0.0,0.0,0.0,0.77,0.0,warezmaster,R2L
0,tcp,http,SF,257,397,0,0,0,0,0,1,0,0,0,0,0,0,0,0,0,0,9,9,0.0,0.0,0.0,0.0,1.0,0.0,0.0,158,255,1.0,0.0,0.01,0.01,0.0,0.0,0.0,0.0,normal,Normal
0,tcp,other,REJ,0,0,0,0,0,0,0,0,0,0,0,0,0,0,0,0,0,0,491,1,0.1,0.0,0.9,1.0,0.0,1.0,0.0,255,1,0.0,1.0,0.0,0.0,0.07,0.0,0.93,1.0,saint,Probe
0,tcp,other,RSTR,0,0,0,0,0,0,0,0,0,0,0,0,0,0,0,0,0,0,1,1,0.0,0.0,1.0,1.0,1.0,0.0,0.0,255,1,0.0,1.0,1.0,0.0,0.0,0.0,1.0,1.0,portsweep,Probe
90,tcp,ftp,SF,110,351,0,0,0,1,0,1,0,0,0,0,0,0,0,0,0,0,1,1,0.0,0.0,0.0,0.0,1.0,0.0,0.0,148,1,0.01,0.05,0.01,0.0,0.01,0.0,0.0,0.0,httptunnel,R2L
0,tcp,http,SF,215,332,0,0,0,0,0,1,0,0,0,0,0,0,0,0,0,0,37,37,0.0,0.0,0.0,0.0,1.0,0.0,0.0,255,255,1.0,0.0,0.0,0.0,0.0,0.0,0.0,0.0,normal,Normal
0,tcp,other,S0,0,0,0,0,0,0,0,0,0,0,0,0,0,0,0,0,0,0,478,1,0.03,1.0,0.97,0.0,0.0,1.0,0.0,255,1,0.0,1.0,0.0,0.0,0.01,1.0,0.99,0.0,satan,Probe
0,tcp,private,REJ,0,0,0,0,0,0,0,0,0,0,0,0,0,0,0,0,0,0,255,5,0.0,0.0,1.0,1.0,0.02,0.06,0.0,255,5,0.02,0.06,0.0,0.0,0.0,0.0,1.0,1.0,neptune,DoS
0,tcp,private,S0,0,0,0,0,0,0,0,0,0,0,0,0,0,0,0,0,0,0,150,10,1.0,1.0,0.0,0.0,0.07,0.09,0.0,255,10,0.04,0.09,0.0,0.0,1.0,1.0,0.0,0.0,neptune,DoS
0,icmp,ecr_i,SF,1008,0,0,0,0,0,0,0,0,0,0,0,0,0,0,0,0,0,336,336,0.0,0.0,0.0,0.0,1.0,0.0,0.0,255,255,1.0,0.0,1.0,0.0,0.0,0.0,0.0,0.0,smurf,DoS
0,tcp,http,SF,319,398,0,0,0,0,0,1,0,0,0,0,0,0,0,0,0,0,5,5,0.0,0.0,0.0,0.0,1.0,0.0,0.0,255,255,1.0,0.0,0.0,0.0,0.0,0.0,0.0,0.0,normal,Normal
0,udp,domain_u,SF,45,132,0,0,0,0,0,0,0,0,0,0,0,0,0,0,0,0,73,153,0.0,0.0,0.0,0.0,1.0,0.0,0.01,255,240,0.94,0.01,0.0,0.0,0.0,0.0,0.0,0.0,normal,Normal
0,icmp,urp_i,SF,36,0,0,0,0,0,0,0,0,0,0,0,0,0,0,0,0,0,1,1,0.0,0.0,0.0,0.0,1.0,0.0,0.0,255,165,0.65,0.02,0.65,0.0,0.0,0.0,0.0,0.0,normal,Normal
9,tcp,smtp,SF,4485,631,0,0,0,0,0,1,0,1,0,2,0,0,1,0,0,0,1,1,0.0,0.0,0.0,0.0,1.0,0.0,0.0,41,151,0.2,0.12,0.02,0.01,0.0,0.0,0.0,0.0,sendmail,R2L
0,tcp,telnet,REJ,0,0,0,0,0,0,0,0,0,0,0,0,0,0,0,0,0,0,1,17,0.0,0.12,1.0,0.71,1.0,0.0,0.76,241,6,0.02,0.03,0.0,0.0,0.0,0.17,0.05,0.67,mscan,Probe
8181,tcp,telnet,SF,0,15,0,0,0,0,0,0,0,0,0,0,0,0,0,0,0,0,1,1,0.0,0.0,0.0,0.0,1.0,0.0,0.0,255,16,0.06,0.83,0.0,0.0,0.0,0.0,0.81,0.0,processtable,DoS
0,tcp,http,SF,302,258,0,0,0,0,0,1,0,0,0,0,0,0,0,0,0,0,2,2,0.0,0.0,0.0,0.0,1.0,0.0,0.0,247,119,0.48,0.4,0.0,0.0,0.01,0.0,0.45,0.01,normal,Normal
0,udp,private,SF,44,44,0,0,0,0,0,0,0,0,0,0,0,0,0,0,0,0,3,3,0.0,0.0,0.0,0.0,1.0,0.0,0.0,255,254,1.0,0.01,0.01,0.0,0.0,0.0,0.0,0.0,snmpguess,R2L
0,tcp,http,SF,54540,8314,0,0,0,2,0,1,1,0,0,0,0,0,0,0,0,0,4,14,0.0,0.0,0.0,0.0,1.0,0.0,0.14,255,255,1.0,0.0,0.0,0.0,0.0,0.0,0.03,0.03,back,DoS
0,tcp,http,SF,247,2947,0,0,0,0,0,1,0,0,0,0,0,0,0,0,0,0,9,10,0.0,0.0,0.0,0.0,1.0,0.0,0.2,116,229,1.0,0.0,0.01,0.01,0.0,0.0,0.0,0.0,normal,Normal
0,tcp,http,SF,207,2628,0,0,0,0,0,1,0,0,0,0,0,0,0,0,0,0,10,10,0.0,0.0,0.0,0.0,1.0,0.0,0.0,24,255,1.0,0.0,0.04,0.02,0.0,0.0,0.0,0.0,normal,Normal
0,tcp,http,SF,295,527,0,0,0,0,0,1,0,0,0,0,0,0,0,0,0,0,8,8,0.0,0.0,0.0,0.0,1.0,0.0,0.0,124,255,1.0,0.0,0.01,0.03,0.0,0.0,0.0,0.0,normal,Normal
0,tcp,http,SF,313,782,0,0,0,0,0,1,0,0,0,0,0,0,0,0,0,0,17,17,0.0,0.0,0.0,0.0,1.0,0.0,0.0,58,241,1.0,0.0,0.02,0.03,0.0,0.0,0.0,0.0,normal,Normal
0,tcp,ftp_data,SF,7658,0,0,0,0,0,0,0,0,0,0,0,0,0,0,0,0,0,2,2,0.0,0.0,0.0,0.0,1.0,0.0,0.0,199,43,0.2,0.02,0.2,0.05,0.0,0.0,0.01,0.0,normal,Normal
0,tcp,http,SF,314,274,0,0,0,0,0,1,0,0,0,0,0,0,0,0,0,0,11,11,0.0,0.0,0.0,0.0,1.0,0.0,0.0,255,255,1.0,0.0,0.01,0.0,0.0,0.0,0.0,0.0,normal,Normal
0,tcp,http,SF,305,2239,0,0,0,0,0,1,0,0,0,0,0,0,0,0,0,0,6,6,0.0,0.0,0.0,0.0,1.0,0.0,0.0,60,28,0.47,0.07,0.02,0.0,0.0,0.0,0.07,0.0,normal,Normal
2,tcp,telnet,SF,74,114,0,0,0,0,0,0,0,0,0,0,0,0,0,0,0,0,457,1,0.07,0.0,0.91,0.0,0.0,1.0,0.0,255,1,0.0,1.0,0.0,0.0,0.05,0.0,0.91,0.0,saint,Probe
0,tcp,http,SF,204,3096,0,0,0,0,0,1,0,0,0,0,0,0,0,0,0,0,1,1,0.0,0.0,0.0,0.0,1.0,0.0,0.0,7,255,1.0,0.0,0.14,0.02,0.0,0.0,0.0,0.0,normal,Normal
796,tcp,http,RSTR,60884,0,0,0,0,0,0,1,0,0,0,0,0,0,0,0,0,0,67,67,0.03,0.03,0.97,0.97,1.0,0.0,0.0,255,253,0.99,0.01,0.0,0.0,0.01,0.01,0.33,0.33,apache2,DoS
1,tcp,smtp,SF,853,330,0,0,0,0,0,1,0,0,0,0,0,0,0,0,0,0,1,3,0.0,0.0,0.0,0.0,1.0,0.0,1.0,187,184,0.68,0.02,0.01,0.01,0.0,0.0,0.0,0.0,normal,Normal
0,tcp,http,SF,192,758,0,0,0,0,0,1,0,0,0,0,0,0,0,0,0,0,1,7,0.0,0.0,0.0,0.0,1.0,0.0,0.29,209,255,1.0,0.0,0.0,0.01,0.0,0.0,0.0,0.0,normal,Normal
0,icmp,ecr_i,SF,1008,0,0,0,0,0,0,0,0,0,0,0,0,0,0,0,0,0,320,320,0.0,0.0,0.0,0.0,1.0,0.0,0.0,255,255,1.0,0.0,1.0,0.0,0.0,0.0,0.0,0.0,smurf,DoS
0,tcp,private,REJ,0,0,0,0,0,0,0,0,0,0,0,0,0,0,0,0,0,0,211,9,0.0,0.0,1.0,1.0,0.04,0.07,0.0,255,9,0.04,0.07,0.0,0.0,0.0,0.0,1.0,1.0,neptune,DoS
0,tcp,private,REJ,0,0,0,0,0,0,0,0,0,0,0,0,0,0,0,0,0,0,225,2,0.0,0.0,1.0,1.0,0.01,0.07,0.0,255,2,0.01,0.08,0.0,0.0,0.0,0.0,1.0,1.0,neptune,DoS
0,tcp,http,SF,309,4368,0,0,0,0,0,1,0,0,0,0,0,0,0,0,0,0,13,15,0.0,0.0,0.0,0.0,1.0,0.0,0.2,19,255,1.0,0.0,0.05,0.05,0.0,0.0,0.0,0.0,normal,Normal
0,tcp,http,SF,207,1341,0,0,0,0,0,1,0,0,0,0,0,0,0,0,0,0,16,16,0.0,0.0,0.0,0.0,1.0,0.0,0.0,149,255,1.0,0.0,0.01,0.02,0.0,0.0,0.0,0.0,normal,Normal
0,tcp,private,REJ,0,0,0,0,0,0,0,0,0,0,0,0,0,0,0,0,0,0,116,10,0.0,0.0,1.0,1.0,0.09,0.06,0.0,255,10,0.04,0.06,0.0,0.0,0.0,0.0,1.0,1.0,neptune,DoS
0,tcp,smtp,SF,1658,480,0,0,0,0,0,1,0,0,0,0,0,0,0,0,0,0,1,1,0.0,0.0,0.0,0.0,1.0,0.0,0.0,2,138,1.0,0.0,0.5,0.01,0.0,0.0,0.0,0.0,normal,Normal
2058,tcp,http,RSTR,101764,0,0,0,0,0,0,1,0,0,0,0,0,0,0,0,0,0,2,2,0.0,0.0,0.5,0.5,1.0,0.0,0.0,255,227,0.89,0.02,0.0,0.0,0.0,0.0,0.0,0.0,apache2,DoS
0,tcp,private,S0,0,0,0,0,0,0,0,0,0,0,0,0,0,0,0,0,0,0,138,4,1.0,1.0,0.0,0.0,0.03,0.09,0.0,255,4,0.02,0.09,0.0,0.0,1.0,1.0,0.0,0.0,neptune,DoS
0,tcp,telnet,SF,123,174,0,0,0,0,1,0,0,0,0,0,0,0,0,0,0,0,1,1,0.0,0.0,0.0,0.0,1.0,0.0,0.0,255,165,0.65,0.02,0.0,0.0,0.0,0.0,0.02,0.03,guess_passwd,R2L
0,tcp,http,SF,253,5940,0,0,0,0,0,1,0,0,0,0,0,0,0,0,0,0,16,18,0.0,0.0,0.0,0.0,1.0,0.0,0.17,255,255,1.0,0.0,0.0,0.0,0.0,0.0,0.0,0.0,normal,Normal
0,udp,domain_u,SF,44,44,0,0,0,0,0,0,0,0,0,0,0,0,0,0,0,0,2,3,0.0,0.0,0.0,0.0,1.0,0.0,0.67,255,240,0.94,0.01,0.01,0.0,0.0,0.0,0.04,0.0,normal,Normal
0,tcp,http,SF,222,333,0,0,0,0,0,1,0,0,0,0,0,0,0,0,0,0,4,4,0.0,0.0,0.0,0.0,1.0,0.0,0.0,137,237,1.0,0.0,0.01,0.03,0.0,0.0,0.0,0.0,normal,Normal
0,tcp,http,SF,255,1738,0,0,0,0,0,1,0,0,0,0,0,0,0,0,0,0,20,20,0.0,0.0,0.0,0.0,1.0,0.0,0.0,255,255,1.0,0.0,0.0,0.0,0.0,0.0,0.0,0.0,normal,Normal
1,tcp,smtp,SF,926,331,0,0,0,0,0,1,0,0,0,0,0,0,0,0,0,0,1,3,0.0,0.0,0.0,0.0,1.0,0.0,1.0,3,109,0.67,0.67,0.33,0.02,0.0,0.0,0.0,0.0,normal,Normal
1,tcp,smtp,SF,2599,293,0,0,0,0,0,1,0,0,0,0,0,0,0,0,0,0,3,2,0.0,0.0,0.33,0.0,0.67,0.67,0.0,255,245,0.96,0.04,0.0,0.0,0.0,0.0,0.04,0.0,mailbomb,DoS
0,tcp,other,S0,0,0,0,0,0,0,0,0,0,0,0,0,0,0,0,0,0,0,457,1,0.14,1.0,0.86,0.0,0.0,1.0,0.0,255,1,0.0,0.98,0.0,0.0,0.13,1.0,0.86,0.0,satan,Probe
0,tcp,http,SF,210,566,0,0,0,0,0,1,0,0,0,0,0,0,0,0,0,0,7,10,0.0,0.0,0.0,0.0,1.0,0.0,0.2,27,255,1.0,0.0,0.04,0.02,0.0,0.0,0.0,0.0,normal,Normal
0,tcp,http,SF,331,3103,0,0,0,0,0,1,0,0,0,0,0,0,0,0,0,0,3,18,0.0,0.0,0.0,0.0,1.0,0.0,0.11,53,255,1.0,0.0,0.02,0.03,0.0,0.0,0.0,0.0,normal,Normal
0,tcp,ssh,REJ,0,0,0,0,0,0,0,0,0,0,0,0,0,0,0,0,0,0,295,18,0.0,0.0,1.0,1.0,0.06,0.05,0.0,255,18,0.07,0.06,0.0,0.0,0.0,0.0,1.0,1.0,neptune,DoS
4906,udp,other,SF,146,105,0,0,0,0,0,0,0,0,0,0,0,0,0,0,0,0,1,1,0.0,0.0,0.0,0.0,1.0,0.0,0.0,255,4,0.02,0.06,0.09,0.0,0.0,0.0,0.01,0.0,normal,Normal
0,tcp,http,SF,211,8412,0,0,0,0,0,1,0,0,0,0,0,0,0,0,0,0,14,29,0.0,0.0,0.0,0.0,1.0,0.0,0.07,255,255,1.0,0.0,0.0,0.0,0.0,0.0,0.0,0.0,normal,Normal
0,tcp,http,SF,235,12755,0,0,0,0,0,1,0,0,0,0,0,0,0,0,0,0,2,2,0.0,0.0,0.0,0.0,1.0,0.0,0.0,2,255,1.0,0.0,0.5,0.07,0.0,0.0,0.0,0.0,normal,Normal
0,tcp,private,REJ,0,0,0,0,0,0,0,0,0,0,0,0,0,0,0,0,0,0,111,17,0.0,0.0,1.0,1.0,0.15,0.05,0.0,255,17,0.07,0.05,0.0,0.0,0.0,0.0,1.0,1.0,neptune,DoS
4,tcp,pop_3,SF,32,93,0,0,0,0,0,1,0,0,0,0,0,0,0,0,0,0,1,1,0.0,0.0,0.0,0.0,1.0,0.0,0.0,164,146,0.88,0.02,0.01,0.01,0.0,0.0,0.06,0.0,guess_passwd,R2L
10,tcp,smtp,SF,1083,332,0,0,0,0,0,1,0,0,0,0,0,0,0,0,0,0,1,4,0.0,0.0,0.0,0.0,1.0,0.0,1.0,255,116,0.45,0.02,0.0,0.0,0.0,0.0,0.0,0.0,normal,Normal
0,udp,other,SF,1,1,0,0,0,0,0,0,0,0,0,0,0,0,0,0,0,0,62,1,0.0,0.0,0.0,0.0,0.02,1.0,0.0,255,1,0.0,0.69,0.99,0.0,0.0,0.0,0.0,0.0,satan,Probe
0,udp,private,SF,54,53,0,0,0,0,0,0,0,0,0,0,0,0,0,0,0,0,189,189,0.0,0.0,0.0,0.0,1.0,0.0,0.0,255,255,1.0,0.0,0.93,0.0,0.0,0.0,0.0,0.0,normal,Normal
0,udp,private,SF,50,0,0,0,0,0,0,0,0,0,0,0,0,0,0,0,0,0,4,4,0.0,0.0,0.0,0.0,1.0,0.0,0.0,255,253,0.99,0.01,0.01,0.0,0.0,0.0,0.0,0.0,snmpguess,R2L
0,tcp,private,S0,0,0,0,0,0,0,0,0,0,0,0,0,0,0,0,0,0,0,275,20,1.0,1.0,0.0,0.0,0.07,0.06,0.0,255,20,0.08,0.07,0.0,0.0,1.0,1.0,0.0,0.0,neptune,DoS
0,tcp,http,SF,306,4625,0,0,0,0,0,1,0,0,0,0,0,0,0,0,0,0,4,4,0.0,0.0,0.0,0.0,1.0,0.0,0.0,115,255,1.0,0.0,0.01,0.02,0.0,0.0,0.0,0.0,normal,Normal
0,tcp,http,SF,284,1415,0,0,0,0,0,1,0,0,0,0,0,0,0,0,0,0,10,67,0.0,0.0,0.0,0.0,1.0,0.0,0.09,107,107,1.0,0.0,0.01,0.0,0.0,0.0,0.0,0.0,normal,Normal
0,tcp,http,SF,235,1560,0,0,0,0,0,1,0,0,0,0,0,0,0,0,0,0,11,11,0.0,0.0,0.0,0.0,1.0,0.0,0.0,11,255,1.0,0.0,0.09,0.06,0.0,0.0,0.0,0.0,normal,Normal
0,tcp,private,REJ,0,0,0,0,0,0,0,0,0,0,0,0,0,0,0,0,0,0,97,1,0.0,0.0,1.0,1.0,0.01,0.07,0.0,255,1,0.0,0.06,0.0,0.0,0.0,0.0,1.0,1.0,neptune,DoS
0,tcp,http,SF,214,254,0,0,0,0,0,1,0,0,0,0,0,0,0,0,0,0,4,4,0.25,0.25,0.0,0.0,1.0,0.0,0.0,255,255,1.0,0.0,0.0,0.0,0.0,0.0,0.0,0.0,normal,Normal
0,udp,private,SF,41,0,0,0,0,0,0,0,0,0,0,0,0,0,0,0,0,0,3,3,0.0,0.0,0.0,0.0,1.0,0.0,0.0,255,254,1.0,0.01,0.0,0.0,0.0,0.0,0.0,0.0,snmpguess,R2L
0,tcp,private,REJ,0,0,0,0,0,0,0,0,0,0,0,0,0,0,0,0,0,0,117,11,0.0,0.0,1.0,1.0,0.09,0.08,0.0,255,11,0.04,0.06,0.0,0.0,0.0,0.0,1.0,1.0,neptune,DoS
0,tcp,private,S0,0,0,0,0,0,0,0,0,0,0,0,0,0,0,0,0,0,0,110,3,1.0,1.0,0.0,0.0,0.03,0.07,0.0,255,3,0.01,0.06,0.0,0.0,1.0,1.0,0.0,0.0,neptune,DoS
0,tcp,http,SF,221,17606,0,0,0,0,0,1,0,0,0,0,0,0,0,0,0,0,1,1,0.0,0.0,0.0,0.0,1.0,0.0,0.0,181,251,1.0,0.0,0.01,0.01,0.0,0.0,0.0,0.0,normal,Normal
0,udp,domain_u,SF,44,76,0,0,0,0,0,0,0,0,0,0,0,0,0,0,0,0,236,235,0.0,0.0,0.0,0.0,1.0,0.01,0.0,255,253,0.99,0.01,0.01,0.0,0.0,0.0,0.0,0.0,normal,Normal
0,udp,domain_u,SF,44,44,0,0,0,0,0,0,0,0,0,0,0,0,0,0,0,0,30,110,0.0,0.0,0.0,0.0,1.0,0.0,0.02,255,254,1.0,0.01,0.01,0.0,0.0,0.0,0.0,0.0,normal,Normal
283,tcp,ftp,SF,164,599,0,0,0,2,0,1,0,0,0,0,0,0,0,0,0,1,1,1,0.0,0.0,0.0,0.0,1.0,0.0,0.0,255,28,0.11,0.03,0.0,0.0,0.46,0.0,0.02,0.0,warezmaster,R2L
0,udp,other,SF,1,1,0,0,0,0,0,0,0,0,0,0,0,0,0,0,0,0,201,1,0.0,0.0,0.0,0.0,0.0,1.0,0.0,255,1,0.0,1.0,1.0,0.0,0.0,0.0,0.0,0.0,satan,Probe
0,tcp,http,SF,353,17082,0,0,0,0,0,1,0,0,0,0,0,0,0,0,0,0,14,15,0.0,0.0,0.0,0.0,1.0,0.0,0.13,109,194,1.0,0.0,0.01,0.03,0.0,0.0,0.0,0.0,normal,Normal
0,tcp,http,SF,512,9211,0,0,0,0,0,1,0,0,0,0,0,0,0,0,0,0,14,37,0.0,0.0,0.0,0.0,1.0,0.0,0.08,66,255,1.0,0.0,0.02,0.05,0.0,0.0,0.0,0.0,normal,Normal
0,tcp,telnet,SF,122,174,0,0,0,0,1,0,0,0,0,0,0,0,0,0,0,0,1,1,0.0,0.0,0.0,0.0,1.0,0.0,0.0,255,48,0.19,0.02,0.0,0.0,0.0,0.0,0.01,0.04,guess_passwd,R2L
0,tcp,private,REJ,0,0,0,0,0,0,0,0,0,0,0,0,0,0,0,0,0,0,181,18,0.0,0.0,1.0,1.0,0.1,0.06,0.0,255,18,0.07,0.06,0.0,0.0,0.0,0.0,1.0,1.0,neptune,DoS
0,tcp,http,SF,269,388,0,0,0,0,0,1,0,0,0,0,0,0,0,0,0,0,1,3,0.0,0.0,0.0,0.0,1.0,0.0,0.67,115,255,1.0,0.0,0.01,0.03,0.01,0.0,0.0,0.0,normal,Normal
0,tcp,http,SF,235,892,0,0,0,0,0,1,0,0,0,0,0,0,0,0,0,0,2,9,0.0,0.0,0.0,0.0,1.0,0.0,0.33,255,255,1.0,0.0,0.0,0.0,0.0,0.0,0.0,0.0,normal,Normal
0,udp,private,SF,52,57,0,0,0,0,0,0,0,0,0,0,0,0,0,0,0,0,511,511,0.0,0.0,0.0,0.0,1.0,0.0,0.0,255,255,1.0,0.0,0.94,0.0,0.0,0.0,0.0,0.0,normal,Normal
0,tcp,private,S0,0,0,0,0,0,0,0,0,0,0,0,0,0,0,0,0,0,0,180,17,1.0,1.0,0.0,0.0,0.09,0.08,0.0,255,17,0.07,0.08,0.0,0.0,1.0,1.0,0.0,0.0,neptune,DoS
4,tcp,pop_3,SF,32,93,0,0,0,0,0,1,0,0,0,0,0,0,0,0,0,0,1,1,0.0,0.0,0.0,0.0,1.0,0.0,0.0,255,174,0.68,0.02,0.0,0.0,0.0,0.0,0.11,0.0,guess_passwd,R2L
0,tcp,http,SF,304,1697,0,0,0,0,0,1,0,0,0,0,0,0,0,0,0,0,19,29,0.0,0.0,0.0,0.0,1.0,0.0,0.14,176,255,1.0,0.0,0.01,0.02,0.0,0.0,0.0,0.0,normal,Normal
0,tcp,http,SF,213,1338,0,0,0,0,0,1,0,0,0,0,0,0,0,0,0,0,13,28,0.0,0.0,0.0,0.0,1.0,0.0,0.07,119,255,1.0,0.0,0.01,0.01,0.0,0.0,0.0,0.0,normal,Normal
0,udp,private,SF,52,54,0,0,0,0,0,0,0,0,0,0,0,0,0,0,0,0,508,508,0.0,0.0,0.0,0.0,1.0,0.0,0.0,255,255,1.0,0.0,0.8,0.0,0.0,0.0,0.0,0.0,normal,Normal
0,tcp,other,REJ,0,0,0,0,0,0,0,0,0,0,0,0,0,0,0,0,0,0,458,1,0.14,0.0,0.86,1.0,0.0,1.0,0.0,255,1,0.0,0.91,0.0,0.0,0.13,0.0,0.87,1.0,satan,Probe
0,tcp,pop_3,S0,0,0,0,0,0,0,0,0,0,0,0,0,0,0,0,0,0,0,1,3,1.0,1.0,0.0,0.0,1.0,0.0,1.0,15,52,0.33,0.2,0.07,0.04,1.0,0.1,0.0,0.88,mscan,Probe
0,tcp,http,SF,232,384,0,0,0,0,0,1,0,0,0,0,0,0,0,0,0,0,14,14,0.0,0.0,0.0,0.0,1.0,0.0,0.0,14,255,1.0,0.0,0.07,0.03,0.0,0.0,0.0,0.0,normal,Normal
0,tcp,http,SF,193,313,0,0,0,0,0,1,0,0,0,0,0,0,0,0,0,0,31,31,0.0,0.0,0.0,0.0,1.0,0.0,0.0,81,255,1.0,0.0,0.01,0.04,0.0,0.0,0.0,0.0,normal,Normal
0,tcp,other,REJ,0,0,0,0,0,0,0,0,0,0,0,0,0,0,0,0,0,0,510,1,0.07,0.0,0.93,1.0,0.0,1.0,0.0,255,1,0.0,1.0,0.0,0.0,0.0,0.0,1.0,1.0,satan,Probe
0,icmp,ecr_i,SF,1008,0,0,0,0,0,0,0,0,0,0,0,0,0,0,0,0,0,405,405,0.0,0.0,0.0,0.0,1.0,0.0,0.0,255,255,1.0,0.0,1.0,0.0,0.0,0.0,0.0,0.0,smurf,DoS
0,icmp,ecr_i,SF,1032,0,0,0,0,0,0,0,0,0,0,0,0,0,0,0,0,0,477,477,0.0,0.0,0.0,0.0,1.0,0.0,0.0,255,255,1.0,0.0,1.0,0.0,0.0,0.0,0.0,0.0,smurf,DoS
0,udp,private,SF,52,49,0,0,0,0,0,0,0,0,0,0,0,0,0,0,0,0,509,509,0.0,0.0,0.0,0.0,1.0,0.0,0.0,255,255,1.0,0.0,1.0,0.0,0.0,0.0,0.0,0.0,normal,Normal
0,udp,private,SF,105,146,0,0,0,0,0,0,0,0,0,0,0,0,0,0,0,0,1,1,0.0,0.0,0.0,0.0,1.0,0.0,0.0,13,13,1.0,0.0,0.08,0.0,0.0,0.0,0.0,0.0,snmpgetattack,R2L
0,tcp,http,SF,315,4597,0,0,0,0,0,1,0,0,0,0,0,0,0,0,0,0,8,49,0.0,0.0,0.0,0.0,1.0,0.0,0.16,255,255,1.0,0.0,0.0,0.0,0.0,0.0,0.0,0.0,normal,Normal
0,icmp,ecr_i,SF,40008,0,0,0,0,0,0,0,0,0,0,0,0,0,0,0,0,0,3,3,0.0,0.0,0.0,0.0,1.0,0.0,0.0,81,81,1.0,0.0,1.0,0.0,0.0,0.0,0.0,0.0,normal,Normal
280,tcp,ftp_data,SF,283618,0,0,0,0,2,0,0,0,0,0,0,0,0,0,0,0,0,1,1,0.0,0.0,0.0,0.0,1.0,0.0,0.0,4,1,0.25,0.5,0.25,0.0,0.0,0.0,0.0,0.0,warezmaster,R2L
0,tcp,http,SF,230,327,0,0,0,0,0,1,0,0,0,0,0,0,0,0,0,0,11,21,0.0,0.0,0.0,0.0,1.0,0.0,0.14,218,255,1.0,0.0,0.0,0.01,0.0,0.0,0.0,0.0,normal,Normal
0,tcp,http,SF,215,260,0,0,0,0,0,1,0,0,0,0,0,0,0,0,0,0,1,24,0.0,0.0,0.0,0.0,1.0,0.0,0.08,17,255,1.0,0.0,0.06,0.05,0.0,0.0,0.0,0.0,normal,Normal
1,tcp,smtp,SF,2599,293,0,0,0,0,0,1,0,0,0,0,0,0,0,0,0,0,3,2,0.0,0.0,0.33,0.0,0.67,0.67,0.0,255,243,0.95,0.05,0.0,0.0,0.0,0.0,0.04,0.0,mailbomb,DoS
0,tcp,sunrpc,REJ,0,0,0,0,0,0,0,0,0,0,0,0,0,0,0,0,0,0,1,7,0.0,0.0,1.0,1.0,1.0,0.0,1.0,71,38,0.17,0.07,0.01,0.05,0.0,0.0,0.87,1.0,mscan,Probe
0,tcp,ssh,REJ,0,0,0,0,0,0,0,0,0,0,0,0,0,0,0,0,0,0,243,8,0.0,0.0,1.0,1.0,0.03,0.07,0.0,255,8,0.03,0.07,0.0,0.0,0.0,0.0,1.0,1.0,neptune,DoS
7570,tcp,telnet,SF,0,44,0,0,0,0,0,0,0,0,0,0,0,0,0,0,0,0,1,1,0.0,0.0,0.0,0.0,1.0,0.0,0.0,255,165,0.65,0.33,0.0,0.0,0.49,0.76,0.33,0.01,processtable,DoS
0,udp,domain_u,SF,42,128,0,0,0,0,0,0,0,0,0,0,0,0,0,0,0,0,54,208,0.0,0.0,0.0,0.0,1.0,0.0,0.01,185,216,0.89,0.01,0.89,0.01,0.0,0.0,0.06,0.0,normal,Normal
0,tcp,http,SF,278,14781,0,0,0,0,0,1,0,0,0,0,0,0,0,0,0,0,1,4,0.0,0.0,0.0,0.0,1.0,0.0,1.0,13,255,1.0,0.0,0.08,0.06,0.0,0.0,0.0,0.0,normal,Normal
0,tcp,http,REJ,0,0,0,0,0,0,0,0,0,0,0,0,0,0,0,0,0,0,104,4,0.0,0.0,1.0,1.0,0.04,0.07,0.0,255,4,0.02,0.06,0.0,0.0,0.4,0.0,0.6,1.0,neptune,DoS
5,tcp,pop_3,SF,25,93,0,0,0,0,0,1,0,0,0,0,0,0,0,0,0,0,1,1,0.0,0.0,0.0,0.0,1.0,0.0,0.0,255,231,0.91,0.02,0.0,0.0,0.0,0.0,0.06,0.0,guess_passwd,R2L
0,tcp,telnet,SF,121,174,0,0,0,0,1,0,0,0,0,0,0,0,0,0,0,0,1,1,0.0,0.0,0.0,0.0,1.0,0.0,0.0,255,230,0.9,0.02,0.0,0.0,0.0,0.0,0.02,0.03,guess_passwd,R2L
0,tcp,http,SF,231,1487,0,0,0,0,0,1,0,0,0,0,0,0,0,0,0,0,7,7,0.0,0.0,0.0,0.0,1.0,0.0,0.0,229,255,1.0,0.0,0.0,0.01,0.0,0.0,0.0,0.0,normal,Normal
0,tcp,http,SF,303,175,0,0,0,0,0,1,0,0,0,0,0,0,0,0,0,0,4,7,0.0,0.0,0.0,0.0,1.0,0.0,0.29,168,255,1.0,0.0,0.01,0.03,0.0,0.0,0.0,0.0,normal,Normal
0,tcp,http,SF,54540,8314,0,0,0,2,0,1,1,0,0,0,0,0,0,0,0,0,4,24,0.0,0.0,0.0,0.0,1.0,0.0,0.17,255,248,0.97,0.01,0.0,0.0,0.0,0.0,0.06,0.06,back,DoS
0,tcp,private,REJ,0,0,0,0,0,0,0,0,0,0,0,0,0,0,0,0,0,0,112,4,0.0,0.0,1.0,1.0,0.04,0.08,0.0,255,4,0.02,0.07,0.0,0.0,0.0,0.0,1.0,1.0,neptune,DoS
0,icmp,ecr_i,SF,1032,0,0,0,0,0,0,0,0,0,0,0,0,0,0,0,0,0,274,274,0.0,0.0,0.0,0.0,1.0,0.0,0.0,255,255,1.0,0.0,1.0,0.0,0.0,0.0,0.0,0.0,smurf,DoS
0,udp,domain_u,SF,45,74,0,0,0,0,0,0,0,0,0,0,0,0,0,0,0,0,122,122,0.0,0.0,0.0,0.0,1.0,0.0,0.0,255,253,0.99,0.01,0.01,0.0,0.0,0.0,0.0,0.0,normal,Normal
0,tcp,http,SF,215,1769,0,0,0,0,0,1,0,0,0,0,0,0,0,0,0,0,32,33,0.0,0.0,0.0,0.0,1.0,0.0,0.06,255,255,1.0,0.0,0.0,0.0,0.01,0.01,0.0,0.0,normal,Normal
0,tcp,http,SF,306,4283,0,0,0,0,0,1,0,0,0,0,0,0,0,0,0,0,20,21,0.0,0.0,0.0,0.0,1.0,0.0,0.1,255,255,1.0,0.0,0.0,0.0,0.0,0.0,0.0,0.0,normal,Normal
2060,tcp,http,RSTR,72564,0,0,0,0,0,0,1,0,0,0,0,0,0,0,0,0,0,8,8,0.0,0.0,1.0,1.0,1.0,0.0,0.0,255,243,0.95,0.01,0.0,0.0,0.02,0.02,0.31,0.33,apache2,DoS
0,tcp,http,SF,203,2996,0,0,0,0,0,1,0,0,0,0,0,0,0,0,0,0,37,37,0.0,0.0,0.0,0.0,1.0,0.0,0.0,255,255,1.0,0.0,0.0,0.0,0.0,0.0,0.0,0.0,normal,Normal
0,tcp,name,REJ,0,0,0,0,0,0,0,0,0,0,0,0,0,0,0,0,0,0,213,18,0.0,0.0,1.0,1.0,0.08,0.06,0.0,255,18,0.07,0.06,0.0,0.0,0.0,0.0,1.0,1.0,neptune,DoS
0,tcp,http,SF,316,4100,0,0,0,0,0,1,0,0,0,0,0,0,0,0,0,0,3,3,0.0,0.0,0.0,0.0,1.0,0.0,0.0,57,246,1.0,0.0,0.02,0.03,0.0,0.0,0.0,0.0,normal,Normal
0,tcp,ftp_data,SF,12,0,0,0,0,0,0,0,0,0,0,0,0,0,0,0,0,0,2,2,0.0,0.0,0.0,0.0,1.0,0.0,0.0,2,13,1.0,0.0,1.0,0.31,0.0,0.0,0.0,0.0,warezmaster,R2L
0,icmp,ecr_i,SF,1008,0,0,0,0,0,0,0,0,0,0,0,0,0,0,0,0,0,92,92,0.0,0.0,0.0,0.0,1.0,0.0,0.0,255,255,1.0,0.0,1.0,0.0,0.0,0.0,0.0,0.0,smurf,DoS
0,tcp,private,REJ,0,0,0,0,0,0,0,0,0,0,0,0,0,0,0,0,0,0,213,8,0.0,0.0,1.0,1.0,0.04,0.06,0.0,255,8,0.03,0.06,0.0,0.0,0.0,0.0,1.0,1.0,neptune,DoS
0,tcp,private,S0,0,0,0,0,0,0,0,0,0,0,0,0,0,0,0,0,0,0,120,6,1.0,1.0,0.0,0.0,0.05,0.07,0.0,255,6,0.02,0.07,0.0,0.0,1.0,1.0,0.0,0.0,neptune,DoS
0,tcp,smtp,REJ,0,0,0,0,0,0,0,0,0,0,0,0,0,0,0,0,0,0,1,2,0.0,0.0,1.0,0.5,1.0,0.0,1.0,255,1,0.0,0.72,0.0,0.0,0.0,0.0,0.05,1.0,normal,Normal
0,tcp,http,SF,201,762,0,0,0,0,0,1,0,0,0,0,0,0,0,0,0,0,5,23,0.0,0.0,0.0,0.0,1.0,0.0,0.17,98,255,1.0,0.0,0.01,0.01,0.0,0.0,0.0,0.0,normal,Normal
20741,udp,other,SF,146,105,0,0,0,0,0,0,0,0,0,0,0,0,0,0,0,0,1,1,0.0,0.0,0.0,0.0,1.0,0.0,0.0,255,7,0.03,0.06,0.18,0.0,0.0,0.0,0.01,0.0,normal,Normal
0,tcp,http,SF,206,1214,0,0,0,0,0,1,0,0,0,0,0,0,0,0,0,0,9,9,0.0,0.0,0.0,0.0,1.0,0.0,0.0,255,255,1.0,0.0,0.0,0.0,0.0,0.0,0.0,0.0,normal,Normal
5,tcp,pop_3,SF,32,93,0,0,0,0,0,1,0,0,0,0,0,0,0,0,0,0,1,1,0.0,0.0,0.0,0.0,1.0,0.0,0.0,89,76,0.84,0.03,0.01,0.03,0.0,0.0,0.11,0.0,guess_passwd,R2L
0,tcp,http,SF,230,49759,0,0,0,0,0,1,0,0,0,0,0,0,0,0,0,0,1,1,0.0,0.0,0.0,0.0,1.0,0.0,0.0,255,255,1.0,0.0,0.0,0.0,0.0,0.0,0.0,0.0,normal,Normal
0,udp,other,SF,1,1,0,0,0,0,0,0,0,0,0,0,0,0,0,0,0,0,410,1,0.0,0.0,0.0,0.0,0.0,1.0,0.0,255,1,0.0,1.0,1.0,0.0,0.0,0.0,0.0,0.0,satan,Probe
0,tcp,private,S0,0,0,0,0,0,0,0,0,0,0,0,0,0,0,0,0,0,0,115,4,0.82,0.5,0.18,0.5,0.03,0.07,0.0,255,4,0.02,0.06,0.0,0.0,0.54,0.5,0.46,0.5,neptune,DoS
0,tcp,ftp,S0,0,0,0,0,0,0,0,0,0,0,0,0,0,0,0,0,0,0,266,18,1.0,1.0,0.0,0.0,0.07,0.06,0.0,255,18,0.07,0.06,0.0,0.0,1.0,1.0,0.0,0.0,neptune,DoS
0,tcp,private,S0,0,0,0,0,0,0,0,0,0,0,0,0,0,0,0,0,0,0,242,7,1.0,1.0,0.0,0.0,0.03,0.06,0.0,255,7,0.03,0.07,0.0,0.0,1.0,1.0,0.0,0.0,neptune,DoS
0,tcp,http,SF,288,175,0,0,0,0,0,1,0,0,0,0,0,0,0,0,0,0,15,15,0.0,0.0,0.0,0.0,1.0,0.0,0.0,15,255,1.0,0.0,0.07,0.03,0.0,0.0,0.0,0.0,normal,Normal
0,tcp,private,SH,0,0,0,0,0,0,0,0,0,0,0,0,0,0,0,0,0,0,1,1,1.0,1.0,0.0,0.0,1.0,0.0,0.0,197,1,0.01,1.0,1.0,0.0,1.0,1.0,0.0,0.0,nmap,Probe
0,tcp,http,SF,173,3917,0,0,0,0,0,1,0,0,0,0,0,0,0,0,0,0,4,20,0.0,0.0,0.0,0.0,1.0,0.0,0.2,21,255,1.0,0.0,0.05,0.01,0.0,0.0,0.0,0.0,normal,Normal
0,icmp,ecr_i,SF,1032,0,0,0,0,0,0,0,0,0,0,0,0,0,0,0,0,0,509,509,0.0,0.0,0.0,0.0,1.0,0.0,0.0,31,30,0.97,0.06,0.97,0.0,0.0,0.0,0.0,0.0,smurf,DoS
0,tcp,private,REJ,0,0,0,0,0,0,0,0,0,0,0,0,0,0,0,0,0,0,250,16,0.0,0.0,1.0,1.0,0.06,0.06,0.0,255,16,0.06,0.08,0.0,0.0,0.0,0.0,1.0,1.0,neptune,DoS
280,tcp,ftp_data,SF,283618,0,0,0,0,0,0,0,0,0,0,0,0,0,0,0,0,0,2,2,0.0,0.0,0.0,0.0,1.0,0.0,0.0,12,12,1.0,0.0,1.0,0.0,0.0,0.0,0.0,0.0,warezmaster,R2L
0,tcp,telnet,S3,0,44,0,0,0,0,0,0,0,0,0,0,0,0,0,0,0,0,1,1,1.0,1.0,0.0,0.0,1.0,0.0,0.0,255,126,0.49,0.02,0.0,0.0,0.53,0.41,0.01,0.01,processtable,DoS
0,tcp,http,SF,359,283,0,0,0,0,0,1,0,0,0,0,0,0,0,0,0,0,2,3,0.0,0.0,0.0,0.0,1.0,0.0,0.67,2,255,1.0,0.0,0.5,0.01,0.0,0.0,0.0,0.0,normal,Normal
0,tcp,smtp,SF,604,435,0,0,0,0,0,1,0,0,0,0,0,0,0,0,0,0,1,2,0.0,0.0,0.0,0.0,1.0,0.0,1.0,255,11,0.04,0.06,0.0,0.0,0.0,0.0,0.95,0.0,normal,Normal
0,tcp,ctf,REJ,0,0,0,0,0,0,0,0,0,0,0,0,0,0,0,0,0,0,245,5,0.0,0.0,1.0,1.0,0.02,0.06,0.0,255,5,0.02,0.07,0.0,0.0,0.0,0.0,1.0,1.0,neptune,DoS
0,tcp,private,REJ,0,0,0,0,0,0,0,0,0,0,0,0,0,0,0,0,0,0,214,6,0.71,0.0,0.29,1.0,0.03,0.07,0.0,255,6,0.02,0.08,0.0,0.0,0.7,0.0,0.3,1.0,neptune,DoS
0,icmp,ecr_i,SF,508,0,0,0,0,0,0,0,0,0,0,0,0,0,0,0,0,0,14,14,0.0,0.0,0.0,0.0,1.0,0.0,0.0,255,255,1.0,0.0,1.0,0.0,0.0,0.0,0.0,0.0,smurf,DoS
0,tcp,rje,S0,0,0,0,0,0,0,0,0,0,0,0,0,0,0,0,0,0,0,150,20,1.0,1.0,0.0,0.0,0.13,0.06,0.0,255,20,0.08,0.05,0.0,0.0,1.0,1.0,0.0,0.0,neptune,DoS
0,tcp,telnet,S0,0,0,0,0,0,0,0,0,0,0,0,0,0,0,0,0,0,0,1,10,1.0,0.4,0.0,0.2,1.0,0.0,0.7,76,86,0.34,0.04,0.03,0.03,1.0,1.0,0.0,0.0,mscan,Probe
0,tcp,other,SF,240,611,0,0,0,0,0,0,0,0,0,0,0,0,0,0,0,0,2,2,0.0,0.0,0.0,0.0,1.0,0.0,0.0,255,21,0.08,0.02,0.0,0.0,0.0,0.0,0.08,0.86,httptunnel,R2L
0,tcp,ftp,RSTO,0,0,0,0,0,0,0,0,0,0,0,0,0,0,0,0,0,0,220,13,0.0,0.0,1.0,1.0,0.06,0.06,0.0,255,13,0.05,0.07,0.0,0.0,0.0,0.0,1.0,1.0,neptune,DoS
0,tcp,http,SF,306,2239,0,0,0,0,0,1,0,0,0,0,0,0,0,0,0,0,3,3,0.0,0.0,0.0,0.0,1.0,0.0,0.0,255,253,0.99,0.01,0.0,0.0,0.0,0.0,0.0,0.0,normal,Normal
0,udp,private,SF,46,43,0,0,0,0,0,0,0,0,0,0,0,0,0,0,0,0,25,25,0.0,0.0,0.0,0.0,1.0,0.0,0.0,255,255,1.0,0.0,0.09,0.0,0.0,0.0,0.0,0.0,normal,Normal
0,tcp,other,REJ,0,0,0,0,0,0,0,0,0,0,0,0,0,0,0,0,0,0,381,1,0.15,0.0,0.83,1.0,0.0,1.0,0.0,255,1,0.0,0.98,0.0,0.0,0.07,0.0,0.91,1.0,satan,Probe
0,tcp,private,REJ,0,0,0,0,0,0,0,0,0,0,0,0,0,0,0,0,0,0,139,11,0.0,0.0,1.0,1.0,0.08,0.06,0.0,255,11,0.04,0.05,0.0,0.0,0.0,0.0,1.0,1.0,neptune,DoS
0,udp,domain_u,SF,45,115,0,0,0,0,0,0,0,0,0,0,0,0,0,0,0,0,3,6,0.0,0.0,0.0,0.0,1.0,0.0,0.33,255,252,0.99,0.01,0.0,0.0,0.0,0.0,0.0,0.0,normal,Normal
0,udp,domain_u,SF,43,81,0,0,0,0,0,0,0,0,0,0,0,0,0,0,0,0,146,146,0.0,0.0,0.0,0.0,1.0,0.0,0.0,73,50,0.68,0.03,0.01,0.0,0.0,0.0,0.0,0.0,normal,Normal
0,tcp,http,S0,0,0,0,0,0,0,0,0,0,0,0,0,0,0,0,0,0,0,7,7,1.0,1.0,0.0,0.0,1.0,0.0,0.0,255,7,0.03,0.07,0.0,0.0,0.83,1.0,0.02,0.0,neptune,DoS
0,tcp,telnet,SF,122,174,0,0,0,0,1,0,0,0,0,0,0,0,0,0,0,0,1,1,0.0,0.0,0.0,0.0,1.0,0.0,0.0,255,254,1.0,0.01,0.0,0.0,0.01,0.01,0.01,0.01,guess_passwd,R2L
0,tcp,other,REJ,0,0,0,0,0,0,0,0,0,0,0,0,0,0,0,0,0,0,490,1,0.05,0.0,0.95,1.0,0.0,1.0,0.0,255,1,0.0,1.0,0.0,0.0,0.04,0.0,0.96,1.0,saint,Probe
0,tcp,ftp,SF,26,157,0,0,0,0,1,0,0,0,0,0,0,0,0,0,0,1,1,1,0.0,0.0,0.0,0.0,1.0,0.0,0.0,69,39,0.57,0.06,0.01,0.0,0.0,0.0,0.0,0.0,guess_passwd,R2L
0,tcp,http,SF,334,1365,0,0,0,0,0,1,0,0,0,0,0,0,0,0,0,0,10,10,0.0,0.0,0.0,0.0,1.0,0.0,0.0,255,255,1.0,0.0,0.0,0.0,0.0,0.0,0.0,0.0,normal,Normal
0,udp,private,SF,52,55,0,0,0,0,0,0,0,0,0,0,0,0,0,0,0,0,508,508,0.0,0.0,0.0,0.0,1.0,0.0,0.0,255,255,1.0,0.0,0.82,0.0,0.0,0.0,0.0,0.0,normal,Normal
0,tcp,private,REJ,0,0,0,0,0,0,0,0,0,0,0,0,0,0,0,0,0,0,280,5,0.0,0.0,1.0,1.0,0.02,0.06,0.0,255,5,0.02,0.06,0.0,0.0,0.0,0.0,1.0,1.0,neptune,DoS
0,tcp,private,SH,0,0,0,0,0,0,0,0,0,0,0,0,0,0,0,0,0,0,1,1,1.0,1.0,0.0,0.0,1.0,0.0,0.0,151,1,0.01,1.0,1.0,0.0,1.0,1.0,0.0,0.0,nmap,Probe
0,icmp,ecr_i,SF,30,0,0,0,0,0,0,0,0,0,0,0,0,0,0,0,0,0,1,1,0.0,0.0,0.0,0.0,1.0,0.0,0.0,101,101,1.0,0.0,1.0,0.0,0.0,0.0,0.0,0.0,normal,Normal
0,icmp,ecr_i,SF,520,0,0,0,0,0,0,0,0,0,0,0,0,0,0,0,0,0,511,511,0.0,0.0,0.0,0.0,1.0,0.0,0.0,251,251,1.0,0.0,1.0,0.0,0.0,0.0,0.0,0.0,smurf,DoS
0,tcp,finger,RSTO,0,0,0,0,0,0,0,0,0,0,0,0,0,0,0,0,0,0,245,19,0.0,0.0,1.0,1.0,0.08,0.07,0.0,255,19,0.07,0.07,0.0,0.0,0.0,0.0,1.0,1.0,neptune,DoS
0,tcp,http,SF,54540,8314,0,0,0,2,0,1,1,0,0,0,0,0,0,0,0,0,4,14,0.0,0.0,0.0,0.0,1.0,0.0,0.14,255,255,1.0,0.0,0.0,0.0,0.01,0.01,0.05,0.05,back,DoS
0,tcp,http,SF,338,350,0,0,0,0,0,1,0,0,0,0,0,0,0,0,0,0,14,14,0.0,0.0,0.0,0.0,1.0,0.0,0.0,255,255,1.0,0.0,0.0,0.0,0.0,0.0,0.0,0.0,normal,Normal
0,tcp,uucp,RSTO,0,0,0,0,0,0,0,0,0,0,0,0,0,0,0,0,0,0,125,10,0.0,0.0,1.0,1.0,0.08,0.06,0.0,255,10,0.04,0.06,0.0,0.0,0.0,0.0,1.0,1.0,neptune,DoS
0,tcp,http,SF,266,449,0,0,0,0,0,1,0,0,0,0,0,0,0,0,0,0,11,11,0.0,0.0,0.0,0.0,1.0,0.0,0.0,26,255,1.0,0.0,0.04,0.02,0.0,0.0,0.0,0.0,normal,Normal
0,tcp,private,REJ,0,0,0,0,0,0,0,0,0,0,0,0,0,0,0,0,0,0,222,10,0.0,0.0,1.0,1.0,0.05,0.06,0.0,255,10,0.04,0.08,0.0,0.0,0.0,0.0,1.0,1.0,neptune,DoS
0,udp,domain_u,SF,44,71,0,0,0,0,0,0,0,0,0,0,0,0,0,0,0,0,116,115,0.0,0.0,0.0,0.0,0.99,0.02,0.0,255,253,0.99,0.01,0.01,0.0,0.0,0.0,0.0,0.0,normal,Normal
0,tcp,sunrpc,RSTO,0,0,0,0,0,0,0,0,0,0,0,0,0,0,0,0,0,0,2,1,0.0,0.0,1.0,1.0,0.5,1.0,0.0,255,1,0.0,1.0,1.0,0.0,0.0,0.0,1.0,1.0,portsweep,Probe
0,tcp,private,S0,0,0,0,0,0,0,0,0,0,0,0,0,0,0,0,0,0,0,270,7,1.0,1.0,0.0,0.0,0.03,0.06,0.0,255,7,0.03,0.07,0.0,0.0,1.0,1.0,0.0,0.0,neptune,DoS
0,tcp,http,SF,322,769,0,0,0,0,0,1,0,0,0,0,0,0,0,0,0,0,12,26,0.0,0.0,0.0,0.0,1.0,0.0,0.23,215,255,1.0,0.0,0.0,0.02,0.0,0.0,0.0,0.0,normal,Normal
0,icmp,ecr_i,SF,30,0,0,0,0,0,0,0,0,0,0,0,0,0,0,0,0,0,1,1,0.0,0.0,0.0,0.0,1.0,0.0,0.0,8,11,1.0,0.0,1.0,0.18,0.0,0.0,0.0,0.0,normal,Normal
0,udp,other,SF,1,1,0,0,0,0,0,0,0,0,0,0,0,0,0,0,0,0,141,1,0.0,0.0,0.0,0.0,0.01,1.0,0.0,255,1,0.0,1.0,1.0,0.0,0.0,0.0,0.0,0.0,satan,Probe
0,icmp,ecr_i,SF,1032,0,0,0,0,0,0,0,0,0,0,0,0,0,0,0,0,0,318,318,0.0,0.0,0.0,0.0,1.0,0.0,0.0,255,255,1.0,0.0,1.0,0.0,0.0,0.0,0.0,0.0,smurf,DoS
0,tcp,http,S0,0,0,0,0,0,0,0,0,0,0,0,0,0,0,0,0,0,0,102,102,1.0,1.0,0.0,0.0,1.0,0.0,0.0,255,255,1.0,0.0,0.0,0.0,0.62,0.62,0.35,0.35,apache2,DoS
0,tcp,http,SF,307,3842,0,0,0,0,0,1,0,0,0,0,0,0,0,0,0,0,4,4,0.0,0.0,0.0,0.0,1.0,0.0,0.0,4,249,1.0,0.0,0.25,0.05,0.0,0.0,0.0,0.0,normal,Normal
0,tcp,private,REJ,0,0,0,0,0,0,0,0,0,0,0,0,0,0,0,0,0,0,125,17,0.0,0.0,1.0,1.0,0.14,0.06,0.0,255,17,0.07,0.06,0.0,0.0,0.0,0.0,1.0,1.0,neptune,DoS
0,tcp,whois,S0,0,0,0,0,0,0,0,0,0,0,0,0,0,0,0,0,0,0,226,5,1.0,1.0,0.0,0.0,0.02,0.06,0.0,255,5,0.02,0.07,0.0,0.0,1.0,1.0,0.0,0.0,neptune,DoS
0,udp,domain_u,SF,45,45,0,0,0,0,0,0,0,0,0,0,0,0,0,0,0,0,6,10,0.0,0.0,0.0,0.0,1.0,0.0,0.2,255,250,0.98,0.01,0.01,0.0,0.0,0.0,0.0,0.0,normal,Normal
0,tcp,smtp,SF,1407,331,0,0,0,0,0,1,0,0,0,0,0,0,0,0,0,0,1,2,0.0,0.0,0.0,0.0,1.0,0.0,1.0,137,150,0.42,0.05,0.01,0.01,0.0,0.0,0.02,0.02,normal,Normal
0,tcp,http,SF,230,5388,0,0,0,0,0,1,0,0,0,0,0,0,0,0,0,0,1,1,0.0,0.0,0.0,0.0,1.0,0.0,0.0,91,255,1.0,0.0,0.01,0.02,0.0,0.0,0.0,0.0,normal,Normal
2072,tcp,http,RSTR,56504,0,0,0,0,0,0,1,0,0,0,0,0,0,0,0,0,0,10,10,0.1,0.1,0.9,0.9,1.0,0.0,0.0,255,242,0.95,0.01,0.0,0.0,0.02,0.02,0.26,0.27,apache2,DoS
0,tcp,http,SF,306,1582,0,0,0,0,0,1,0,0,0,0,0,0,0,0,0,0,20,20,0.0,0.0,0.0,0.0,1.0,0.0,0.0,213,255,1.0,0.0,0.0,0.02,0.0,0.0,0.0,0.0,normal,Normal
0,tcp,time,SF,0,4,0,0,0,0,0,0,0,0,0,0,0,0,0,0,0,0,1,1,0.0,0.0,0.0,0.0,1.0,0.0,0.0,10,8,0.8,0.2,0.1,0.0,0.0,0.0,0.0,0.0,normal,Normal
0,icmp,ecr_i,SF,1032,0,0,0,0,0,0,0,0,0,0,0,0,0,0,0,0,0,324,324,0.0,0.0,0.0,0.0,1.0,0.0,0.0,255,255,1.0,0.0,1.0,0.0,0.0,0.0,0.0,0.0,smurf,DoS
0,icmp,eco_i,SF,40008,0,0,0,0,0,0,0,0,0,0,0,0,0,0,0,0,0,3,3,0.0,0.0,0.0,0.0,1.0,0.0,0.0,117,145,0.06,0.04,0.06,0.48,0.0,0.0,0.03,0.0,normal,Normal
0,tcp,private,REJ,0,0,0,0,0,0,0,0,0,0,0,0,0,0,0,0,0,0,261,8,0.13,0.0,0.87,1.0,0.03,0.07,0.0,255,8,0.03,0.07,0.0,0.0,0.14,0.0,0.86,1.0,neptune,DoS
0,tcp,http,SF,229,772,0,0,0,0,0,1,0,0,0,0,0,0,0,0,0,0,13,13,0.0,0.0,0.0,0.0,1.0,0.0,0.0,13,247,1.0,0.0,0.08,0.02,0.0,0.0,0.0,0.0,normal,Normal
0,tcp,ftp_data,SF,40494,0,0,0,0,0,0,0,0,0,0,0,0,0,0,0,0,0,9,9,0.0,0.0,0.0,0.0,1.0,0.0,0.0,88,38,0.22,0.05,0.22,0.05,0.0,0.0,0.0,0.0,normal,Normal
4,tcp,pop_3,SF,27,93,0,0,0,0,0,1,0,0,0,0,0,0,0,0,0,0,1,1,0.0,0.0,0.0,0.0,1.0,0.0,0.0,255,223,0.87,0.02,0.0,0.0,0.0,0.0,0.02,0.0,guess_passwd,R2L
4,tcp,pop_3,SF,28,93,0,0,0,0,0,1,0,0,0,0,0,0,0,0,0,0,1,1,0.0,0.0,0.0,0.0,1.0,0.0,0.0,255,236,0.93,0.01,0.0,0.0,0.0,0.0,0.04,0.0,guess_passwd,R2L
282,tcp,ftp,SF,164,601,0,0,0,2,0,1,0,0,0,0,0,0,0,0,0,1,3,1,0.0,0.0,0.0,0.0,0.33,0.67,0.0,255,1,0.0,0.04,0.0,0.0,0.0,0.0,0.03,0.0,warezmaster,R2L
0,udp,domain_u,SF,44,130,0,0,0,0,0,0,0,0,0,0,0,0,0,0,0,0,112,192,0.0,0.0,0.0,0.0,0.99,0.02,0.01,255,254,1.0,0.01,0.0,0.0,0.0,0.0,0.0,0.0,normal,Normal
0,tcp,private,S0,0,0,0,0,0,0,0,0,0,0,0,0,0,0,0,0,0,0,137,9,1.0,1.0,0.0,0.0,0.07,0.06,0.0,255,9,0.04,0.06,0.0,0.0,1.0,1.0,0.0,0.0,neptune,DoS
0,tcp,private,REJ,0,0,0,0,0,0,0,0,0,0,0,0,0,0,0,0,0,0,250,19,0.0,0.0,1.0,1.0,0.08,0.06,0.0,255,19,0.07,0.06,0.0,0.0,0.0,0.0,1.0,1.0,neptune,DoS
0,tcp,http,SF,295,1269,0,0,0,0,0,1,0,0,0,0,0,0,0,0,0,0,1,2,0.0,0.0,0.0,0.0,1.0,0.0,1.0,1,255,1.0,0.0,1.0,0.04,0.0,0.0,0.0,0.0,normal,Normal
1,tcp,smtp,SF,1292,331,0,0,0,0,0,1,0,0,0,0,0,0,0,0,0,0,1,4,0.0,0.0,0.0,0.0,1.0,0.0,1.0,133,104,0.78,0.03,0.01,0.0,0.0,0.0,0.0,0.0,normal,Normal
1,tcp,telnet,SF,24,109,0,0,0,0,0,0,0,0,0,0,0,0,0,0,0,0,3,2,0.0,0.0,0.67,0.0,0.33,1.0,1.0,146,84,0.32,0.03,0.01,0.02,0.0,0.0,0.9,0.7,mscan,Probe
0,tcp,http,SF,229,2494,0,0,0,0,0,1,0,0,0,0,0,0,0,0,0,0,10,10,0.0,0.0,0.0,0.0,1.0,0.0,0.0,218,255,1.0,0.0,0.0,0.03,0.0,0.0,0.0,0.0,normal,Normal
0,udp,private,SF,45,44,0,0,0,0,0,0,0,0,0,0,0,0,0,0,0,0,511,511,0.0,0.0,0.0,0.0,1.0,0.0,0.0,255,255,1.0,0.0,0.85,0.0,0.0,0.0,0.0,0.0,normal,Normal
0,tcp,http,SF,219,14999,0,0,0,0,0,1,0,0,0,0,0,0,0,0,0,0,7,8,0.0,0.0,0.0,0.0,1.0,0.0,0.25,105,255,1.0,0.0,0.01,0.01,0.0,0.0,0.0,0.0,normal,Normal
0,tcp,http,SF,254,4328,0,0,0,0,0,1,0,0,0,0,0,0,0,0,0,0,5,5,0.0,0.0,0.0,0.0,1.0,0.0,0.0,132,255,1.0,0.0,0.01,0.03,0.0,0.0,0.0,0.0,normal,Normal
0,tcp,private,S0,0,0,0,0,0,0,0,0,0,0,0,0,0,0,0,0,0,0,141,6,1.0,1.0,0.0,0.0,0.04,0.1,0.0,255,6,0.02,0.09,0.0,0.0,1.0,1.0,0.0,0.0,neptune,DoS
280,tcp,ftp_data,SF,283618,0,0,0,0,0,0,0,0,0,0,0,0,0,0,0,0,0,2,2,0.0,0.0,0.0,0.0,1.0,0.0,0.0,8,30,1.0,0.0,1.0,0.17,0.0,0.0,0.0,0.0,warezmaster,R2L
0,tcp,private,REJ,0,0,0,0,0,0,0,0,0,0,0,0,0,0,0,0,0,0,130,8,0.0,0.0,1.0,1.0,0.06,0.06,0.0,255,8,0.03,0.06,0.0,0.0,0.0,0.0,1.0,1.0,neptune,DoS
7,tcp,pop_3,SF,30,93,0,0,0,0,0,1,0,0,0,0,0,0,0,0,0,0,2,1,0.0,0.0,0.0,0.0,0.5,1.0,0.0,255,249,0.98,0.01,0.0,0.0,0.0,0.0,0.02,0.0,guess_passwd,R2L
0,udp,private,SF,44,44,0,0,0,0,0,0,0,0,0,0,0,0,0,0,0,0,1,1,0.0,0.0,0.0,0.0,1.0,0.0,0.0,255,255,1.0,0.0,0.01,0.0,0.0,0.0,0.0,0.0,snmpguess,R2L
282,tcp,ftp,SF,153,593,0,0,0,2,0,1,0,0,0,0,0,0,0,0,0,1,1,1,0.0,0.0,0.0,0.0,1.0,0.0,0.0,255,14,0.05,0.72,0.0,0.0,0.0,0.0,0.73,0.07,warezmaster,R2L
4,tcp,pop_3,SF,32,93,0,0,0,0,0,1,0,0,0,0,0,0,0,0,0,0,1,1,0.0,0.0,0.0,0.0,1.0,0.0,0.0,27,28,1.0,0.0,0.04,0.07,0.0,0.0,0.0,0.0,guess_passwd,R2L
0,tcp,http,SF,336,7143,0,0,0,0,0,1,0,0,0,0,0,0,0,0,0,0,5,5,0.0,0.0,0.0,0.0,1.0,0.0,0.0,255,255,1.0,0.0,0.0,0.0,0.0,0.0,0.0,0.0,normal,Normal
2058,tcp,http,RSTR,72564,0,0,0,0,0,0,1,0,0,0,0,0,0,0,0,0,0,8,8,0.0,0.0,1.0,1.0,1.0,0.0,0.0,255,244,0.96,0.01,0.0,0.0,0.02,0.02,0.45,0.48,apache2,DoS
280,tcp,ftp_data,SF,283618,0,0,0,0,0,0,0,0,0,0,0,0,0,0,0,0,0,2,3,0.0,0.0,0.0,0.0,1.0,0.0,0.67,2,2,1.0,0.0,1.0,0.0,0.0,0.0,0.0,0.0,warezmaster,R2L
0,udp,private,SF,1,1,0,0,0,0,0,0,0,0,0,0,0,0,0,0,0,0,10,1,0.0,0.0,0.0,0.0,0.1,0.3,0.0,255,1,0.0,0.21,0.92,0.0,0.0,0.0,0.05,0.0,saint,Probe
3,tcp,pop_3,RSTO,0,36,0,0,0,0,0,1,0,0,0,0,0,0,0,0,0,0,2,1,0.0,0.0,0.5,1.0,0.5,1.0,0.0,86,61,0.27,0.06,0.01,0.03,0.0,0.0,0.91,1.0,mscan,Probe
0,tcp,telnet,S0,0,0,0,0,0,0,0,0,0,0,0,0,0,0,0,0,0,0,116,116,1.0,1.0,0.0,0.0,1.0,0.0,0.0,255,255,1.0,0.0,0.0,0.0,1.0,1.0,0.0,0.0,neptune,DoS
3,tcp,telnet,SF,24,109,0,0,0,0,0,0,0,0,0,0,0,0,0,0,0,0,1,10,0.0,0.1,0.0,0.4,1.0,0.0,0.6,90,83,0.32,0.06,0.01,0.02,0.0,0.0,0.9,0.7,mscan,Probe
1,tcp,smtp,SF,2599,293,0,0,0,0,0,1,0,0,0,0,0,0,0,0,0,0,2,2,0.0,0.0,0.0,0.0,1.0,0.0,0.0,255,246,0.96,0.04,0.0,0.0,0.0,0.0,0.03,0.0,mailbomb,DoS
0,udp,private,SF,1,1,0,0,0,0,0,0,0,0,0,0,0,0,0,0,0,0,18,1,0.0,0.0,0.0,0.0,0.06,0.56,0.0,255,1,0.0,0.73,1.0,0.0,0.0,0.0,0.0,0.0,satan,Probe
0,tcp,http,SF,271,285,0,0,0,0,0,1,0,0,0,0,0,0,0,0,0,0,4,4,0.0,0.0,0.0,0.0,1.0,0.0,0.0,255,255,1.0,0.0,0.0,0.0,0.0,0.0,0.0,0.0,normal,Normal
0,tcp,http,SF,218,11135,0,0,0,0,0,1,0,0,0,0,0,0,0,0,0,0,6,9,0.0,0.0,0.0,0.0,1.0,0.0,0.33,255,255,1.0,0.0,0.0,0.0,0.0,0.0,0.0,0.0,normal,Normal
0,tcp,http,SF,233,2006,0,0,0,0,0,1,0,0,0,0,0,0,0,0,0,0,9,9,0.0,0.0,0.0,0.0,1.0,0.0,0.0,255,255,1.0,0.0,0.0,0.0,0.0,0.0,0.0,0.0,normal,Normal
0,tcp,http,SF,241,2003,0,0,0,0,0,1,0,0,0,0,0,0,0,0,0,0,2,2,0.0,0.0,0.0,0.0,1.0,0.0,0.0,63,255,1.0,0.0,0.02,0.04,0.0,0.0,0.0,0.0,normal,Normal
0,udp,domain_u,SF,36,96,0,0,0,0,0,0,0,0,0,0,0,0,0,0,0,0,2,11,0.0,0.0,0.0,0.0,1.0,0.0,0.55,13,10,0.77,0.15,0.15,0.0,0.0,0.0,0.0,0.0,normal,Normal
0,tcp,telnet,RSTO,0,15,0,0,0,0,0,0,0,0,0,0,0,0,0,0,0,0,1,6,0.0,0.17,1.0,0.33,1.0,0.0,0.67,175,88,0.34,0.03,0.01,0.02,0.01,0.01,0.87,0.62,mscan,Probe
0,tcp,http,SF,214,1338,0,0,0,0,0,1,0,0,0,0,0,0,0,0,0,0,40,47,0.0,0.0,0.0,0.0,1.0,0.0,0.04,40,255,1.0,0.0,0.03,0.02,0.0,0.0,0.0,0.0,normal,Normal
0,tcp,smtp,SF,2113,332,0,0,0,0,0,1,0,0,0,0,0,0,0,0,0,0,1,1,0.0,0.0,0.0,0.0,1.0,0.0,0.0,32,175,0.25,0.09,0.03,0.02,0.0,0.01,0.03,0.05,normal,Normal
796,tcp,http,RSTR,59424,0,0,0,0,0,0,1,0,0,0,0,0,0,0,0,0,0,75,75,0.03,0.03,0.97,0.97,1.0,0.0,0.0,255,253,0.99,0.01,0.0,0.0,0.01,0.01,0.36,0.36,apache2,DoS
0,tcp,private,REJ,0,0,0,0,0,0,0,0,0,0,0,0,0,0,0,0,0,0,190,15,0.0,0.0,1.0,1.0,0.08,0.06,0.0,255,15,0.06,0.06,0.0,0.0,0.0,0.0,1.0,1.0,neptune,DoS
0,tcp,http,SF,213,174,0,0,0,0,0,1,0,0,0,0,0,0,0,0,0,0,1,1,0.0,0.0,0.0,0.0,1.0,0.0,0.0,84,255,1.0,0.0,0.01,0.01,0.01,0.0,0.0,0.0,normal,Normal
0,tcp,pop_3,RSTO,0,36,0,0,0,0,0,1,0,0,0,0,0,0,0,0,0,0,1,3,0.0,0.0,1.0,1.0,1.0,0.0,1.0,211,57,0.24,0.02,0.0,0.04,0.0,0.0,0.88,0.98,mscan,Probe
0,tcp,http,SF,249,942,0,0,0,0,0,1,0,0,0,0,0,0,0,0,0,0,3,3,0.0,0.0,0.0,0.0,1.0,0.0,0.0,255,255,1.0,0.0,0.0,0.0,0.0,0.0,0.0,0.0,normal,Normal
0,icmp,ecr_i,SF,1008,0,0,0,0,0,0,0,0,0,0,0,0,0,0,0,0,0,370,370,0.0,0.0,0.0,0.0,1.0,0.0,0.0,255,255,1.0,0.0,1.0,0.0,0.0,0.0,0.0,0.0,smurf,DoS
0,tcp,http,SF,336,12403,0,0,0,0,0,1,0,0,0,0,0,0,0,0,0,0,15,15,0.0,0.0,0.0,0.0,1.0,0.0,0.0,255,255,1.0,0.0,0.0,0.0,0.0,0.0,0.0,0.0,normal,Normal
0,udp,private,SF,1,0,0,0,0,0,0,0,0,0,0,0,0,0,0,0,0,0,23,21,0.0,0.0,0.0,0.0,0.91,0.09,0.0,255,21,0.08,0.58,0.95,0.0,0.01,0.0,0.03,0.0,normal,Normal
0,tcp,ctf,REJ,0,0,0,0,0,0,0,0,0,0,0,0,0,0,0,0,0,0,282,5,0.0,0.0,1.0,1.0,0.02,0.06,0.0,255,5,0.02,0.06,0.0,0.0,0.0,0.0,1.0,1.0,neptune,DoS
0,icmp,ecr_i,SF,1032,0,0,0,0,0,0,0,0,0,0,0,0,0,0,0,0,0,276,276,0.0,0.0,0.0,0.0,1.0,0.0,0.0,255,255,1.0,0.0,1.0,0.0,0.0,0.0,0.0,0.0,smurf,DoS
282,tcp,ftp,SF,162,599,0,0,0,2,0,1,0,0,0,0,0,0,0,0,0,1,1,1,0.0,0.0,0.0,0.0,1.0,0.0,0.0,255,94,0.37,0.03,0.0,0.0,0.0,0.0,0.0,0.0,warezmaster,R2L
0,udp,domain_u,SF,44,44,0,0,0,0,0,0,0,0,0,0,0,0,0,0,0,0,177,177,0.0,0.0,0.0,0.0,1.0,0.0,0.0,255,228,0.89,0.01,0.01,0.0,0.0,0.0,0.0,0.0,normal,Normal
1,tcp,smtp,SF,2599,293,0,0,0,0,0,1,0,0,0,0,0,0,0,0,0,0,2,2,0.0,0.0,0.0,0.0,1.0,0.0,0.0,255,194,0.76,0.13,0.0,0.0,0.0,0.0,0.23,0.0,mailbomb,DoS
0,tcp,http,SF,175,1465,0,0,0,0,0,1,0,0,0,0,0,0,0,0,0,0,1,1,0.0,0.0,0.0,0.0,1.0,0.0,0.0,255,255,1.0,0.0,0.0,0.0,0.0,0.0,0.0,0.0,normal,Normal
0,tcp,http,SF,236,5551,0,0,0,0,0,1,0,0,0,0,0,0,0,0,0,0,11,11,0.0,0.0,0.0,0.0,1.0,0.0,0.0,11,255,1.0,0.0,0.09,0.04,0.0,0.0,0.0,0.0,normal,Normal
0,tcp,http,SF,223,7324,0,0,0,0,0,1,0,0,0,0,0,0,0,0,0,0,19,20,0.0,0.0,0.0,0.0,1.0,0.0,0.1,255,255,1.0,0.0,0.01,0.0,0.0,0.0,0.0,0.0,normal,Normal
0,tcp,http,SF,259,930,0,0,0,0,0,1,0,0,0,0,0,0,0,0,0,0,7,7,0.0,0.0,0.0,0.0,1.0,0.0,0.0,255,255,1.0,0.0,0.0,0.0,0.0,0.0,0.0,0.0,normal,Normal
0,tcp,gopher,REJ,0,0,0,0,0,0,0,0,0,0,0,0,0,0,0,0,0,0,203,10,0.0,0.0,1.0,1.0,0.05,0.06,0.0,255,10,0.04,0.07,0.0,0.0,0.0,0.0,1.0,1.0,neptune,DoS
0,tcp,http,SF,227,371,0,0,0,0,0,1,0,0,0,0,0,0,0,0,0,0,3,5,0.0,0.0,0.0,0.0,1.0,0.0,0.6,134,255,1.0,0.0,0.01,0.01,0.0,0.0,0.0,0.0,normal,Normal
0,tcp,sunrpc,RSTO,0,0,0,0,0,0,0,0,0,0,0,0,0,0,0,0,0,0,253,17,0.0,0.0,1.0,1.0,0.07,0.07,0.0,255,17,0.07,0.07,0.0,0.0,0.0,0.0,1.0,1.0,neptune,DoS
0,tcp,http,SF,264,14839,0,0,0,0,0,1,0,0,0,0,0,0,0,0,0,0,1,1,0.0,0.0,0.0,0.0,1.0,0.0,0.0,255,255,1.0,0.0,0.0,0.0,0.0,0.0,0.0,0.0,normal,Normal
0,tcp,http,REJ,0,0,0,0,0,0,0,0,0,0,0,0,0,0,0,0,0,0,1,2,0.0,0.0,1.0,0.5,1.0,0.0,1.0,255,23,0.09,0.91,0.0,0.0,0.13,0.0,0.87,1.0,normal,Normal
0,tcp,private,REJ,0,0,0,0,0,0,0,0,0,0,0,0,0,0,0,0,0,0,138,17,0.0,0.0,1.0,1.0,0.12,0.06,0.0,255,17,0.07,0.06,0.0,0.0,0.0,0.0,1.0,1.0,neptune,DoS
0,tcp,login,S0,0,0,0,0,0,0,0,0,0,0,0,0,0,0,0,0,0,0,31,1,1.0,1.0,0.0,0.0,0.03,0.23,0.0,255,1,0.0,0.17,0.0,0.0,1.0,1.0,0.0,0.0,neptune,DoS
0,icmp,ecr_i,SF,1032,0,0,0,0,0,0,0,0,0,0,0,0,0,0,0,0,0,409,409,0.0,0.0,0.0,0.0,1.0,0.0,0.0,255,255,1.0,0.0,1.0,0.0,0.0,0.0,0.0,0.0,smurf,DoS
0,tcp,Z39_50,REJ,0,0,0,0,0,0,0,0,0,0,0,0,0,0,0,0,0,0,230,17,0.0,0.0,1.0,1.0,0.07,0.06,0.0,255,17,0.07,0.07,0.0,0.0,0.0,0.0,1.0,1.0,neptune,DoS
0,tcp,telnet,SF,118,174,0,0,0,0,1,0,0,0,0,0,0,0,0,0,0,0,1,1,0.0,0.0,0.0,0.0,1.0,0.0,0.0,255,255,1.0,0.0,0.0,0.0,0.0,0.0,0.02,0.02,guess_passwd,R2L
0,udp,private,SF,47,44,0,0,0,0,0,0,0,0,0,0,0,0,0,0,0,0,152,152,0.0,0.0,0.0,0.0,1.0,0.0,0.0,255,255,1.0,0.0,0.59,0.0,0.0,0.0,0.0,0.0,normal,Normal
0,tcp,telnet,SF,0,15,0,0,0,0,0,0,0,0,0,0,0,0,0,0,0,0,1,3,0.0,0.0,0.0,0.33,1.0,0.0,0.67,255,35,0.14,0.03,0.0,0.0,0.0,0.0,0.35,0.74,mscan,Probe
280,tcp,ftp_data,SF,283618,0,0,0,0,0,0,0,0,0,0,0,0,0,0,0,0,0,2,2,0.0,0.0,0.0,0.0,1.0,0.0,0.0,8,12,1.0,0.0,1.0,0.17,0.0,0.0,0.0,0.0,warezmaster,R2L
0,tcp,smtp,SF,871,405,0,0,0,0,0,1,0,0,0,0,0,0,0,0,0,0,1,2,0.0,0.0,0.0,0.0,1.0,0.0,1.0,255,65,0.25,0.03,0.01,0.0,0.24,0.0,0.02,0.0,normal,Normal
0,tcp,private,REJ,0,0,0,0,0,0,0,0,0,0,0,0,0,0,0,0,0,0,108,3,0.0,0.0,1.0,1.0,0.03,0.07,0.0,255,3,0.01,0.07,0.0,0.0,0.0,0.0,1.0,1.0,neptune,DoS
0,tcp,private,REJ,0,0,0,0,0,0,0,0,0,0,0,0,0,0,0,0,0,0,243,17,0.0,0.0,1.0,1.0,0.07,0.06,0.0,255,17,0.07,0.07,0.0,0.0,0.0,0.0,1.0,1.0,neptune,DoS
0,tcp,private,REJ,0,0,0,0,0,0,0,0,0,0,0,0,0,0,0,0,0,0,122,17,0.0,0.0,1.0,1.0,0.14,0.06,0.0,255,17,0.07,0.05,0.0,0.0,0.0,0.0,1.0,1.0,neptune,DoS
0,tcp,private,REJ,0,0,0,0,0,0,0,0,0,0,0,0,0,0,0,0,0,0,207,8,0.0,0.0,1.0,1.0,0.04,0.06,0.0,255,8,0.03,0.06,0.0,0.0,0.0,0.0,1.0,1.0,neptune,DoS
0,udp,domain_u,SF,32,0,0,0,0,0,0,0,0,0,0,0,0,0,0,0,0,0,1,6,0.0,0.0,0.0,0.0,1.0,0.0,0.5,129,59,0.24,0.04,0.24,0.03,0.0,0.0,0.0,0.0,normal,Normal
280,tcp,ftp_data,SF,283618,0,0,0,0,0,0,0,0,0,0,0,0,0,0,0,0,0,1,1,0.0,0.0,0.0,0.0,1.0,0.0,0.0,3,1,0.33,0.67,0.33,0.0,0.0,0.0,0.0,0.0,warezmaster,R2L
0,icmp,eco_i,SF,18,0,0,0,0,0,0,0,0,0,0,0,0,0,0,0,0,0,1,1,0.0,0.0,0.0,0.0,1.0,0.0,0.0,1,193,1.0,0.0,1.0,1.0,0.0,0.0,0.0,0.0,ipsweep,Probe
0,tcp,http,SF,227,2304,0,0,0,0,0,1,0,0,0,0,0,0,0,0,0,0,4,4,0.0,0.0,0.0,0.0,1.0,0.0,0.0,47,255,1.0,0.0,0.02,0.02,0.0,0.0,0.0,0.0,normal,Normal
0,tcp,private,REJ,0,0,0,0,0,0,0,0,0,0,0,0,0,0,0,0,0,0,106,10,0.0,0.0,1.0,1.0,0.09,0.07,0.0,255,10,0.04,0.06,0.0,0.0,0.0,0.0,1.0,1.0,neptune,DoS
1,tcp,smtp,SF,2599,293,0,0,0,0,0,1,0,0,0,0,0,0,0,0,0,0,3,3,0.0,0.0,0.0,0.0,1.0,0.0,0.0,255,203,0.8,0.13,0.0,0.0,0.0,0.0,0.19,0.0,mailbomb,DoS
7362,tcp,telnet,SF,0,44,0,0,0,0,0,0,0,0,0,0,0,0,0,0,0,0,1,1,0.0,0.0,0.0,0.0,1.0,0.0,0.0,255,216,0.85,0.16,0.0,0.0,0.5,0.59,0.15,0.01,processtable,DoS
282,tcp,ftp,SF,162,599,0,0,0,2,0,1,0,0,0,0,0,0,0,0,0,1,1,1,0.0,0.0,0.0,0.0,1.0,0.0,0.0,255,38,0.15,0.03,0.0,0.0,0.32,0.0,0.02,0.0,warezmaster,R2L
0,tcp,http,S0,0,0,0,0,0,0,0,0,0,0,0,0,0,0,0,0,0,0,2,2,1.0,1.0,0.0,0.0,1.0,0.0,0.0,255,254,1.0,0.01,0.0,0.0,0.04,0.04,0.74,0.74,apache2,DoS
0,tcp,private,REJ,0,0,0,0,0,0,0,0,0,0,0,0,0,0,0,0,0,0,294,19,0.0,0.0,1.0,1.0,0.06,0.05,0.0,255,19,0.07,0.05,0.0,0.0,0.0,0.0,1.0,1.0,neptune,DoS
0,udp,private,SF,54,51,0,0,0,0,0,0,0,0,0,0,0,0,0,0,0,0,511,511,0.0,0.0,0.0,0.0,1.0,0.0,0.0,255,255,1.0,0.0,0.91,0.0,0.0,0.0,0.0,0.0,normal,Normal
0,udp,private,SF,54,54,0,0,0,0,0,0,0,0,0,0,0,0,0,0,0,0,511,511,0.0,0.0,0.0,0.0,1.0,0.0,0.0,255,255,1.0,0.0,0.78,0.0,0.0,0.0,0.0,0.0,normal,Normal
1,tcp,smtp,SF,1038,336,0,0,0,0,0,1,0,0,0,0,0,0,0,0,0,0,1,2,0.0,0.0,0.0,0.0,1.0,0.0,1.0,100,142,0.45,0.05,0.01,0.01,0.0,0.0,0.0,0.0,normal,Normal
0,tcp,private,REJ,0,0,0,0,0,0,0,0,0,0,0,0,0,0,0,0,0,0,141,20,0.0,0.0,1.0,1.0,0.14,0.06,0.0,255,20,0.08,0.07,0.0,0.0,0.0,0.0,1.0,1.0,neptune,DoS
0,tcp,domain,REJ,0,0,0,0,0,0,0,0,0,0,0,0,0,0,0,0,0,0,200,5,0.0,0.0,1.0,1.0,0.03,0.06,0.0,255,5,0.02,0.07,0.0,0.0,0.0,0.0,1.0,1.0,neptune,DoS
2054,tcp,http,RSTR,72564,0,0,0,0,0,0,1,0,0,0,0,0,0,0,0,0,0,9,9,0.0,0.0,1.0,1.0,1.0,0.0,0.0,255,244,0.96,0.01,0.0,0.0,0.02,0.02,0.38,0.4,apache2,DoS
0,tcp,private,S0,0,0,0,0,0,0,0,0,0,0,0,0,0,0,0,0,0,0,274,16,1.0,1.0,0.0,0.0,0.06,0.06,0.0,255,16,0.06,0.07,0.0,0.0,1.0,1.0,0.0,0.0,neptune,DoS
0,tcp,other,REJ,0,0,0,0,0,0,0,0,0,0,0,0,0,0,0,0,0,0,460,1,0.03,0.0,0.97,1.0,0.0,1.0,0.0,255,1,0.0,1.0,0.0,0.0,0.06,0.0,0.94,1.0,satan,Probe
1,tcp,smtp,SF,906,337,0,0,0,0,0,1,0,0,0,0,0,0,0,0,0,0,1,3,0.0,0.0,0.0,0.0,1.0,0.0,1.0,147,104,0.71,0.03,0.01,0.0,0.0,0.0,0.0,0.0,normal,Normal
2,tcp,telnet,RSTO,0,15,0,0,0,0,0,0,0,0,0,0,0,0,0,0,0,0,1,11,0.0,0.09,1.0,0.45,1.0,0.0,0.64,255,29,0.11,0.03,0.0,0.0,0.01,0.0,0.31,0.79,mscan,Probe
0,tcp,private,RSTR,0,0,0,0,0,0,0,0,0,0,0,0,0,0,0,0,0,0,1,1,0.0,0.0,1.0,1.0,1.0,0.0,0.0,255,1,0.0,0.73,0.71,0.0,0.0,0.0,0.72,1.0,portsweep,Probe
5,tcp,pop_3,SF,32,93,0,0,0,0,0,1,0,0,0,0,0,0,0,0,0,0,1,1,0.0,0.0,0.0,0.0,1.0,0.0,0.0,255,240,0.94,0.02,0.0,0.0,0.0,0.0,0.02,0.0,guess_passwd,R2L
0,tcp,http,SF,227,502,0,0,0,0,0,1,0,0,0,0,0,0,0,0,0,0,4,4,0.0,0.0,0.0,0.0,1.0,0.0,0.0,4,255,1.0,0.0,0.25,0.05,0.0,0.0,0.0,0.0,normal,Normal
0,tcp,sunrpc,RSTO,0,0,0,0,0,0,0,0,0,0,0,0,0,0,0,0,0,0,236,16,0.0,0.0,1.0,1.0,0.07,0.07,0.0,255,16,0.06,0.07,0.0,0.0,0.0,0.0,1.0,1.0,neptune,DoS
0,tcp,whois,S0,0,0,0,0,0,0,0,0,0,0,0,0,0,0,0,0,0,0,266,14,1.0,1.0,0.0,0.0,0.05,0.06,0.0,255,14,0.05,0.06,0.0,0.0,1.0,1.0,0.0,0.0,neptune,DoS
0,tcp,smtp,SF,1488,387,0,0,0,0,0,1,0,0,0,0,0,0,0,0,0,0,1,2,0.0,0.0,0.0,0.0,1.0,0.0,1.0,255,17,0.07,0.87,0.0,0.0,0.0,0.0,0.86,0.0,normal,Normal
0,tcp,private,RSTR,0,0,0,0,0,0,0,0,0,0,0,0,0,0,0,0,0,0,1,1,0.0,0.0,1.0,1.0,1.0,0.0,0.0,255,1,0.0,0.89,0.88,0.0,0.0,0.0,0.9,1.0,portsweep,Probe
0,tcp,http,SF,283,2170,0,0,0,0,0,1,0,0,0,0,0,0,0,0,0,0,15,15,0.0,0.0,0.0,0.0,1.0,0.0,0.0,15,251,1.0,0.0,0.07,0.05,0.0,0.0,0.0,0.0,normal,Normal
0,udp,private,SF,1,0,0,0,0,0,0,0,0,0,0,0,0,0,0,0,0,0,124,5,0.0,0.0,0.0,0.0,0.04,0.66,0.0,255,5,0.02,0.56,0.88,0.0,0.0,0.0,0.12,0.0,normal,Normal
0,udp,private,SF,52,53,0,0,0,0,0,0,0,0,0,0,0,0,0,0,0,0,506,506,0.0,0.0,0.0,0.0,1.0,0.0,0.0,255,254,1.0,0.01,0.76,0.0,0.0,0.0,0.0,0.0,normal,Normal
0,tcp,http,SF,287,1856,0,0,0,0,0,1,0,0,0,0,0,0,0,0,0,0,10,12,0.0,0.0,0.0,0.0,1.0,0.0,0.25,255,255,1.0,0.0,0.0,0.0,0.0,0.0,0.0,0.0,normal,Normal
0,tcp,private,REJ,0,0,0,0,0,0,0,0,0,0,0,0,0,0,0,0,0,0,121,2,0.0,0.0,1.0,1.0,0.02,0.07,0.0,255,2,0.01,0.06,0.0,0.0,0.0,0.0,1.0,1.0,neptune,DoS
0,tcp,http,SF,219,4898,0,0,0,0,0,1,0,0,0,0,0,0,0,0,0,0,17,26,0.0,0.0,0.0,0.0,1.0,0.0,0.12,255,255,1.0,0.0,0.0,0.0,0.0,0.0,0.0,0.0,normal,Normal
0,tcp,telnet,SF,122,174,0,0,0,0,1,0,0,0,0,0,0,0,0,0,0,0,1,1,0.0,0.0,0.0,0.0,1.0,0.0,0.0,255,251,0.98,0.01,0.0,0.0,0.0,0.0,0.02,0.02,guess_passwd,R2L
0,tcp,http,SF,185,5207,0,0,0,0,0,1,0,0,0,0,0,0,0,0,0,0,3,4,0.0,0.0,0.0,0.0,1.0,0.0,0.5,52,255,1.0,0.0,0.02,0.07,0.0,0.01,0.0,0.0,normal,Normal
0,udp,private,SF,53,55,0,0,0,0,0,0,0,0,0,0,0,0,0,0,0,0,507,507,0.0,0.0,0.0,0.0,1.0,0.0,0.0,255,255,1.0,0.0,0.83,0.0,0.0,0.0,0.0,0.0,normal,Normal
0,tcp,http,SF,233,1215,0,0,0,0,0,1,0,0,0,0,0,0,0,0,0,0,13,14,0.0,0.0,0.0,0.0,1.0,0.0,0.14,255,255,1.0,0.0,0.0,0.0,0.0,0.0,0.0,0.0,normal,Normal
0,udp,other,SF,1,1,0,0,0,0,0,0,0,0,0,0,0,0,0,0,0,0,215,1,0.0,0.0,0.0,0.0,0.0,1.0,0.0,255,1,0.0,0.86,0.99,0.0,0.0,0.0,0.0,0.0,satan,Probe
0,tcp,http,SF,307,330,0,0,0,0,0,1,0,0,0,0,0,0,0,0,0,0,4,4,0.0,0.0,0.0,0.0,1.0,0.0,0.0,4,65,1.0,0.0,0.25,0.08,0.0,0.0,0.0,0.0,normal,Normal
0,tcp,telnet,SF,126,174,0,0,0,0,1,0,0,0,0,0,0,0,0,0,0,0,1,1,0.0,0.0,0.0,0.0,1.0,0.0,0.0,255,189,0.74,0.02,0.0,0.0,0.0,0.0,0.02,0.03,guess_passwd,R2L
7577,tcp,telnet,SF,0,44,0,0,0,0,0,0,0,0,0,0,0,0,0,0,0,0,1,1,0.0,0.0,0.0,0.0,1.0,0.0,0.0,255,183,0.72,0.03,0.0,0.0,0.33,0.46,0.12,0.08,processtable,DoS
0,tcp,http,SF,208,1711,0,0,0,0,0,1,0,0,0,0,0,0,0,0,0,0,9,9,0.0,0.0,0.0,0.0,1.0,0.0,0.0,255,255,1.0,0.0,0.0,0.0,0.0,0.0,0.0,0.0,normal,Normal
0,tcp,link,REJ,0,0,0,0,0,0,0,0,0,0,0,0,0,0,0,0,0,0,263,10,0.02,0.0,0.98,1.0,0.04,0.06,0.0,255,10,0.04,0.06,0.0,0.0,0.02,0.0,0.98,1.0,neptune,DoS
0,udp,private,SF,54,50,0,0,0,0,0,0,0,0,0,0,0,0,0,0,0,0,511,511,0.0,0.0,0.0,0.0,1.0,0.0,0.0,255,255,1.0,0.0,0.84,0.0,0.0,0.0,0.0,0.0,normal,Normal
281,tcp,ftp,SF,160,597,0,0,0,2,0,1,0,0,0,0,0,0,0,0,0,1,1,1,0.0,0.0,0.0,0.0,1.0,0.0,0.0,255,105,0.41,0.03,0.0,0.0,0.0,0.0,0.0,0.0,warezmaster,R2L
15,tcp,http,SF,191,470,0,0,0,0,0,1,0,0,0,0,0,0,0,0,0,0,2,2,0.0,0.0,0.0,0.0,1.0,0.0,0.0,2,255,1.0,0.0,0.5,0.03,0.0,0.0,0.0,0.0,normal,Normal
0,udp,private,SF,53,0,0,0,0,0,0,0,0,0,0,0,0,0,0,0,0,0,4,4,0.0,0.0,0.0,0.0,1.0,0.0,0.0,255,255,1.0,0.0,0.01,0.0,0.0,0.0,0.0,0.0,snmpguess,R2L
0,tcp,private,REJ,0,0,0,0,0,0,0,0,0,0,0,0,0,0,0,0,0,0,229,10,0.0,0.0,1.0,1.0,0.04,0.06,0.0,255,10,0.04,0.06,0.0,0.0,0.0,0.0,1.0,1.0,neptune,DoS
0,tcp,supdup,REJ,0,0,0,0,0,0,0,0,0,0,0,0,0,0,0,0,0,0,261,3,0.0,0.0,1.0,1.0,0.01,0.07,0.0,255,3,0.01,0.06,0.0,0.0,0.0,0.0,1.0,1.0,neptune,DoS
0,tcp,private,S0,0,0,0,0,0,0,0,0,0,0,0,0,0,0,0,0,0,0,166,16,1.0,1.0,0.0,0.0,0.1,0.09,0.0,255,16,0.06,0.09,0.0,0.0,1.0,1.0,0.0,0.0,neptune,DoS
0,tcp,private,REJ,0,0,0,0,0,0,0,0,0,0,0,0,0,0,0,0,0,0,252,6,0.0,0.0,1.0,1.0,0.02,0.06,0.0,255,6,0.02,0.07,0.0,0.0,0.0,0.0,1.0,1.0,neptune,DoS
0,tcp,http,SF,218,983,0,0,0,0,0,1,0,0,0,0,0,0,0,0,0,0,7,7,0.0,0.0,0.0,0.0,1.0,0.0,0.0,255,255,1.0,0.0,0.0,0.0,0.0,0.0,0.0,0.0,normal,Normal
0,tcp,http,RSTR,16384,8314,0,0,0,2,0,1,1,0,0,0,0,0,0,0,0,0,5,5,0.0,0.0,0.6,0.6,1.0,0.0,0.0,255,230,0.9,0.01,0.0,0.0,0.0,0.0,0.02,0.02,back,DoS
0,tcp,http,SF,213,5069,0,0,0,0,0,1,0,0,0,0,0,0,0,0,0,0,2,2,0.0,0.0,0.0,0.0,1.0,0.0,0.0,21,251,1.0,0.0,0.05,0.02,0.0,0.0,0.0,0.0,normal,Normal
0,icmp,ecr_i,SF,508,0,0,0,0,0,0,0,0,0,0,0,0,0,0,0,0,0,350,350,0.0,0.0,0.0,0.0,1.0,0.0,0.0,255,255,1.0,0.0,1.0,0.0,0.0,0.0,0.0,0.0,smurf,DoS
0,tcp,http,SF,237,9700,0,0,0,0,0,1,0,0,0,0,0,0,0,0,0,0,3,4,0.0,0.0,0.0,0.0,1.0,0.0,0.5,11,255,1.0,0.0,0.09,0.05,0.0,0.0,0.0,0.0,normal,Normal
0,tcp,finger,RSTO,0,0,0,0,0,0,0,0,0,0,0,0,0,0,0,0,0,0,235,11,0.0,0.0,1.0,1.0,0.05,0.06,0.0,255,11,0.04,0.07,0.0,0.0,0.0,0.0,1.0,1.0,neptune,DoS
0,tcp,http,SF,216,9151,0,0,0,0,0,1,0,0,0,0,0,0,0,0,0,0,7,11,0.0,0.0,0.0,0.0,1.0,0.0,0.27,46,255,1.0,0.0,0.02,0.01,0.0,0.0,0.0,0.0,normal,Normal
0,udp,private,SF,53,50,0,0,0,0,0,0,0,0,0,0,0,0,0,0,0,0,511,511,0.0,0.0,0.0,0.0,1.0,0.0,0.0,255,255,1.0,0.0,1.0,0.0,0.0,0.0,0.0,0.0,normal,Normal
0,tcp,private,REJ,0,0,0,0,0,0,0,0,0,0,0,0,0,0,0,0,0,0,116,17,0.0,0.0,1.0,1.0,0.15,0.06,0.0,255,17,0.07,0.06,0.0,0.0,0.0,0.0,1.0,1.0,neptune,DoS
0,tcp,other,S0,0,0,0,0,0,0,0,0,0,0,0,0,0,0,0,0,0,0,472,1,0.05,1.0,0.95,0.0,0.0,1.0,0.0,255,1,0.0,1.0,0.0,0.0,0.09,1.0,0.91,0.0,satan,Probe
0,tcp,http,SF,228,505,0,0,0,0,0,1,0,0,0,0,0,0,0,0,0,0,4,4,0.0,0.0,0.0,0.0,1.0,0.0,0.0,72,255,1.0,0.0,0.01,0.02,0.0,0.0,0.0,0.0,normal,Normal
0,tcp,http,SF,275,4027,0,0,0,0,0,1,0,0,0,0,0,0,0,0,0,0,18,18,0.0,0.0,0.0,0.0,1.0,0.0,0.0,255,255,1.0,0.0,0.0,0.0,0.0,0.0,0.0,0.0,normal,Normal
0,udp,private,SF,52,51,0,0,0,0,0,0,0,0,0,0,0,0,0,0,0,0,503,503,0.0,0.0,0.0,0.0,1.0,0.0,0.0,255,255,1.0,0.0,0.82,0.0,0.0,0.0,0.0,0.0,normal,Normal
0,tcp,http,SF,217,2235,0,0,0,0,0,1,0,0,0,0,0,0,0,0,0,0,4,4,0.0,0.0,0.0,0.0,1.0,0.0,0.0,255,255,1.0,0.0,0.0,0.0,0.0,0.0,0.0,0.0,normal,Normal
0,udp,private,SF,1,1,0,0,0,0,0,0,0,0,0,0,0,0,0,0,0,0,119,1,0.0,0.0,0.0,0.0,0.01,0.61,0.0,255,1,0.0,0.76,1.0,0.0,0.0,0.0,0.0,0.0,satan,Probe
0,tcp,http,SF,318,762,0,0,0,0,0,1,0,0,0,0,0,0,0,0,0,0,34,34,0.0,0.0,0.0,0.0,1.0,0.0,0.0,255,255,1.0,0.0,0.0,0.0,0.0,0.0,0.0,0.0,normal,Normal
0,tcp,private,REJ,0,0,0,0,0,0,0,0,0,0,0,0,0,0,0,0,0,0,184,5,0.0,0.0,1.0,1.0,0.03,0.06,0.0,255,5,0.02,0.06,0.0,0.0,0.0,0.0,1.0,1.0,neptune,DoS
5,tcp,pop_3,SF,28,93,0,0,0,0,0,1,0,0,0,0,0,0,0,0,0,0,1,1,0.0,0.0,0.0,0.0,1.0,0.0,0.0,255,253,0.99,0.01,0.0,0.0,0.0,0.0,0.0,0.0,guess_passwd,R2L
0,udp,domain_u,SF,32,95,0,0,0,0,0,0,0,0,0,0,0,0,0,0,0,0,2,5,0.0,0.0,0.0,0.0,1.0,0.0,0.8,185,129,0.7,0.01,0.01,0.0,0.0,0.0,0.0,0.0,normal,Normal
0,tcp,ftp_data,SF,12,0,0,0,0,0,0,0,0,0,0,0,0,0,0,0,0,0,1,1,0.0,0.0,0.0,0.0,1.0,0.0,0.0,46,62,0.02,0.11,0.02,0.03,0.0,0.0,0.0,0.0,warezmaster,R2L
0,tcp,ftp,SF,25,157,0,0,0,0,1,0,0,0,0,0,0,0,0,0,0,1,1,1,0.0,0.0,0.0,0.0,1.0,0.0,0.0,42,18,0.43,0.1,0.02,0.0,0.0,0.0,0.0,0.0,guess_passwd,R2L
16,tcp,pop_3,RSTR,27,93,0,0,0,0,0,1,0,0,0,0,0,0,0,0,0,0,1,1,0.0,0.0,1.0,1.0,1.0,0.0,0.0,255,213,0.84,0.02,0.0,0.0,0.0,0.0,0.04,0.0,guess_passwd,R2L
0,tcp,private,REJ,0,0,0,0,0,0,0,0,0,0,0,0,0,0,0,0,0,0,205,5,0.0,0.0,1.0,1.0,0.02,0.07,0.0,255,5,0.02,0.07,0.0,0.0,0.0,0.0,1.0,1.0,neptune,DoS
0,udp,private,SF,54,52,0,0,0,0,0,0,0,0,0,0,0,0,0,0,0,0,340,340,0.0,0.0,0.0,0.0,1.0,0.0,0.0,255,255,1.0,0.0,0.86,0.0,0.0,0.0,0.0,0.0,normal,Normal
0,tcp,private,RSTR,0,0,0,0,0,0,0,0,0,0,0,0,0,0,0,0,0,0,1,1,0.0,0.0,1.0,1.0,1.0,0.0,0.0,255,1,0.0,0.91,0.89,0.0,0.0,0.0,0.89,1.0,portsweep,Probe
0,tcp,private,REJ,0,0,0,0,0,0,0,0,0,0,0,0,0,0,0,0,0,0,241,15,0.0,0.0,1.0,1.0,0.06,0.06,0.0,255,15,0.06,0.07,0.0,0.0,0.0,0.0,1.0,1.0,neptune,DoS
7506,tcp,telnet,SF,0,44,0,0,0,0,0,0,0,0,0,0,0,0,0,0,0,0,1,1,0.0,0.0,0.0,0.0,1.0,0.0,0.0,255,191,0.75,0.02,0.0,0.0,0.37,0.38,0.01,0.01,processtable,DoS
0,tcp,http,SF,207,662,0,0,0,0,0,1,0,0,0,0,0,0,0,0,0,0,47,47,0.0,0.0,0.0,0.0,1.0,0.0,0.0,255,255,1.0,0.0,0.0,0.0,0.0,0.0,0.0,0.0,normal,Normal
0,tcp,private,S0,0,0,0,0,0,0,0,0,0,0,0,0,0,0,0,0,0,0,148,11,1.0,1.0,0.0,0.0,0.07,0.05,0.0,58,11,0.19,0.09,0.02,0.0,1.0,1.0,0.0,0.0,neptune,DoS
0,icmp,ecr_i,SF,520,0,0,0,0,0,0,0,0,0,0,0,0,0,0,0,0,0,466,466,0.0,0.0,0.0,0.0,1.0,0.0,0.0,255,255,1.0,0.0,1.0,0.0,0.0,0.0,0.0,0.0,smurf,DoS
0,udp,domain_u,SF,45,143,0,0,0,0,0,0,0,0,0,0,0,0,0,0,0,0,137,217,0.0,0.0,0.0,0.0,1.0,0.0,0.01,255,255,1.0,0.0,0.0,0.0,0.0,0.0,0.0,0.0,normal,Normal
0,tcp,ftp_data,SF,641,0,0,0,0,0,0,0,0,0,0,0,0,0,0,0,0,0,2,2,0.0,0.0,0.0,0.0,1.0,0.0,0.0,255,103,0.4,0.03,0.4,0.0,0.0,0.0,0.0,0.0,normal,Normal
0,tcp,http,SF,221,871,0,0,0,0,0,1,0,0,0,0,0,0,0,0,0,0,8,8,0.0,0.0,0.0,0.0,1.0,0.0,0.0,132,255,1.0,0.0,0.01,0.01,0.0,0.0,0.0,0.0,normal,Normal
5,tcp,pop_3,SF,32,93,0,0,0,0,0,1,0,0,0,0,0,0,0,0,0,0,1,1,0.0,0.0,0.0,0.0,1.0,0.0,0.0,255,230,0.9,0.02,0.0,0.0,0.0,0.0,0.06,0.0,guess_passwd,R2L
0,tcp,http,SF,247,19728,0,0,0,0,0,1,0,0,0,0,0,0,0,0,0,0,13,17,0.0,0.0,0.0,0.0,1.0,0.0,0.29,111,255,1.0,0.0,0.01,0.02,0.01,0.0,0.0,0.0,normal,Normal
0,tcp,http,SF,300,1511,0,0,0,0,0,1,0,0,0,0,0,0,0,0,0,0,6,33,0.0,0.0,0.0,0.0,1.0,0.0,0.12,212,255,1.0,0.0,0.0,0.01,0.0,0.0,0.0,0.0,normal,Normal
4,tcp,pop_3,SF,28,93,0,0,0,0,0,1,0,0,0,0,0,0,0,0,0,0,1,1,0.0,0.0,0.0,0.0,1.0,0.0,0.0,255,251,0.98,0.01,0.0,0.0,0.0,0.0,0.0,0.0,guess_passwd,R2L
0,tcp,http,SF,204,3350,0,0,0,0,0,1,0,0,0,0,0,0,0,0,0,0,11,11,0.0,0.0,0.0,0.0,1.0,0.0,0.0,11,255,1.0,0.0,0.09,0.06,0.0,0.0,0.0,0.0,normal,Normal
0,icmp,ecr_i,SF,520,0,0,0,0,0,0,0,0,0,0,0,0,0,0,0,0,0,164,164,0.0,0.0,0.0,0.0,1.0,0.0,0.0,255,255,1.0,0.0,1.0,0.0,0.0,0.0,0.0,0.0,smurf,DoS
0,tcp,http,SF,243,345,0,0,0,0,0,1,0,0,0,0,0,0,0,0,0,0,25,26,0.0,0.0,0.0,0.0,1.0,0.0,0.08,107,255,1.0,0.0,0.01,0.03,0.0,0.0,0.0,0.0,normal,Normal
0,tcp,http,SF,218,2892,0,0,0,0,0,1,0,0,0,0,0,0,0,0,0,0,4,5,0.0,0.0,0.0,0.0,1.0,0.0,0.4,255,255,1.0,0.0,0.0,0.0,0.0,0.0,0.0,0.0,normal,Normal
0,tcp,private,S0,0,0,0,0,0,0,0,0,0,0,0,0,0,0,0,0,0,0,277,13,1.0,1.0,0.0,0.0,0.05,0.06,0.0,255,13,0.05,0.07,0.0,0.0,1.0,1.0,0.0,0.0,neptune,DoS
0,tcp,private,REJ,0,0,0,0,0,0,0,0,0,0,0,0,0,0,0,0,0,0,182,6,0.0,0.0,1.0,1.0,0.03,0.07,0.0,255,6,0.02,0.07,0.0,0.0,0.0,0.0,1.0,1.0,neptune,DoS
0,tcp,http,SF,256,1137,0,0,0,0,0,1,0,0,0,0,0,0,0,0,0,0,3,5,0.0,0.0,0.0,0.0,1.0,0.0,0.4,174,255,1.0,0.0,0.01,0.03,0.0,0.0,0.0,0.0,normal,Normal
3,tcp,imap4,RSTO,0,44,0,0,0,0,0,0,0,0,0,0,0,0,0,0,0,0,2,6,0.0,0.0,1.0,1.0,0.5,1.0,1.0,255,23,0.09,0.03,0.0,0.0,0.0,0.0,0.3,0.96,mscan,Probe
0,tcp,http,SF,54540,8314,0,0,0,2,0,1,1,0,0,0,0,0,0,0,0,0,2,2,0.0,0.0,0.5,0.5,1.0,0.0,0.0,255,242,0.95,0.01,0.0,0.0,0.0,0.0,0.06,0.06,back,DoS
0,udp,domain_u,SF,45,45,0,0,0,0,0,0,0,0,0,0,0,0,0,0,0,0,209,209,0.0,0.0,0.0,0.0,1.0,0.0,0.0,255,254,1.0,0.01,0.0,0.0,0.0,0.0,0.0,0.0,normal,Normal
0,tcp,imap4,REJ,0,0,0,0,0,0,0,0,0,0,0,0,0,0,0,0,0,0,2,4,0.0,0.0,1.0,1.0,0.5,1.0,1.0,255,13,0.05,0.03,0.0,0.0,0.01,0.08,0.18,0.92,mscan,Probe
0,tcp,http,SF,222,8379,0,0,0,0,0,1,0,0,0,0,0,0,0,0,0,0,8,10,0.0,0.0,0.0,0.0,1.0,0.0,0.2,47,255,1.0,0.0,0.02,0.01,0.0,0.0,0.0,0.0,normal,Normal
0,tcp,http,SF,219,1088,0,0,0,0,0,1,0,0,0,0,0,0,0,0,0,0,8,8,0.0,0.0,0.0,0.0,1.0,0.0,0.0,88,255,1.0,0.0,0.01,0.02,0.0,0.0,0.0,0.0,normal,Normal
0,tcp,login,S0,0,0,0,0,0,0,0,0,0,0,0,0,0,0,0,0,0,0,140,12,1.0,1.0,0.0,0.0,0.09,0.06,0.0,255,12,0.05,0.05,0.0,0.0,1.0,1.0,0.0,0.0,neptune,DoS
901,tcp,http,RSTR,60884,0,0,0,0,0,0,1,0,0,0,0,0,0,0,0,0,0,69,69,0.0,0.0,1.0,1.0,1.0,0.0,0.0,255,255,1.0,0.0,0.0,0.0,0.0,0.0,0.37,0.37,apache2,DoS
0,tcp,ftp_data,SF,2191,0,0,0,0,0,0,0,0,0,0,0,0,0,0,0,0,0,13,13,0.0,0.0,0.0,0.0,1.0,0.0,0.0,209,32,0.15,0.02,0.15,0.0,0.0,0.0,0.0,0.0,normal,Normal
0,tcp,http,SF,220,607,0,0,0,0,0,1,0,0,0,0,0,0,0,0,0,0,9,9,0.0,0.0,0.0,0.0,1.0,0.0,0.0,255,255,1.0,0.0,0.0,0.0,0.0,0.0,0.0,0.0,normal,Normal
0,tcp,http,SF,221,304,0,0,0,0,0,1,0,0,0,0,0,0,0,0,0,0,4,6,0.0,0.0,0.0,0.0,1.0,0.0,0.5,255,255,1.0,0.0,0.0,0.0,0.0,0.0,0.0,0.0,normal,Normal
0,tcp,http,SF,369,11930,0,0,0,0,0,1,0,0,0,0,0,0,0,0,0,0,9,10,0.0,0.0,0.0,0.0,1.0,0.0,0.2,9,255,1.0,0.0,0.11,0.03,0.0,0.0,0.0,0.0,normal,Normal
1,tcp,smtp,SF,2599,293,0,0,0,0,0,1,0,0,0,0,0,0,0,0,0,0,2,2,0.0,0.0,0.0,0.0,1.0,0.0,0.0,255,157,0.62,0.13,0.0,0.0,0.0,0.0,0.37,0.0,mailbomb,DoS
0,tcp,private,S0,0,0,0,0,0,0,0,0,0,0,0,0,0,0,0,0,0,0,318,1,0.07,1.0,0.93,0.0,0.0,1.0,0.0,255,1,0.0,1.0,0.0,0.0,0.04,1.0,0.96,0.0,saint,Probe
0,tcp,imap4,RSTO,0,44,0,0,0,0,0,0,0,0,0,0,0,0,0,0,0,0,2,9,0.0,0.0,1.0,0.67,0.5,1.0,1.0,255,52,0.2,0.02,0.0,0.0,0.0,0.0,0.78,1.0,mscan,Probe
0,tcp,private,REJ,0,0,0,0,0,0,0,0,0,0,0,0,0,0,0,0,0,0,234,14,0.0,0.0,1.0,1.0,0.06,0.07,0.0,255,14,0.05,0.08,0.0,0.0,0.0,0.0,1.0,1.0,neptune,DoS
0,udp,domain_u,SF,42,42,0,0,0,0,0,0,0,0,0,0,0,0,0,0,0,0,6,7,0.0,0.0,0.0,0.0,0.83,0.33,0.29,255,247,0.97,0.02,0.0,0.0,0.0,0.0,0.0,0.0,normal,Normal
0,icmp,ecr_i,SF,508,0,0,0,0,0,0,0,0,0,0,0,0,0,0,0,0,0,223,223,0.0,0.0,0.0,0.0,1.0,0.0,0.0,255,255,1.0,0.0,1.0,0.0,0.0,0.0,0.0,0.0,smurf,DoS
0,tcp,telnet,REJ,0,0,0,0,0,0,0,0,0,0,0,0,0,0,0,0,0,0,1,24,0.0,0.08,1.0,0.71,1.0,0.0,0.96,22,101,0.32,0.23,0.05,0.02,0.0,0.0,0.86,0.45,mscan,Probe
0,tcp,netstat,S0,0,0,0,0,0,0,0,0,0,0,0,0,0,0,0,0,0,0,220,7,1.0,1.0,0.0,0.0,0.03,0.06,0.0,255,7,0.03,0.07,0.0,0.0,1.0,1.0,0.0,0.0,neptune,DoS
0,udp,private,SF,1,74,0,0,0,0,0,0,0,0,0,0,0,0,0,0,0,0,14,13,0.0,0.0,0.0,0.0,0.93,0.14,0.0,255,17,0.07,0.48,0.57,0.0,0.01,0.0,0.38,0.0,normal,Normal
0,tcp,pop_3,SF,52,1566,0,0,0,0,0,1,0,0,0,0,0,0,0,0,0,0,1,1,0.0,0.0,0.0,0.0,1.0,0.0,0.0,5,4,0.2,0.6,0.2,0.5,0.0,0.0,0.2,0.0,normal,Normal
0,tcp,http,SF,221,1674,0,0,0,0,0,1,0,0,0,0,0,0,0,0,0,0,12,37,0.0,0.0,0.0,0.0,1.0,0.0,0.08,255,255,1.0,0.0,0.0,0.0,0.0,0.0,0.0,0.0,normal,Normal
0,tcp,ftp_data,SF,319,0,0,0,0,0,0,0,0,0,0,0,0,0,0,0,0,0,2,1,0.0,0.0,0.0,0.0,0.5,1.0,0.0,255,53,0.21,0.02,0.21,0.0,0.0,0.0,0.0,0.0,normal,Normal
0,tcp,http,SF,218,1025,0,0,0,0,0,1,0,0,0,0,0,0,0,0,0,0,5,6,0.0,0.0,0.0,0.0,1.0,0.0,0.33,37,255,1.0,0.0,0.03,0.09,0.0,0.0,0.0,0.0,normal,Normal
0,tcp,telnet,S3,0,44,0,0,0,0,0,0,0,0,0,0,0,0,0,0,0,0,1,1,1.0,1.0,0.0,0.0,1.0,0.0,0.0,255,106,0.42,0.03,0.0,0.0,0.12,0.28,0.11,0.12,processtable,DoS
0,tcp,http,SF,54540,8314,0,0,0,2,0,1,1,0,0,0,0,0,0,0,0,0,1,1,0.0,0.0,0.0,0.0,1.0,0.0,0.0,255,250,0.98,0.01,0.0,0.0,0.0,0.0,0.0,0.0,back,DoS
0,tcp,http,SF,199,5200,0,0,0,0,0,1,0,0,0,0,0,0,0,0,0,0,12,13,0.0,0.0,0.0,0.0,1.0,0.0,0.15,255,255,1.0,0.0,0.0,0.0,0.0,0.0,0.0,0.0,normal,Normal
280,tcp,ftp_data,SF,283618,0,0,0,0,0,0,0,0,0,0,0,0,0,0,0,0,0,2,2,0.0,0.0,0.0,0.0,1.0,0.0,0.0,4,6,1.0,0.0,1.0,0.33,0.0,0.0,0.0,0.0,warezmaster,R2L
0,tcp,http,SF,268,9235,0,0,0,0,0,1,0,0,0,0,0,0,0,0,0,0,5,5,0.0,0.0,0.0,0.0,1.0,0.0,0.0,58,255,1.0,0.0,0.02,0.05,0.0,0.0,0.0,0.0,normal,Normal
0,tcp,private,REJ,0,0,0,0,0,0,0,0,0,0,0,0,0,0,0,0,0,0,103,1,0.0,0.0,1.0,1.0,0.01,0.55,0.0,108,1,0.01,0.53,0.95,0.0,0.0,0.0,0.95,1.0,portsweep,Probe
0,tcp,http,SF,237,198,0,0,0,0,0,1,0,0,0,0,0,0,0,0,0,0,1,1,0.0,0.0,0.0,0.0,1.0,0.0,0.0,115,255,1.0,0.0,0.01,0.02,0.0,0.0,0.0,0.0,normal,Normal
0,tcp,ftp_data,SF,12,0,0,0,0,0,0,0,0,0,0,0,0,0,0,0,0,0,1,1,0.0,0.0,0.0,0.0,1.0,0.0,0.0,23,3,0.13,0.09,0.13,0.0,0.0,0.0,0.0,0.0,warezmaster,R2L
0,tcp,ftp_data,SF,738,0,0,0,0,0,0,0,0,0,0,0,0,0,0,0,0,0,2,2,0.0,0.0,0.0,0.0,1.0,0.0,0.0,172,56,0.29,0.03,0.28,0.04,0.0,0.0,0.01,0.0,normal,Normal
0,tcp,telnet,SF,122,174,0,0,0,0,1,0,0,0,0,0,0,0,0,0,0,0,1,1,0.0,0.0,0.0,0.0,1.0,0.0,0.0,255,176,0.69,0.02,0.0,0.0,0.0,0.0,0.02,0.03,guess_passwd,R2L
0,tcp,gopher,S0,0,0,0,0,0,0,0,0,0,0,0,0,0,0,0,0,0,0,130,19,1.0,1.0,0.0,0.0,0.15,0.06,0.0,255,19,0.07,0.06,0.0,0.0,1.0,1.0,0.0,0.0,neptune,DoS
0,tcp,http,SF,223,1214,0,0,0,0,0,1,0,0,0,0,0,0,0,0,0,0,13,25,0.0,0.0,0.0,0.0,1.0,0.0,0.16,255,255,1.0,0.0,0.0,0.0,0.0,0.0,0.0,0.0,normal,Normal
0,tcp,systat,REJ,0,0,0,0,0,0,0,0,0,0,0,0,0,0,0,0,0,0,294,18,0.0,0.0,1.0,1.0,0.06,0.05,0.0,255,18,0.07,0.06,0.0,0.0,0.0,0.0,1.0,1.0,neptune,DoS
1,tcp,smtp,SF,2599,293,0,0,0,0,0,1,0,0,0,0,0,0,0,0,0,0,3,3,0.0,0.0,0.0,0.0,1.0,0.0,0.0,255,123,0.48,0.15,0.0,0.0,0.0,0.0,0.5,0.0,mailbomb,DoS
0,tcp,http,SF,209,2893,0,0,0,0,0,1,0,0,0,0,0,0,0,0,0,0,1,1,0.0,0.0,0.0,0.0,1.0,0.0,0.0,81,255,1.0,0.0,0.01,0.03,0.0,0.0,0.0,0.0,normal,Normal
0,tcp,private,REJ,0,0,0,0,0,0,0,0,0,0,0,0,0,0,0,0,0,0,143,3,0.0,0.0,1.0,1.0,0.02,0.06,0.0,255,3,0.01,0.06,0.0,0.0,0.0,0.0,1.0,1.0,neptune,DoS
903,tcp,http,RSTR,56504,0,0,0,0,0,0,1,0,0,0,0,0,0,0,0,0,0,28,28,0.04,0.04,0.93,0.93,1.0,0.0,0.0,255,255,1.0,0.0,0.0,0.0,0.0,0.0,0.1,0.1,apache2,DoS
0,tcp,http,SF,205,9487,0,0,0,0,0,1,0,0,0,0,0,0,0,0,0,0,12,12,0.0,0.0,0.0,0.0,1.0,0.0,0.0,104,255,1.0,0.0,0.01,0.03,0.0,0.0,0.0,0.0,normal,Normal
0,tcp,http,SF,301,1326,0,0,0,0,0,1,0,0,0,0,0,0,0,0,0,0,9,9,0.0,0.0,0.0,0.0,1.0,0.0,0.0,51,255,1.0,0.0,0.02,0.02,0.0,0.0,0.0,0.0,normal,Normal
0,tcp,http,SF,322,656,0,0,0,0,0,1,0,0,0,0,0,0,0,0,0,0,5,5,0.0,0.0,0.0,0.0,1.0,0.0,0.0,255,255,1.0,0.0,0.0,0.0,0.0,0.0,0.0,0.0,normal,Normal
0,tcp,vmnet,REJ,0,0,0,0,0,0,0,0,0,0,0,0,0,0,0,0,0,0,249,19,0.0,0.0,1.0,1.0,0.08,0.06,0.0,255,19,0.07,0.07,0.0,0.0,0.0,0.0,1.0,1.0,neptune,DoS
0,tcp,http,SF,233,1413,0,0,0,0,0,1,0,0,0,0,0,0,0,0,0,0,4,4,0.0,0.0,0.0,0.0,1.0,0.0,0.0,35,255,1.0,0.0,0.03,0.04,0.0,0.0,0.0,0.0,normal,Normal
900,tcp,http,RSTR,57184,0,0,0,0,0,0,1,0,0,0,0,0,0,0,0,0,0,31,31,0.0,0.0,1.0,1.0,1.0,0.0,0.0,255,255,1.0,0.0,0.0,0.0,0.0,0.0,0.57,0.57,apache2,DoS
4,tcp,pop_3,SF,32,93,0,0,0,0,0,1,0,0,0,0,0,0,0,0,0,0,1,1,0.0,0.0,0.0,0.0,1.0,0.0,0.0,52,50,0.94,0.04,0.02,0.04,0.0,0.0,0.0,0.0,guess_passwd,R2L
0,tcp,private,REJ,0,0,0,0,0,0,0,0,0,0,0,0,0,0,0,0,0,0,129,10,0.0,0.0,1.0,1.0,0.08,0.05,0.0,255,10,0.04,0.06,0.0,0.0,0.0,0.0,1.0,1.0,neptune,DoS
0,tcp,ftp_data,SF,12,0,0,0,0,0,0,0,0,0,0,0,0,0,0,0,0,0,2,2,0.0,0.0,0.0,0.0,1.0,0.0,0.0,8,34,1.0,0.0,1.0,0.12,0.0,0.0,0.0,0.0,warezmaster,R2L
0,tcp,telnet,S3,0,44,0,0,0,0,0,0,0,0,0,0,0,0,0,0,0,0,1,1,1.0,1.0,0.0,0.0,1.0,0.0,0.0,255,157,0.62,0.02,0.0,0.0,0.55,0.53,0.01,0.01,processtable,DoS
0,udp,private,SF,1,1,0,0,0,0,0,0,0,0,0,0,0,0,0,0,0,0,125,1,0.0,0.0,0.0,0.0,0.01,1.0,0.0,255,1,0.0,0.94,1.0,0.0,0.0,0.0,0.0,0.0,satan,Probe
0,tcp,netbios_ns,REJ,0,0,0,0,0,0,0,0,0,0,0,0,0,0,0,0,0,0,238,1,0.0,0.0,1.0,1.0,0.0,0.06,0.0,255,1,0.0,0.07,0.0,0.0,0.0,0.0,1.0,1.0,neptune,DoS
0,tcp,http,SF,284,646,0,0,0,0,0,1,0,0,0,0,0,0,0,0,0,0,9,17,0.0,0.0,0.0,0.0,1.0,0.0,0.29,10,255,1.0,0.0,0.1,0.04,0.0,0.0,0.0,0.0,normal,Normal
3,tcp,telnet,RSTO,0,15,0,0,0,0,0,0,0,0,0,0,0,0,0,0,0,0,4,20,0.25,0.15,0.75,0.55,0.5,0.75,0.65,119,94,0.35,0.04,0.01,0.02,0.06,0.07,0.87,0.61,mscan,Probe
0,tcp,http,SF,339,14732,0,0,0,0,0,1,0,0,0,0,0,0,0,0,0,0,4,6,0.0,0.0,0.0,0.0,1.0,0.0,0.33,4,255,1.0,0.0,0.25,0.05,0.0,0.0,0.0,0.0,normal,Normal
0,tcp,telnet,S0,0,0,0,0,0,0,0,0,0,0,0,0,0,0,0,0,0,0,120,120,1.0,1.0,0.0,0.0,1.0,0.0,0.0,235,171,0.73,0.07,0.0,0.0,0.69,0.95,0.02,0.0,neptune,DoS
0,tcp,http,SF,323,1512,0,0,0,0,0,1,0,0,0,0,0,0,0,0,0,0,9,9,0.0,0.0,0.0,0.0,1.0,0.0,0.0,255,255,1.0,0.0,0.0,0.0,0.0,0.0,0.0,0.0,normal,Normal
7322,tcp,telnet,SF,0,44,0,0,0,0,0,0,0,0,0,0,0,0,0,0,0,0,1,1,0.0,0.0,0.0,0.0,1.0,0.0,0.0,255,230,0.9,0.02,0.0,0.0,0.27,0.3,0.01,0.0,processtable,DoS
0,tcp,http,SF,219,311,0,0,0,0,0,1,0,0,0,0,0,0,0,0,0,0,6,7,0.0,0.0,0.0,0.0,1.0,0.0,0.29,29,241,1.0,0.0,0.03,0.03,0.0,0.0,0.0,0.0,normal,Normal
0,tcp,http,SF,207,7303,0,0,0,0,0,1,0,0,0,0,0,0,0,0,0,0,2,2,0.0,0.0,0.0,0.0,1.0,0.0,0.0,210,255,1.0,0.0,0.0,0.01,0.0,0.0,0.0,0.0,normal,Normal
788,tcp,http,RSTR,1024,0,0,0,0,0,0,1,0,0,0,0,0,0,0,0,0,0,65,65,0.03,0.03,0.97,0.97,1.0,0.0,0.0,255,253,0.99,0.01,0.0,0.0,0.01,0.01,0.51,0.52,apache2,DoS
909,tcp,http,RSTR,2464,0,0,0,0,0,0,1,0,0,0,0,0,0,0,0,0,0,36,36,0.39,0.39,0.58,0.58,1.0,0.0,0.0,255,255,1.0,0.0,0.0,0.0,0.07,0.07,0.69,0.69,apache2,DoS
0,tcp,http,SF,221,998,0,0,0,0,0,1,0,0,0,0,0,0,0,0,0,0,5,5,0.0,0.0,0.0,0.0,1.0,0.0,0.0,255,255,1.0,0.0,0.01,0.0,0.0,0.0,0.0,0.0,normal,Normal
280,tcp,ftp_data,SF,283618,0,0,0,0,0,0,0,0,0,0,0,0,0,0,0,0,0,2,2,0.0,0.0,0.0,0.0,1.0,0.0,0.0,4,26,1.0,0.0,1.0,0.15,0.0,0.0,0.0,0.0,warezmaster,R2L
0,tcp,http,SF,249,609,0,0,0,0,0,1,0,0,0,0,0,0,0,0,0,0,10,10,0.0,0.0,0.0,0.0,1.0,0.0,0.0,45,255,1.0,0.0,0.02,0.02,0.0,0.0,0.0,0.0,normal,Normal
0,tcp,netbios_dgm,S0,0,0,0,0,0,0,0,0,0,0,0,0,0,0,0,0,0,0,240,6,1.0,1.0,0.0,0.0,0.03,0.07,0.0,255,6,0.02,0.08,0.0,0.0,1.0,1.0,0.0,0.0,neptune,DoS
0,tcp,http,REJ,0,0,0,0,0,0,0,0,0,0,0,0,0,0,0,0,0,0,1,1,0.0,0.0,1.0,1.0,1.0,0.0,0.0,255,25,0.1,0.9,0.0,0.0,0.13,0.0,0.87,1.0,normal,Normal
0,udp,ntp_u,SF,48,48,0,0,0,0,0,0,0,0,0,0,0,0,0,0,0,0,1,1,0.0,0.0,0.0,0.0,1.0,0.0,0.0,77,6,0.08,0.03,0.08,0.0,0.0,0.0,0.0,0.0,normal,Normal
4,tcp,pop_3,SF,32,93,0,0,0,0,0,1,0,0,0,0,0,0,0,0,0,0,1,1,0.0,0.0,0.0,0.0,1.0,0.0,0.0,156,138,0.88,0.02,0.01,0.01,0.0,0.0,0.06,0.0,guess_passwd,R2L
0,tcp,http,SF,210,449,0,0,0,0,0,1,0,0,0,0,0,0,0,0,0,0,4,14,0.0,0.0,0.0,0.0,1.0,0.0,0.43,255,255,1.0,0.0,0.0,0.0,0.0,0.0,0.0,0.0,normal,Normal
0,tcp,remote_job,REJ,0,0,0,0,0,0,0,0,0,0,0,0,0,0,0,0,0,0,243,13,0.0,0.0,1.0,1.0,0.05,0.06,0.0,255,13,0.05,0.07,0.0,0.0,0.0,0.0,1.0,1.0,neptune,DoS
0,tcp,http,SF,318,179,0,0,0,0,0,1,0,0,0,0,0,0,0,0,0,0,19,19,0.0,0.0,0.0,0.0,1.0,0.0,0.0,255,255,1.0,0.0,0.0,0.0,0.0,0.0,0.0,0.0,normal,Normal
0,icmp,ecr_i,SF,1032,0,0,0,0,0,0,0,0,0,0,0,0,0,0,0,0,0,156,156,0.0,0.0,0.0,0.0,1.0,0.0,0.0,255,254,1.0,0.01,1.0,0.0,0.0,0.0,0.0,0.0,smurf,DoS
0,tcp,http,SF,206,1525,0,0,0,0,0,1,0,0,0,0,0,0,0,0,0,0,12,12,0.0,0.0,0.0,0.0,1.0,0.0,0.0,255,255,1.0,0.0,0.0,0.0,0.0,0.0,0.0,0.0,normal,Normal
0,tcp,http,SF,324,1382,0,0,0,0,0,1,0,0,0,0,0,0,0,0,0,0,3,3,0.0,0.0,0.0,0.0,1.0,0.0,0.0,139,255,1.0,0.0,0.01,0.02,0.01,0.0,0.0,0.0,normal,Normal
0,tcp,http,SF,191,1478,0,0,0,0,0,1,0,0,0,0,0,0,0,0,0,0,1,1,0.0,0.0,0.0,0.0,1.0,0.0,0.0,255,243,0.95,0.02,0.0,0.0,0.0,0.0,0.0,0.0,normal,Normal
0,tcp,private,S0,0,0,0,0,0,0,0,0,0,0,0,0,0,0,0,0,0,0,144,18,1.0,1.0,0.0,0.0,0.12,0.06,0.0,255,18,0.07,0.05,0.0,0.0,1.0,1.0,0.0,0.0,neptune,DoS
0,tcp,http,SF,356,7273,0,0,0,0,0,1,0,0,0,0,0,0,0,0,0,0,38,38,0.0,0.0,0.0,0.0,1.0,0.0,0.0,189,255,1.0,0.0,0.01,0.02,0.0,0.0,0.0,0.0,normal,Normal
0,tcp,http,SF,54540,8314,0,0,0,2,0,1,1,0,0,0,0,0,0,0,0,0,3,21,0.0,0.0,0.0,0.0,1.0,0.0,0.1,255,242,0.95,0.01,0.0,0.0,0.0,0.0,0.06,0.06,back,DoS
0,tcp,pop_2,S0,0,0,0,0,0,0,0,0,0,0,0,0,0,0,0,0,0,0,110,10,1.0,1.0,0.0,0.0,0.09,0.06,0.0,255,10,0.04,0.06,0.0,0.0,1.0,1.0,0.0,0.0,neptune,DoS
0,tcp,private,REJ,0,0,0,0,0,0,0,0,0,0,0,0,0,0,0,0,0,0,240,20,0.0,0.0,1.0,1.0,0.08,0.07,0.0,255,20,0.08,0.07,0.0,0.0,0.0,0.0,1.0,1.0,neptune,DoS
0,tcp,ftp_data,SF,12,0,0,0,0,0,0,0,0,0,0,0,0,0,0,0,0,0,1,1,0.0,0.0,0.0,0.0,1.0,0.0,0.0,1,7,1.0,0.0,1.0,0.43,0.0,0.0,0.0,0.0,warezmaster,R2L
0,tcp,private,RSTR,0,0,0,0,0,0,0,0,0,0,0,0,0,0,0,0,0,0,1,1,0.0,0.0,1.0,1.0,1.0,0.0,0.0,255,1,0.0,0.87,0.85,0.0,0.0,0.0,0.86,1.0,portsweep,Probe
0,tcp,http,SF,185,11380,0,0,0,0,0,1,0,0,0,0,0,0,0,0,0,0,1,1,0.0,0.0,0.0,0.0,1.0,0.0,0.0,255,235,0.92,0.02,0.0,0.0,0.0,0.0,0.02,0.0,normal,Normal
426,tcp,other,SF,240,619,0,0,0,0,0,0,0,0,0,0,0,0,0,0,0,0,1,1,0.0,0.0,0.0,0.0,1.0,0.0,0.0,42,1,0.02,0.12,0.02,0.0,0.0,0.0,0.0,0.0,httptunnel,R2L
0,tcp,http,SF,239,7161,0,0,0,0,0,1,0,0,0,0,0,0,0,0,0,0,8,8,0.0,0.0,0.0,0.0,1.0,0.0,0.0,138,231,1.0,0.0,0.01,0.03,0.0,0.0,0.0,0.0,normal,Normal
0,tcp,private,S0,0,0,0,0,0,0,0,0,0,0,0,0,0,0,0,0,0,0,102,12,1.0,1.0,0.0,0.0,0.12,0.07,0.0,255,12,0.05,0.06,0.0,0.0,1.0,1.0,0.0,0.0,neptune,DoS
0,tcp,private,REJ,0,0,0,0,0,0,0,0,0,0,0,0,0,0,0,0,0,0,204,1,0.0,0.0,1.0,1.0,0.0,0.08,0.0,255,1,0.0,0.07,0.0,0.0,0.0,0.0,1.0,1.0,neptune,DoS
0,icmp,ecr_i,SF,1008,0,0,0,0,0,0,0,0,0,0,0,0,0,0,0,0,0,112,112,0.0,0.0,0.0,0.0,1.0,0.0,0.0,255,255,1.0,0.0,1.0,0.0,0.0,0.0,0.0,0.0,smurf,DoS
0,tcp,smtp,SF,779,328,0,0,0,0,0,1,0,0,0,0,0,0,0,0,0,0,1,1,0.0,0.0,0.0,0.0,1.0,0.0,0.0,196,193,0.73,0.03,0.01,0.01,0.0,0.0,0.0,0.0,normal,Normal
0,tcp,klogin,S0,0,0,0,0,0,0,0,0,0,0,0,0,0,0,0,0,0,0,41,3,1.0,1.0,0.0,0.0,0.07,0.2,0.0,255,3,0.01,0.17,0.0,0.0,1.0,1.0,0.0,0.0,neptune,DoS
0,tcp,mtp,REJ,0,0,0,0,0,0,0,0,0,0,0,0,0,0,0,0,0,0,241,14,0.0,0.0,1.0,1.0,0.06,0.07,0.0,255,14,0.05,0.06,0.0,0.0,0.0,0.0,1.0,1.0,neptune,DoS
0,tcp,ftp_data,SF,12,0,0,0,0,0,0,0,0,0,0,0,0,0,0,0,0,0,1,1,0.0,0.0,0.0,0.0,1.0,0.0,0.0,1,3,1.0,0.0,1.0,0.67,0.0,0.0,0.0,0.0,warezmaster,R2L
1,tcp,smtp,SF,832,490,0,0,0,0,0,1,0,0,0,0,0,0,0,0,0,0,1,1,0.0,0.0,0.0,0.0,1.0,0.0,0.0,142,88,0.09,0.7,0.01,0.02,0.01,0.0,0.78,0.01,normal,Normal
0,tcp,ftp_data,SF,12,0,0,0,0,0,0,1,0,0,0,1,0,0,0,0,0,0,1,1,0.0,0.0,0.0,0.0,1.0,0.0,0.0,3,3,1.0,0.0,1.0,0.0,0.0,0.0,0.0,0.0,warezmaster,R2L
0,udp,other,SF,23,23,0,0,0,0,0,0,0,0,0,0,0,0,0,0,0,0,1,1,0.0,0.0,0.0,0.0,1.0,0.0,0.0,255,2,0.01,0.03,0.01,0.0,0.0,0.0,0.0,0.0,multihop,R2L
0,icmp,eco_i,SF,20,0,0,0,0,0,0,0,0,0,0,0,0,0,0,0,0,0,1,73,0.0,0.0,0.0,0.0,1.0,0.0,1.0,4,255,1.0,0.0,1.0,0.25,0.0,0.0,0.0,0.0,saint,Probe
806,tcp,http,RSTR,75484,0,0,0,0,0,0,1,0,0,0,0,0,0,0,0,0,0,59,59,0.0,0.0,1.0,1.0,1.0,0.0,0.0,255,253,0.99,0.01,0.0,0.0,0.0,0.0,0.27,0.27,apache2,DoS
0,tcp,http,SF,207,4521,0,0,0,0,0,1,0,0,0,0,0,0,0,0,0,0,4,4,0.0,0.0,0.0,0.0,1.0,0.0,0.0,255,255,1.0,0.0,0.0,0.0,0.0,0.0,0.0,0.0,normal,Normal
0,udp,private,SF,47,0,0,0,0,0,0,0,0,0,0,0,0,0,0,0,0,0,3,3,0.0,0.0,0.0,0.0,1.0,0.0,0.0,255,255,1.0,0.0,0.0,0.0,0.0,0.0,0.0,0.0,snmpguess,R2L
0,tcp,http,SF,217,1478,0,0,0,0,0,1,0,0,0,0,0,0,0,0,0,0,11,18,0.0,0.0,0.0,0.0,1.0,0.0,0.11,65,255,1.0,0.0,0.02,0.06,0.0,0.0,0.0,0.0,normal,Normal
0,udp,private,SF,55,53,0,0,0,0,0,0,0,0,0,0,0,0,0,0,0,0,506,506,0.0,0.0,0.0,0.0,1.0,0.0,0.0,255,254,1.0,0.01,0.76,0.0,0.0,0.0,0.0,0.0,normal,Normal
0,tcp,ftp_data,SF,12,0,0,0,0,0,0,0,0,0,0,0,0,0,0,0,0,0,2,2,0.0,0.0,0.0,0.0,1.0,0.0,0.0,6,16,1.0,0.0,1.0,0.19,0.0,0.0,0.0,0.0,warezmaster,R2L
0,tcp,http,SF,228,2239,0,0,0,0,0,1,0,0,0,0,0,0,0,0,0,0,2,2,0.0,0.0,0.0,0.0,1.0,0.0,0.0,255,143,0.56,0.2,0.0,0.0,0.01,0.01,0.39,0.01,normal,Normal
0,tcp,private,REJ,0,0,0,0,0,0,0,0,0,0,0,0,0,0,0,0,0,0,219,17,0.0,0.0,1.0,1.0,0.08,0.06,0.0,255,17,0.07,0.06,0.0,0.0,0.0,0.0,1.0,1.0,neptune,DoS
0,tcp,private,REJ,0,0,0,0,0,0,0,0,0,0,0,0,0,0,0,0,0,0,274,4,0.0,0.0,1.0,1.0,0.01,0.06,0.0,255,4,0.02,0.07,0.0,0.0,0.0,0.0,1.0,1.0,neptune,DoS
0,icmp,ecr_i,SF,1008,0,0,0,0,0,0,0,0,0,0,0,0,0,0,0,0,0,20,20,0.0,0.0,0.0,0.0,1.0,0.0,0.0,255,255,1.0,0.0,1.0,0.0,0.0,0.0,0.0,0.0,smurf,DoS
4,tcp,pop_3,SF,32,93,0,0,0,0,0,1,0,0,0,0,0,0,0,0,0,0,1,1,0.0,0.0,0.0,0.0,1.0,0.0,0.0,234,215,0.92,0.01,0.0,0.0,0.0,0.0,0.04,0.0,guess_passwd,R2L
0,tcp,http,SF,313,284,0,0,0,0,0,1,0,0,0,0,0,0,0,0,0,0,26,26,0.0,0.0,0.0,0.0,1.0,0.0,0.0,255,255,1.0,0.0,0.0,0.0,0.0,0.0,0.0,0.0,normal,Normal
0,tcp,http,SF,324,13335,0,0,0,0,0,1,0,0,0,0,0,0,0,0,0,0,20,29,0.0,0.0,0.0,0.0,1.0,0.0,0.07,20,255,1.0,0.0,0.05,0.07,0.0,0.0,0.0,0.0,normal,Normal
0,tcp,private,REJ,0,0,0,0,0,0,0,0,0,0,0,0,0,0,0,0,0,0,289,9,0.0,0.0,1.0,1.0,0.03,0.06,0.0,255,9,0.04,0.06,0.0,0.0,0.0,0.0,1.0,1.0,neptune,DoS
0,tcp,imap4,REJ,0,0,0,0,0,0,0,0,0,0,0,0,0,0,0,0,0,0,209,13,0.0,0.0,1.0,1.0,0.06,0.08,0.0,255,13,0.05,0.08,0.0,0.0,0.0,0.0,1.0,1.0,neptune,DoS
0,tcp,http,SF,328,2390,0,0,0,0,0,1,0,0,0,0,0,0,0,0,0,0,9,19,0.0,0.0,0.0,0.0,1.0,0.0,0.11,67,255,1.0,0.0,0.01,0.03,0.0,0.0,0.0,0.0,normal,Normal
280,tcp,ftp_data,SF,283618,0,0,0,0,0,0,0,0,0,0,0,0,0,0,0,0,0,2,2,0.0,0.0,0.0,0.0,1.0,0.0,0.0,13,20,0.92,0.15,0.92,0.1,0.0,0.0,0.0,0.0,warezmaster,R2L
897,tcp,http,RSTR,60064,0,0,0,0,0,0,1,0,0,0,0,0,0,0,0,0,0,24,24,0.0,0.0,1.0,1.0,1.0,0.0,0.0,255,255,1.0,0.0,0.0,0.0,0.0,0.0,0.54,0.54,apache2,DoS
0,udp,private,SF,45,0,0,0,0,0,0,0,0,0,0,0,0,0,0,0,0,0,2,2,0.0,0.0,0.0,0.0,1.0,0.0,0.0,255,255,1.0,0.0,0.01,0.0,0.0,0.0,0.0,0.0,snmpguess,R2L
0,udp,private,SF,1,1,0,0,0,0,0,0,0,0,0,0,0,0,0,0,0,0,105,1,0.0,0.0,0.0,0.0,0.01,1.0,0.0,255,1,0.0,0.78,1.0,0.0,0.0,0.0,0.0,0.0,satan,Probe
0,tcp,http,SF,385,174,0,0,0,0,0,1,0,0,0,0,0,0,0,0,0,0,4,4,0.0,0.0,0.0,0.0,1.0,0.0,0.0,32,249,1.0,0.0,0.03,0.04,0.0,0.0,0.0,0.0,normal,Normal
0,tcp,http,SF,325,1931,0,0,0,0,0,1,0,0,0,0,0,0,0,0,0,0,7,7,0.0,0.0,0.0,0.0,1.0,0.0,0.0,11,255,1.0,0.0,0.09,0.04,0.0,0.0,0.0,0.0,normal,Normal
0,tcp,ftp_data,SF,641,0,0,0,0,0,0,0,0,0,0,0,0,0,0,0,0,0,2,2,0.0,0.0,0.0,0.0,1.0,0.0,0.0,239,78,0.3,0.02,0.3,0.03,0.0,0.0,0.0,0.0,normal,Normal
280,tcp,ftp_data,SF,283618,0,0,0,0,0,0,0,0,0,0,0,0,0,0,0,0,0,1,1,0.0,0.0,0.0,0.0,1.0,0.0,0.0,3,15,1.0,0.0,1.0,0.13,0.0,0.0,0.0,0.0,warezmaster,R2L
0,tcp,ftp,SF,26,157,0,0,0,0,1,0,0,0,0,0,0,0,0,0,0,1,1,1,0.0,0.0,0.0,0.0,1.0,0.0,0.0,200,97,0.49,0.03,0.0,0.0,0.0,0.0,0.0,0.0,guess_passwd,R2L
0,udp,domain_u,SF,44,134,0,0,0,0,0,0,0,0,0,0,0,0,0,0,0,0,15,15,0.0,0.0,0.0,0.0,1.0,0.0,0.0,109,37,0.34,0.03,0.01,0.0,0.0,0.0,0.0,0.0,normal,Normal
0,tcp,nnsp,REJ,0,0,0,0,0,0,0,0,0,0,0,0,0,0,0,0,0,0,110,20,0.0,0.0,1.0,1.0,0.18,0.05,0.0,255,20,0.08,0.05,0.0,0.0,0.0,0.0,1.0,1.0,neptune,DoS
247,tcp,X11,SF,1262796,15820,0,0,0,0,0,0,0,0,0,0,0,0,0,0,0,0,1,1,0.0,0.0,0.0,0.0,1.0,0.0,0.0,255,1,0.0,0.71,0.0,0.0,0.0,0.0,0.69,0.0,xlock,R2L
0,tcp,private,S0,0,0,0,0,0,0,0,0,0,0,0,0,0,0,0,0,0,0,132,8,1.0,1.0,0.0,0.0,0.06,0.07,0.0,255,8,0.03,0.06,0.0,0.0,1.0,1.0,0.0,0.0,neptune,DoS
0,udp,domain_u,SF,44,130,0,0,0,0,0,0,0,0,0,0,0,0,0,0,0,0,107,187,0.0,0.0,0.0,0.0,1.0,0.0,0.01,255,255,1.0,0.0,0.0,0.0,0.0,0.0,0.0,0.0,normal,Normal
0,udp,domain_u,SF,77,44,0,0,0,0,0,0,0,0,0,0,0,0,0,0,0,0,177,177,0.0,0.0,0.0,0.0,1.0,0.0,0.0,255,241,0.95,0.01,0.29,0.0,0.0,0.0,0.0,0.0,normal,Normal
0,tcp,uucp,REJ,0,0,0,0,0,0,0,0,0,0,0,0,0,0,0,0,0,0,8,1,0.0,0.0,0.25,1.0,0.12,1.0,0.0,46,2,0.02,0.33,0.02,1.0,0.0,0.0,0.07,1.0,saint,Probe
0,tcp,http,SF,230,299,0,0,0,0,0,1,0,0,0,0,0,0,0,0,0,0,8,8,0.0,0.0,0.0,0.0,1.0,0.0,0.0,255,255,1.0,0.0,0.0,0.0,0.0,0.0,0.0,0.0,normal,Normal
0,tcp,http,SF,54540,8314,0,0,0,2,0,1,1,0,0,0,0,0,0,0,0,0,3,3,0.0,0.0,0.0,0.0,1.0,0.0,0.0,255,254,1.0,0.01,0.0,0.0,0.0,0.0,0.04,0.04,back,DoS
0,tcp,http,SF,385,1320,0,0,0,0,0,1,0,0,0,0,0,0,0,0,0,0,1,5,0.0,0.0,0.0,0.0,1.0,0.0,0.6,3,255,1.0,0.0,0.33,0.04,0.0,0.0,0.0,0.0,normal,Normal
282,tcp,ftp,SF,162,599,0,0,0,2,0,1,0,0,0,0,0,0,0,0,0,1,1,1,0.0,0.0,0.0,0.0,1.0,0.0,0.0,16,6,0.38,0.19,0.06,0.0,0.0,0.0,0.0,0.0,warezmaster,R2L
0,tcp,telnet,SF,126,174,0,0,0,0,1,0,0,0,0,0,0,0,0,0,0,0,2,2,0.0,0.0,0.0,0.0,1.0,0.0,0.0,255,255,1.0,0.0,0.0,0.0,0.01,0.01,0.02,0.02,guess_passwd,R2L
0,tcp,http,SF,356,3220,0,0,0,0,0,1,0,0,0,0,0,0,0,0,0,0,5,5,0.0,0.0,0.0,0.0,1.0,0.0,0.0,100,185,1.0,0.0,0.01,0.03,0.0,0.0,0.0,0.0,normal,Normal
0,tcp,time,RSTO,0,0,0,0,0,0,0,0,0,0,0,0,0,0,0,0,0,0,116,16,0.0,0.0,1.0,1.0,0.14,0.06,0.0,255,16,0.06,0.06,0.0,0.0,0.0,0.0,1.0,1.0,neptune,DoS
0,udp,private,SF,105,147,0,0,0,0,0,0,0,0,0,0,0,0,0,0,0,0,1,1,0.0,0.0,0.0,0.0,1.0,0.0,0.0,255,252,0.99,0.01,0.0,0.0,0.0,0.0,0.0,0.0,snmpgetattack,R2L
0,tcp,pop_2,REJ,0,0,0,0,0,0,0,0,0,0,0,0,0,0,0,0,0,0,242,20,0.0,0.0,1.0,1.0,0.08,0.07,0.0,255,20,0.08,0.07,0.0,0.0,0.0,0.0,1.0,1.0,neptune,DoS
0,tcp,http,SF,319,3695,0,0,0,0,0,1,0,0,0,0,0,0,0,0,0,0,7,16,0.0,0.0,0.0,0.0,1.0,0.0,0.25,255,255,1.0,0.0,0.0,0.0,0.01,0.01,0.0,0.0,normal,Normal
0,udp,other,SF,516,516,0,0,0,0,0,0,0,0,0,0,0,0,0,0,0,0,1,1,0.0,0.0,0.0,0.0,1.0,0.0,0.0,22,20,0.91,0.09,0.09,0.0,0.0,0.0,0.0,0.0,multihop,R2L
0,tcp,http,SF,240,458,0,0,0,0,0,1,0,0,0,0,0,0,0,0,0,0,6,20,0.0,0.05,0.0,0.0,1.0,0.0,0.15,152,255,1.0,0.0,0.01,0.02,0.0,0.0,0.0,0.0,normal,Normal
0,tcp,http,SF,220,1458,0,0,0,0,0,1,0,0,0,0,0,0,0,0,0,0,18,18,0.0,0.0,0.0,0.0,1.0,0.0,0.0,18,247,1.0,0.0,0.06,0.06,0.0,0.0,0.0,0.0,normal,Normal
0,udp,other,SF,1,1,0,0,0,0,0,0,0,0,0,0,0,0,0,0,0,0,450,1,0.0,0.0,0.0,0.0,0.0,1.0,0.0,255,1,0.0,1.0,1.0,0.0,0.0,0.0,0.0,0.0,satan,Probe
0,udp,private,SF,1,1,0,0,0,0,0,0,0,0,0,0,0,0,0,0,0,0,40,3,0.0,0.0,0.0,0.0,0.08,0.38,0.0,255,3,0.01,0.58,0.99,0.0,0.0,0.0,0.01,0.0,normal,Normal
0,tcp,private,REJ,0,0,0,0,0,0,0,0,0,0,0,0,0,0,0,0,0,0,269,10,0.0,0.0,1.0,1.0,0.04,0.06,0.0,255,10,0.04,0.05,0.0,0.0,0.0,0.0,1.0,1.0,neptune,DoS
0,tcp,private,REJ,0,0,0,0,0,0,0,0,0,0,0,0,0,0,0,0,0,0,269,6,0.0,0.0,1.0,1.0,0.02,0.06,0.0,255,6,0.02,0.06,0.0,0.0,0.0,0.0,1.0,1.0,neptune,DoS
0,tcp,private,S0,0,0,0,0,0,0,0,0,0,0,0,0,0,0,0,0,0,0,134,5,1.0,1.0,0.0,0.0,0.04,0.09,0.0,255,5,0.02,0.09,0.0,0.0,1.0,1.0,0.0,0.0,neptune,DoS
0,icmp,ecr_i,SF,1032,0,0,0,0,0,0,0,0,0,0,0,0,0,0,0,0,0,358,358,0.0,0.0,0.0,0.0,1.0,0.0,0.0,255,255,1.0,0.0,1.0,0.0,0.0,0.0,0.0,0.0,smurf,DoS
0,tcp,http,SF,209,799,0,0,0,0,0,1,0,0,0,0,0,0,0,0,0,0,5,37,0.0,0.0,0.0,0.0,1.0,0.0,0.11,255,255,1.0,0.0,0.0,0.0,0.0,0.0,0.0,0.0,normal,Normal
0,tcp,ftp_data,SF,15876,0,0,0,0,0,0,0,0,0,0,0,0,0,0,0,0,0,16,16,0.0,0.0,0.0,0.0,1.0,0.0,0.0,255,127,0.5,0.02,0.5,0.0,0.0,0.0,0.0,0.0,normal,Normal
283,tcp,ftp,SF,162,599,0,0,0,2,0,1,0,0,0,0,0,0,0,0,0,1,1,1,0.0,0.0,0.0,0.0,1.0,0.0,0.0,16,13,0.81,0.12,0.06,0.0,0.0,0.0,0.0,0.0,warezmaster,R2L
280,tcp,ftp_data,SF,283618,0,0,0,0,0,0,0,0,0,0,0,0,0,0,0,0,0,2,2,0.0,0.0,0.0,0.0,1.0,0.0,0.0,2,18,1.0,0.0,1.0,0.17,0.0,0.0,0.0,0.0,warezmaster,R2L
0,tcp,http,SF,236,18943,0,0,0,0,0,1,0,0,0,0,0,0,0,0,0,0,3,3,0.0,0.0,0.0,0.0,1.0,0.0,0.0,39,255,1.0,0.0,0.03,0.04,0.0,0.0,0.0,0.0,normal,Normal
0,tcp,private,REJ,0,0,0,0,0,0,0,0,0,0,0,0,0,0,0,0,0,0,99,5,0.0,0.0,1.0,1.0,0.05,0.07,0.0,255,5,0.02,0.06,0.0,0.0,0.0,0.0,1.0,1.0,neptune,DoS
2,tcp,ftp_data,SF,383,0,0,0,0,0,0,0,0,0,0,0,0,0,0,0,0,0,1,1,0.0,0.0,0.0,0.0,1.0,0.0,0.0,148,67,0.45,0.03,0.45,0.0,0.0,0.0,0.0,0.0,normal,Normal
0,tcp,private,S0,0,0,0,0,0,0,0,0,0,0,0,0,0,0,0,0,0,0,130,10,1.0,1.0,0.0,0.0,0.08,0.06,0.0,255,10,0.04,0.06,0.0,0.0,1.0,1.0,0.0,0.0,neptune,DoS
0,tcp,http,SF,348,485,0,0,0,0,0,1,0,0,0,0,0,0,0,0,0,0,15,15,0.0,0.0,0.0,0.0,1.0,0.0,0.0,25,255,1.0,0.0,0.04,0.04,0.04,0.0,0.0,0.0,normal,Normal
0,tcp,vmnet,REJ,0,0,0,0,0,0,0,0,0,0,0,0,0,0,0,0,0,0,226,10,0.0,0.0,1.0,1.0,0.04,0.07,0.0,255,10,0.04,0.07,0.0,0.0,0.0,0.0,1.0,1.0,neptune,DoS
0,udp,other,SF,1,1,0,0,0,0,0,0,0,0,0,0,0,0,0,0,0,0,28,3,0.0,0.0,0.0,0.0,0.11,0.39,0.0,255,3,0.01,0.73,1.0,0.0,0.0,0.0,0.0,0.0,normal,Normal
0,tcp,http,SF,194,3016,0,0,0,0,0,1,0,0,0,0,0,0,0,0,0,0,5,5,0.0,0.0,0.0,0.0,1.0,0.0,0.0,25,255,1.0,0.0,0.04,0.01,0.0,0.0,0.0,0.0,normal,Normal
0,tcp,http,SF,294,8350,0,0,0,0,0,1,0,0,0,0,0,0,0,0,0,0,3,3,0.0,0.0,0.0,0.0,1.0,0.0,0.0,16,255,1.0,0.0,0.06,0.02,0.0,0.0,0.0,0.0,normal,Normal
0,tcp,http,SF,300,6075,0,0,0,0,0,1,0,0,0,0,0,0,0,0,0,0,1,10,0.0,0.0,0.0,0.0,1.0,0.0,0.2,19,255,1.0,0.0,0.05,0.05,0.0,0.0,0.0,0.0,normal,Normal
0,tcp,http,SF,299,3200,0,0,0,0,0,1,0,0,0,0,0,0,0,0,0,0,13,13,0.08,0.08,0.0,0.0,1.0,0.0,0.0,255,255,1.0,0.0,0.0,0.0,0.0,0.0,0.0,0.0,normal,Normal
0,tcp,vmnet,REJ,0,0,0,0,0,0,0,0,0,0,0,0,0,0,0,0,0,0,202,15,0.0,0.0,1.0,1.0,0.07,0.06,0.0,255,14,0.05,0.06,0.0,0.0,0.0,0.0,1.0,1.0,neptune,DoS
0,udp,domain_u,SF,45,132,0,0,0,0,0,0,0,0,0,0,0,0,0,0,0,0,81,161,0.0,0.0,0.0,0.0,1.0,0.0,0.01,255,254,1.0,0.01,0.0,0.0,0.0,0.0,0.0,0.0,normal,Normal
0,tcp,http,SF,208,6048,0,0,0,0,0,1,0,0,0,0,0,0,0,0,0,0,25,25,0.0,0.0,0.0,0.0,1.0,0.0,0.0,25,255,1.0,0.0,0.04,0.01,0.0,0.0,0.0,0.0,normal,Normal
1,tcp,pop_3,RSTO,0,36,0,0,0,0,0,1,0,0,0,0,0,0,0,0,0,0,3,3,0.0,0.0,1.0,0.67,0.33,1.0,1.0,128,57,0.24,0.04,0.01,0.04,0.0,0.0,0.9,1.0,mscan,Probe
0,tcp,http,SF,309,2033,0,0,0,0,0,1,0,0,0,0,0,0,0,0,0,0,3,5,0.0,0.0,0.0,0.0,1.0,0.0,0.6,28,254,1.0,0.0,0.04,0.04,0.0,0.0,0.0,0.0,normal,Normal
0,tcp,http,SF,281,273,0,0,0,0,0,1,0,0,0,0,0,0,0,0,0,0,8,10,0.0,0.0,0.0,0.0,1.0,0.0,0.2,8,255,1.0,0.0,0.12,0.1,0.0,0.0,0.0,0.0,normal,Normal
0,tcp,ftp_data,SF,276,0,0,0,0,0,0,0,0,0,0,0,0,0,0,0,0,0,15,15,0.0,0.0,0.0,0.0,1.0,0.0,0.0,255,35,0.14,0.02,0.14,0.0,0.67,0.0,0.02,0.0,normal,Normal
0,tcp,http,SF,227,6075,0,0,0,0,0,1,0,0,0,0,0,0,0,0,0,0,1,9,0.0,0.0,0.0,0.0,1.0,0.0,0.22,21,255,1.0,0.0,0.05,0.05,0.0,0.0,0.0,0.0,normal,Normal
0,tcp,http,SF,220,1024,0,0,0,0,0,1,0,0,0,0,0,0,0,0,0,0,11,39,0.0,0.0,0.0,0.0,1.0,0.0,0.05,66,255,1.0,0.0,0.02,0.03,0.0,0.0,0.0,0.0,normal,Normal
0,tcp,http,SF,310,717,0,0,0,0,0,1,0,0,0,0,0,0,0,0,0,0,3,3,0.0,0.0,0.0,0.0,1.0,0.0,0.0,50,255,1.0,0.0,0.02,0.02,0.0,0.0,0.0,0.0,normal,Normal
0,tcp,telnet,S0,0,0,0,0,0,0,0,0,0,0,0,0,0,0,0,0,0,0,122,3,1.0,1.0,0.0,0.0,0.02,0.07,0.0,255,3,0.01,0.06,0.0,0.0,1.0,1.0,0.0,0.0,neptune,DoS
0,udp,domain_u,SF,81,45,0,0,0,0,0,0,0,0,0,0,0,0,0,0,0,0,245,245,0.0,0.0,0.0,0.0,1.0,0.0,0.0,172,149,0.87,0.01,0.44,0.0,0.0,0.0,0.0,0.0,normal,Normal
0,tcp,ftp_data,SF,637,0,0,0,0,0,0,0,0,0,0,0,0,0,0,0,0,0,5,5,0.0,0.0,0.0,0.0,1.0,0.0,0.0,255,25,0.1,0.02,0.1,0.0,0.71,0.0,0.02,0.0,normal,Normal
283,tcp,ftp,SF,164,601,0,0,0,2,0,1,0,0,0,0,0,0,0,0,0,1,1,1,0.0,0.0,0.0,0.0,1.0,0.0,0.0,255,60,0.24,0.03,0.0,0.0,0.11,0.0,0.02,0.0,warezmaster,R2L
0,tcp,http,SF,215,1532,0,0,0,0,0,1,0,0,0,0,0,0,0,0,0,0,7,7,0.0,0.0,0.0,0.0,1.0,0.0,0.0,255,255,1.0,0.0,0.0,0.0,0.0,0.0,0.0,0.0,normal,Normal
0,udp,private,SF,28,0,0,3,0,0,0,0,0,0,0,0,0,0,0,0,0,0,28,28,0.0,0.0,0.0,0.0,1.0,0.0,0.0,255,28,0.11,0.02,0.11,0.0,0.21,0.0,0.4,0.0,normal,Normal
0,tcp,netstat,REJ,0,0,0,0,0,0,0,0,0,0,0,0,0,0,0,0,0,0,292,11,0.0,0.0,1.0,1.0,0.04,0.05,0.0,255,11,0.04,0.06,0.0,0.0,0.0,0.0,1.0,1.0,neptune,DoS
0,tcp,http,SF,282,9544,0,0,0,0,0,1,0,0,0,0,0,0,0,0,0,0,1,2,0.0,0.0,0.0,0.0,1.0,0.0,1.0,9,247,1.0,0.0,0.11,0.04,0.0,0.0,0.0,0.0,normal,Normal
0,tcp,http,SF,252,4580,0,0,0,0,0,1,0,0,0,0,0,0,0,0,0,0,2,2,0.0,0.0,0.0,0.0,1.0,0.0,0.0,255,255,1.0,0.0,0.0,0.0,0.0,0.0,0.0,0.0,normal,Normal
1,tcp,smtp,SF,2599,293,0,0,0,0,0,1,0,0,0,0,0,0,0,0,0,0,2,3,0.0,0.0,0.0,0.0,1.0,0.0,0.67,255,245,0.96,0.04,0.0,0.0,0.0,0.0,0.04,0.0,mailbomb,DoS
0,tcp,http,SF,54540,8314,0,0,0,2,0,1,1,0,0,0,0,0,0,0,0,0,5,5,0.0,0.0,0.0,0.0,1.0,0.0,0.0,255,254,1.0,0.01,0.0,0.0,0.0,0.0,0.01,0.01,back,DoS
0,udp,private,SF,28,0,0,3,0,0,0,0,0,0,0,0,0,0,0,0,0,0,18,18,0.0,0.0,0.0,0.0,1.0,0.0,0.0,255,18,0.07,0.02,0.07,0.0,0.21,0.0,0.44,0.0,normal,Normal
1,tcp,pop_3,RSTO,0,36,0,0,0,0,0,1,0,0,0,0,0,0,0,0,0,0,3,11,0.0,0.0,1.0,0.91,0.33,1.0,1.0,255,43,0.17,0.03,0.0,0.0,0.01,0.02,0.64,0.98,mscan,Probe
0,tcp,private,REJ,0,0,0,0,0,0,0,0,0,0,0,0,0,0,0,0,0,0,1,1,0.0,0.0,1.0,1.0,1.0,0.0,0.0,255,1,0.0,1.0,0.99,0.0,0.01,0.0,0.98,1.0,portsweep,Probe
0,tcp,imap4,RSTO,0,44,0,0,0,0,0,0,0,0,0,0,0,0,0,0,0,0,2,3,0.0,0.0,1.0,1.0,0.5,1.0,1.0,159,59,0.24,0.03,0.01,0.03,0.0,0.0,0.89,0.98,mscan,Probe
0,udp,private,SF,45,0,0,0,0,0,0,0,0,0,0,0,0,0,0,0,0,0,2,2,0.0,0.0,0.0,0.0,1.0,0.0,0.0,255,254,1.0,0.01,0.01,0.0,0.0,0.0,0.0,0.0,snmpguess,R2L
0,tcp,http,SF,299,2925,0,0,0,0,0,1,0,0,0,0,0,0,0,0,0,0,13,14,0.0,0.0,0.0,0.0,1.0,0.0,0.14,43,254,1.0,0.0,0.02,0.03,0.0,0.0,0.0,0.0,normal,Normal
0,tcp,telnet,S3,0,44,0,0,0,0,0,0,0,0,0,0,0,0,0,0,0,0,1,1,1.0,1.0,0.0,0.0,1.0,0.0,0.0,255,96,0.38,0.55,0.0,0.0,0.28,0.74,0.54,0.0,processtable,DoS
4,tcp,telnet,SF,24,109,0,0,0,0,0,0,0,0,0,0,0,0,0,0,0,0,4,12,0.0,0.0,0.75,0.5,0.5,0.75,0.5,81,84,0.33,0.06,0.01,0.02,0.0,0.0,0.88,0.69,mscan,Probe
0,tcp,http,S0,0,0,0,0,0,0,0,0,0,0,0,0,0,0,0,0,0,0,44,14,1.0,1.0,0.0,0.0,0.32,0.09,0.0,255,63,0.25,0.02,0.02,0.0,0.98,1.0,0.0,0.0,neptune,DoS
0,tcp,http,SF,245,10082,0,0,0,0,0,1,0,0,0,0,0,0,0,0,0,0,5,6,0.0,0.0,0.0,0.0,1.0,0.0,0.33,255,255,1.0,0.0,0.0,0.0,0.01,0.01,0.0,0.0,normal,Normal
0,tcp,private,REJ,0,0,0,0,0,0,0,0,0,0,0,0,0,0,0,0,0,0,145,9,0.0,0.0,1.0,1.0,0.06,0.06,0.0,255,9,0.04,0.05,0.0,0.0,0.0,0.0,1.0,1.0,neptune,DoS
0,tcp,http,SF,229,1587,0,0,0,0,0,1,0,0,0,0,0,0,0,0,0,0,4,4,0.0,0.0,0.0,0.0,1.0,0.0,0.0,255,255,1.0,0.0,0.0,0.0,0.0,0.0,0.0,0.0,normal,Normal
18,tcp,telnet,SF,109,131,0,0,0,0,0,0,0,0,0,0,0,0,0,0,0,0,1,1,0.0,0.0,0.0,0.0,1.0,0.0,0.0,25,9,0.36,0.12,0.04,0.0,0.0,0.0,0.12,0.33,guess_passwd,R2L
0,tcp,http,SF,171,409,0,0,0,0,0,1,0,0,0,0,0,0,0,0,0,0,3,10,0.0,0.0,0.0,0.0,1.0,0.0,0.3,31,255,1.0,0.0,0.03,0.01,0.0,0.0,0.0,0.0,normal,Normal
0,tcp,finger,SF,7,138,0,0,0,0,0,0,0,0,0,0,0,0,0,0,0,0,1,1,0.0,0.0,0.0,0.0,1.0,0.0,0.0,8,16,0.25,0.38,0.12,0.12,0.0,0.0,0.12,0.0,normal,Normal
0,tcp,mtp,REJ,0,0,0,0,0,0,0,0,0,0,0,0,0,0,0,0,0,0,187,4,0.0,0.0,1.0,1.0,0.02,0.07,0.0,255,4,0.02,0.07,0.0,0.0,0.0,0.0,1.0,1.0,neptune,DoS
0,tcp,http,REJ,0,0,0,0,0,0,0,0,0,0,0,0,0,0,0,0,0,0,1,1,0.0,0.0,1.0,1.0,1.0,0.0,0.0,17,17,1.0,0.0,0.06,0.0,0.0,0.0,0.06,0.06,phf,R2L
0,udp,domain_u,SF,43,68,0,0,0,0,0,0,0,0,0,0,0,0,0,0,0,0,156,156,0.0,0.0,0.0,0.0,1.0,0.0,0.0,255,255,1.0,0.0,0.01,0.0,0.0,0.0,0.0,0.0,normal,Normal
0,tcp,other,REJ,0,0,0,0,0,0,0,0,0,0,0,0,0,0,0,0,0,0,491,1,0.1,0.0,0.9,1.0,0.0,1.0,0.0,255,1,0.0,1.0,0.0,0.0,0.09,0.0,0.91,1.0,saint,Probe
0,tcp,Z39_50,S0,0,0,0,0,0,0,0,0,0,0,0,0,0,0,0,0,0,0,188,16,1.0,1.0,0.0,0.0,0.09,0.09,0.0,255,16,0.06,0.09,0.0,0.0,1.0,1.0,0.0,0.0,neptune,DoS
0,tcp,auth,REJ,0,0,0,0,0,0,0,0,0,0,0,0,0,0,0,0,0,0,277,13,0.0,0.0,1.0,1.0,0.05,0.06,0.0,255,13,0.05,0.07,0.0,0.0,0.0,0.0,1.0,1.0,neptune,DoS
0,tcp,private,REJ,0,0,0,0,0,0,0,0,0,0,0,0,0,0,0,0,0,0,305,1,0.16,0.0,0.82,1.0,0.0,1.0,0.0,255,1,0.0,0.98,0.0,0.0,0.19,0.0,0.78,1.0,satan,Probe
0,tcp,smtp,SF,1433,327,0,0,0,0,0,1,0,0,0,0,0,0,0,0,0,0,1,3,0.0,0.0,0.0,0.0,1.0,0.0,1.0,154,144,0.6,0.03,0.01,0.01,0.01,0.01,0.0,0.0,normal,Normal
0,tcp,http,SF,153,5181,0,0,0,0,0,1,0,0,0,0,0,0,0,0,0,0,1,1,0.0,0.0,0.0,0.0,1.0,0.0,0.0,21,255,1.0,0.0,0.05,0.02,0.0,0.0,0.0,0.0,normal,Normal
0,tcp,http,SF,341,14967,0,0,0,0,0,1,0,0,0,0,0,0,0,0,0,0,17,17,0.0,0.0,0.0,0.0,1.0,0.0,0.0,255,255,1.0,0.0,0.0,0.0,0.0,0.0,0.0,0.0,normal,Normal
283,tcp,ftp,SF,160,595,0,0,0,2,0,1,0,0,0,0,0,0,0,0,0,1,1,1,0.0,0.0,0.0,0.0,1.0,0.0,0.0,255,89,0.35,0.03,0.0,0.0,0.02,0.0,0.01,0.0,warezmaster,R2L
0,tcp,private,REJ,0,0,0,0,0,0,0,0,0,0,0,0,0,0,0,0,0,0,132,20,0.0,0.0,1.0,1.0,0.15,0.06,0.0,255,20,0.08,0.06,0.0,0.0,0.0,0.0,1.0,1.0,neptune,DoS
0,tcp,private,REJ,0,0,0,0,0,0,0,0,0,0,0,0,0,0,0,0,0,0,510,1,0.01,0.0,0.97,1.0,0.0,1.0,0.0,255,1,0.0,1.0,0.0,0.0,0.02,0.0,0.98,1.0,satan,Probe
0,tcp,other,REJ,0,0,0,0,0,0,0,0,0,0,0,0,0,0,0,0,0,0,487,1,0.04,0.0,0.96,1.0,0.0,1.0,0.0,255,1,0.0,1.0,0.0,0.0,0.04,0.0,0.96,1.0,saint,Probe
0,tcp,private,REJ,0,0,0,0,0,0,0,0,0,0,0,0,0,0,0,0,0,0,297,8,0.0,0.0,1.0,1.0,0.03,0.06,0.0,255,8,0.03,0.06,0.0,0.0,0.0,0.0,1.0,1.0,neptune,DoS
0,tcp,http,SF,161,14086,0,0,0,0,0,1,0,0,0,0,0,0,0,0,0,0,1,1,0.0,0.0,0.0,0.0,1.0,0.0,0.0,196,196,1.0,0.0,0.01,0.0,0.0,0.0,0.0,0.0,normal,Normal
280,tcp,ftp_data,SF,283618,0,0,0,0,0,0,0,0,0,0,0,0,0,0,0,0,0,1,1,0.0,0.0,0.0,0.0,1.0,0.0,0.0,4,29,0.75,0.5,0.75,0.17,0.0,0.0,0.0,0.0,warezmaster,R2L
7460,tcp,telnet,SF,0,44,0,0,0,0,0,0,0,0,0,0,0,0,0,0,0,0,1,1,0.0,0.0,0.0,0.0,1.0,0.0,0.0,255,209,0.82,0.03,0.0,0.0,0.33,0.41,0.12,0.07,processtable,DoS
283,tcp,ftp,SF,160,599,0,0,0,2,0,1,0,0,0,0,0,0,0,0,0,1,1,1,0.0,0.0,0.0,0.0,1.0,0.0,0.0,130,60,0.46,0.03,0.01,0.0,0.0,0.0,0.0,0.0,warezmaster,R2L
0,udp,private,SF,1,1,0,0,0,0,0,0,0,0,0,0,0,0,0,0,0,0,41,1,0.0,0.0,0.0,0.0,0.02,0.95,0.0,255,1,0.0,0.66,0.92,0.0,0.0,0.0,0.08,0.0,satan,Probe
0,tcp,http,S0,0,0,0,0,0,0,0,0,0,0,0,0,0,0,0,0,0,0,157,9,1.0,1.0,0.0,0.0,0.06,0.1,0.0,255,9,0.04,0.1,0.0,0.0,1.0,1.0,0.0,0.0,neptune,DoS
0,tcp,ftp_data,SF,0,7,0,0,0,0,0,0,0,0,0,0,0,0,0,0,0,0,1,1,0.0,0.0,0.0,0.0,1.0,0.0,0.0,100,5,0.05,0.05,0.05,0.0,0.0,0.0,0.0,0.0,ftp_write,R2L
3,tcp,telnet,SF,24,40,0,0,0,0,0,0,0,0,0,0,0,0,0,0,0,0,1,12,0.0,0.08,0.0,0.42,1.0,0.0,0.58,255,45,0.18,0.03,0.0,0.0,0.02,0.0,0.44,0.71,mscan,Probe
0,icmp,ecr_i,SF,1008,0,0,0,0,0,0,0,0,0,0,0,0,0,0,0,0,0,322,322,0.0,0.0,0.0,0.0,1.0,0.0,0.0,255,255,1.0,0.0,1.0,0.0,0.0,0.0,0.0,0.0,smurf,DoS
0,tcp,smtp,SF,0,83,0,0,0,0,0,1,0,0,0,0,0,0,0,0,0,0,1,1,0.0,0.0,0.0,0.0,1.0,0.0,0.0,8,191,0.62,0.25,0.12,0.01,0.0,0.0,0.0,0.02,normal,Normal
1,tcp,telnet,SF,0,44,0,0,0,0,0,0,0,0,0,0,0,0,0,0,0,0,2,27,0.0,0.11,0.0,0.67,1.0,0.0,0.89,255,248,0.97,0.02,0.0,0.0,0.33,0.34,0.03,0.01,mscan,Probe
0,tcp,http,SF,152,4473,0,0,0,0,0,1,0,0,0,0,0,0,0,0,0,0,1,1,0.0,0.0,0.0,0.0,1.0,0.0,0.0,36,255,1.0,0.0,0.03,0.02,0.0,0.0,0.0,0.0,normal,Normal
0,tcp,http_443,REJ,0,0,0,0,0,0,0,0,0,0,0,0,0,0,0,0,0,0,96,3,0.0,0.0,1.0,1.0,0.03,0.07,0.0,255,3,0.01,0.06,0.0,0.0,0.0,0.0,1.0,1.0,neptune,DoS
0,tcp,http,SF,213,253,0,0,0,0,0,1,0,0,0,0,0,0,0,0,0,0,1,1,0.0,0.0,0.0,0.0,1.0,0.0,0.0,1,247,1.0,0.0,1.0,0.07,0.0,0.0,0.0,0.0,normal,Normal
281,tcp,ftp,SF,162,597,0,0,0,2,0,1,0,0,0,0,0,0,0,0,0,1,1,1,0.0,0.0,0.0,0.0,1.0,0.0,0.0,255,87,0.34,0.03,0.0,0.0,0.02,0.0,0.01,0.0,warezmaster,R2L
0,udp,private,SF,105,146,0,0,0,0,0,0,0,0,0,0,0,0,0,0,0,0,1,1,0.0,0.0,0.0,0.0,1.0,0.0,0.0,91,90,0.99,0.02,0.01,0.0,0.0,0.0,0.0,0.0,normal,Normal
0,tcp,private,REJ,0,0,0,0,0,0,0,0,0,0,0,0,0,0,0,0,0,0,144,16,0.0,0.0,1.0,1.0,0.11,0.06,0.0,255,16,0.06,0.05,0.0,0.0,0.0,0.0,1.0,1.0,neptune,DoS
0,tcp,private,REJ,0,0,0,0,0,0,0,0,0,0,0,0,0,0,0,0,0,0,109,18,0.0,0.0,1.0,1.0,0.17,0.06,0.0,255,18,0.07,0.06,0.0,0.0,0.0,0.0,1.0,1.0,neptune,DoS
0,tcp,http,SF,54540,8314,0,0,0,2,0,1,1,0,0,0,0,0,0,0,0,0,5,5,0.0,0.0,0.2,0.2,1.0,0.0,0.0,255,229,0.9,0.01,0.0,0.0,0.0,0.0,0.01,0.01,back,DoS
0,tcp,private,REJ,0,0,0,0,0,0,0,0,0,0,0,0,0,0,0,0,0,0,125,10,0.0,0.0,1.0,1.0,0.08,0.06,0.0,255,10,0.04,0.06,0.0,0.0,0.0,0.0,1.0,1.0,neptune,DoS
0,tcp,private,REJ,0,0,0,0,0,0,0,0,0,0,0,0,0,0,0,0,0,0,136,20,0.0,0.0,1.0,1.0,0.15,0.05,0.0,255,20,0.08,0.05,0.0,0.0,0.0,0.0,1.0,1.0,neptune,DoS
906,tcp,http,RSTR,62344,0,0,0,0,0,0,1,0,0,0,0,0,0,0,0,0,0,43,43,0.0,0.0,1.0,1.0,1.0,0.0,0.0,255,255,1.0,0.0,0.0,0.0,0.0,0.0,0.41,0.41,apache2,DoS
0,tcp,pop_3,REJ,0,0,0,0,0,0,0,0,0,0,0,0,0,0,0,0,0,0,3,22,0.0,0.0,1.0,1.0,0.33,1.0,1.0,70,60,0.27,0.07,0.01,0.03,0.03,0.02,0.89,0.97,mscan,Probe
0,tcp,http,SF,205,398,0,0,0,0,0,1,0,0,0,0,0,0,0,0,0,0,20,20,0.0,0.0,0.0,0.0,1.0,0.0,0.0,255,255,1.0,0.0,0.0,0.0,0.0,0.0,0.0,0.0,normal,Normal
0,icmp,ecr_i,SF,1008,0,0,0,0,0,0,0,0,0,0,0,0,0,0,0,0,0,9,9,0.0,0.0,0.0,0.0,1.0,0.0,0.0,255,255,1.0,0.0,1.0,0.0,0.0,0.0,0.0,0.0,smurf,DoS
282,tcp,ftp,SF,162,599,0,0,0,2,0,1,0,0,0,0,0,0,0,0,0,1,2,1,0.0,0.0,0.0,0.0,0.5,1.0,0.0,255,18,0.07,0.72,0.0,0.0,0.0,0.06,0.69,0.0,warezmaster,R2L
0,tcp,private,S0,0,0,0,0,0,0,0,0,0,0,0,0,0,0,0,0,0,0,233,5,1.0,1.0,0.0,0.0,0.02,0.07,0.0,255,5,0.02,0.07,0.0,0.0,1.0,1.0,0.0,0.0,neptune,DoS
0,udp,private,SF,105,146,0,0,0,0,0,0,0,0,0,0,0,0,0,0,0,0,2,2,0.0,0.0,0.0,0.0,1.0,0.0,0.0,243,241,0.99,0.01,0.0,0.0,0.0,0.0,0.0,0.0,normal,Normal
0,tcp,http,SF,295,1813,0,0,0,0,0,1,0,0,0,0,0,0,0,0,0,0,3,3,0.0,0.0,0.0,0.0,1.0,0.0,0.0,10,190,1.0,0.0,0.1,0.05,0.0,0.0,0.0,0.0,normal,Normal
4,tcp,pop_3,SF,27,93,0,0,0,0,0,1,0,0,0,0,0,0,0,0,0,0,1,1,0.0,0.0,0.0,0.0,1.0,0.0,0.0,183,164,0.9,0.02,0.01,0.0,0.0,0.0,0.05,0.0,guess_passwd,R2L
0,tcp,telnet,SF,125,174,0,0,0,0,1,0,0,0,0,0,0,0,0,0,0,0,2,2,0.0,0.0,0.0,0.0,1.0,0.0,0.0,255,114,0.45,0.02,0.0,0.0,0.0,0.0,0.01,0.03,guess_passwd,R2L
0,tcp,http,SF,236,3433,0,0,0,0,0,1,0,0,0,0,0,0,0,0,0,0,11,12,0.0,0.0,0.0,0.0,1.0,0.0,0.17,226,255,1.0,0.0,0.0,0.01,0.0,0.0,0.0,0.0,normal,Normal
0,icmp,tim_i,SF,564,0,0,0,0,0,0,0,0,0,0,0,0,0,0,0,0,0,3,2,0.0,0.0,0.0,0.0,0.67,0.67,0.0,225,2,0.01,0.03,0.01,0.0,0.0,0.0,0.0,0.0,pod,DoS
0,tcp,private,REJ,0,0,0,0,0,0,0,0,0,0,0,0,0,0,0,0,0,0,296,18,0.0,0.0,1.0,1.0,0.06,0.05,0.0,255,18,0.07,0.06,0.0,0.0,0.0,0.0,1.0,1.0,neptune,DoS
0,udp,private,SF,105,0,0,0,0,0,0,0,0,0,0,0,0,0,0,0,0,0,3,3,0.0,0.0,0.0,0.0,1.0,0.0,0.0,255,254,1.0,0.01,0.02,0.0,0.0,0.0,0.0,0.0,normal,Normal
0,tcp,http,SF,245,7242,0,0,0,0,0,1,0,0,0,0,0,0,0,0,0,0,7,7,0.0,0.0,0.0,0.0,1.0,0.0,0.0,24,255,1.0,0.0,0.04,0.05,0.0,0.0,0.0,0.0,normal,Normal
0,tcp,http,SF,177,1960,0,0,0,0,0,1,0,0,0,0,0,0,0,0,0,0,1,1,0.0,0.0,0.0,0.0,1.0,0.0,0.0,31,255,1.0,0.0,0.03,0.02,0.0,0.0,0.0,0.0,normal,Normal
0,tcp,http,SF,302,3222,0,0,0,0,0,1,0,0,0,0,0,0,0,0,0,0,3,3,0.0,0.0,0.0,0.0,1.0,0.0,0.0,255,236,0.93,0.02,0.0,0.0,0.0,0.0,0.0,0.0,normal,Normal
0,tcp,vmnet,REJ,0,0,0,0,0,0,0,0,0,0,0,0,0,0,0,0,0,0,249,18,0.0,0.0,1.0,1.0,0.07,0.06,0.0,255,18,0.07,0.06,0.0,0.0,0.0,0.0,1.0,1.0,neptune,DoS
0,tcp,http,SF,179,7257,0,0,0,0,0,1,0,0,0,0,0,0,0,0,0,0,1,1,0.0,0.0,0.0,0.0,1.0,0.0,0.0,30,255,1.0,0.0,0.03,0.02,0.0,0.0,0.0,0.0,normal,Normal
0,tcp,http_443,REJ,0,0,0,0,0,0,0,0,0,0,0,0,0,0,0,0,0,0,111,13,0.0,0.0,1.0,1.0,0.12,0.06,0.0,255,13,0.05,0.06,0.0,0.0,0.0,0.0,1.0,1.0,neptune,DoS
0,tcp,http,SF,225,4263,0,0,0,0,0,1,0,0,0,0,0,0,0,0,0,0,2,21,0.0,0.1,0.0,0.0,1.0,0.0,0.29,29,255,1.0,0.0,0.03,0.07,0.0,0.0,0.0,0.0,normal,Normal
3,tcp,pop_3,SF,32,93,0,0,0,0,0,1,0,0,0,0,0,0,0,0,0,0,1,1,0.0,0.0,0.0,0.0,1.0,0.0,0.0,255,245,0.96,0.02,0.0,0.0,0.0,0.0,0.02,0.0,guess_passwd,R2L
0,tcp,http,REJ,0,0,0,0,0,0,0,0,0,0,0,0,0,0,0,0,0,0,274,16,0.05,0.0,0.95,0.81,0.05,0.06,0.12,255,13,0.05,0.07,0.0,0.0,0.05,0.0,0.95,1.0,neptune,DoS
0,tcp,private,REJ,0,0,0,0,0,0,0,0,0,0,0,0,0,0,0,0,0,0,293,17,0.0,0.0,1.0,1.0,0.06,0.06,0.0,255,17,0.07,0.06,0.0,0.0,0.0,0.0,1.0,1.0,neptune,DoS
0,tcp,http,SF,256,5320,0,0,0,0,0,1,0,0,0,0,0,0,0,0,0,0,21,22,0.0,0.0,0.0,0.0,1.0,0.0,0.09,55,255,1.0,0.0,0.02,0.03,0.0,0.0,0.0,0.0,normal,Normal
281,tcp,ftp,SF,160,597,0,0,0,2,0,1,0,0,0,0,0,0,0,0,0,1,1,1,0.0,0.0,0.0,0.0,1.0,0.0,0.0,255,43,0.17,0.02,0.0,0.0,0.0,0.0,0.51,0.0,warezmaster,R2L
0,udp,domain_u,SF,45,71,0,0,0,0,0,0,0,0,0,0,0,0,0,0,0,0,379,384,0.0,0.0,0.0,0.0,1.0,0.01,0.01,255,255,1.0,0.0,0.0,0.0,0.0,0.0,0.0,0.0,normal,Normal
0,tcp,http,SF,276,1183,0,0,0,0,0,1,0,0,0,0,0,0,0,0,0,0,3,3,0.0,0.0,0.0,0.0,1.0,0.0,0.0,47,172,1.0,0.0,0.02,0.02,0.0,0.0,0.0,0.0,normal,Normal
0,tcp,http,SF,216,1487,0,0,0,0,0,1,0,0,0,0,0,0,0,0,0,0,28,28,0.0,0.0,0.0,0.0,1.0,0.0,0.0,67,255,1.0,0.0,0.01,0.02,0.0,0.0,0.0,0.0,normal,Normal
0,udp,private,SF,105,105,0,0,0,0,0,0,0,0,0,0,0,0,0,0,0,0,4,3,0.0,0.0,0.0,0.0,0.75,0.5,0.0,255,254,1.0,0.01,0.0,0.0,0.0,0.0,0.0,0.0,normal,Normal
0,tcp,http,SF,234,19951,0,0,0,0,0,1,0,0,0,0,0,0,0,0,0,0,3,3,0.0,0.0,0.0,0.0,1.0,0.0,0.0,3,253,1.0,0.0,0.33,0.02,0.0,0.0,0.0,0.0,normal,Normal
898,tcp,http,RSTR,71584,0,0,0,0,0,0,1,0,0,0,0,0,0,0,0,0,0,30,30,0.17,0.17,0.83,0.83,1.0,0.0,0.0,255,255,1.0,0.0,0.0,0.0,0.02,0.02,0.63,0.63,apache2,DoS
1,tcp,smtp,SF,2599,293,0,0,0,0,0,1,0,0,0,0,0,0,0,0,0,0,3,3,0.0,0.0,0.0,0.0,1.0,0.0,0.0,255,19,0.07,0.16,0.0,0.0,0.0,0.0,0.91,0.0,mailbomb,DoS
0,tcp,private,S0,0,0,0,0,0,0,0,0,0,0,0,0,0,0,0,0,0,0,261,17,1.0,1.0,0.0,0.0,0.07,0.07,0.0,255,17,0.07,0.07,0.0,0.0,1.0,1.0,0.0,0.0,neptune,DoS
4,tcp,pop_3,SF,28,93,0,0,0,0,0,1,0,0,0,0,0,0,0,0,0,0,1,1,0.0,0.0,0.0,0.0,1.0,0.0,0.0,255,246,0.96,0.01,0.0,0.0,0.0,0.0,0.01,0.0,guess_passwd,R2L
7625,tcp,telnet,SF,0,44,0,0,0,0,0,0,0,0,0,0,0,0,0,0,0,0,1,1,0.0,0.0,0.0,0.0,1.0,0.0,0.0,255,169,0.66,0.03,0.0,0.0,0.33,0.5,0.11,0.08,processtable,DoS
0,tcp,sunrpc,REJ,0,0,0,0,0,0,0,0,0,0,0,0,0,0,0,0,0,0,5,3,0.0,0.0,0.8,1.0,0.2,0.8,1.0,234,52,0.2,0.02,0.0,0.04,0.0,0.0,0.88,1.0,mscan,Probe
0,tcp,telnet,SF,124,174,0,0,0,0,1,0,0,0,0,0,0,0,0,0,0,0,1,1,0.0,0.0,0.0,0.0,1.0,0.0,0.0,255,254,1.0,0.01,0.0,0.0,0.02,0.02,0.01,0.01,guess_passwd,R2L
0,tcp,http,SF,220,3542,0,0,0,0,0,1,0,0,0,0,0,0,0,0,0,0,15,18,0.0,0.0,0.0,0.0,1.0,0.0,0.22,255,255,1.0,0.0,0.0,0.0,0.0,0.0,0.0,0.0,normal,Normal
0,icmp,eco_i,SF,18,0,0,0,0,0,0,0,0,0,0,0,0,0,0,0,0,0,1,1,0.0,0.0,0.0,0.0,1.0,0.0,0.0,1,113,1.0,0.0,1.0,1.0,0.0,0.0,0.0,0.0,ipsweep,Probe
0,tcp,private,REJ,0,0,0,0,0,0,0,0,0,0,0,0,0,0,0,0,0,0,221,1,0.0,0.0,1.0,1.0,0.0,0.07,0.0,255,1,0.0,0.08,0.0,0.0,0.0,0.0,1.0,1.0,neptune,DoS
0,tcp,other,REJ,0,0,0,0,0,0,0,0,0,0,0,0,0,0,0,0,0,0,449,1,0.14,0.0,0.86,1.0,0.0,1.0,0.0,255,1,0.0,0.96,0.0,0.0,0.14,0.0,0.86,1.0,satan,Probe
0,udp,domain_u,SF,45,45,0,0,0,0,0,0,0,0,0,0,0,0,0,0,0,0,80,160,0.0,0.0,0.0,0.0,1.0,0.0,0.01,255,244,0.96,0.01,0.01,0.0,0.0,0.0,0.0,0.0,normal,Normal
0,tcp,other,REJ,0,0,0,0,0,0,0,0,0,0,0,0,0,0,0,0,0,0,508,1,0.11,0.0,0.89,1.0,0.0,1.0,0.0,255,1,0.0,1.0,0.0,0.0,0.18,0.0,0.82,1.0,satan,Probe
0,tcp,private,S0,0,0,0,0,0,0,0,0,0,0,0,0,0,0,0,0,0,0,117,11,1.0,1.0,0.0,0.0,0.09,0.07,0.0,255,11,0.04,0.06,0.0,0.0,1.0,1.0,0.0,0.0,neptune,DoS
0,tcp,finger,RSTO,0,0,0,0,0,0,0,0,0,0,0,0,0,0,0,0,0,0,134,19,0.0,0.0,1.0,1.0,0.14,0.06,0.0,255,19,0.07,0.06,0.0,0.0,0.3,0.0,0.7,1.0,neptune,DoS
0,tcp,http,SF,330,279,0,0,0,0,0,1,0,0,0,0,0,0,0,0,0,0,3,4,0.0,0.0,0.0,0.0,1.0,0.0,0.5,202,255,1.0,0.0,0.0,0.04,0.0,0.0,0.0,0.0,normal,Normal
7591,tcp,telnet,SF,0,44,0,0,0,0,0,0,0,0,0,0,0,0,0,0,0,0,1,1,0.0,0.0,0.0,0.0,1.0,0.0,0.0,255,160,0.63,0.35,0.0,0.0,0.49,0.79,0.34,0.01,processtable,DoS
2066,tcp,http,RSTR,56504,0,0,0,0,0,0,1,0,0,0,0,0,0,0,0,0,0,10,10,0.0,0.0,1.0,1.0,1.0,0.0,0.0,255,244,0.96,0.01,0.0,0.0,0.02,0.02,0.51,0.54,apache2,DoS
0,tcp,name,REJ,0,0,0,0,0,0,0,0,0,0,0,0,0,0,0,0,0,0,215,15,0.0,0.0,1.0,1.0,0.07,0.07,0.0,255,15,0.06,0.07,0.0,0.0,0.0,0.0,1.0,1.0,neptune,DoS
8101,tcp,telnet,S3,1,15,0,0,0,0,0,0,0,0,0,0,0,0,0,0,0,0,1,1,1.0,1.0,0.0,0.0,1.0,0.0,0.0,255,36,0.14,0.76,0.0,0.0,0.04,0.31,0.74,0.0,processtable,DoS
0,tcp,uucp,RSTO,0,0,0,0,0,0,0,0,0,0,0,0,0,0,0,0,0,0,116,2,0.0,0.0,1.0,1.0,0.02,0.07,0.0,255,2,0.01,0.06,0.0,0.0,0.0,0.0,1.0,1.0,neptune,DoS
0,tcp,http,SF,289,2976,0,0,0,0,0,1,0,0,0,0,0,0,0,0,0,0,2,3,0.0,0.0,0.0,0.0,1.0,0.0,0.67,2,255,1.0,0.0,0.5,0.02,0.0,0.0,0.0,0.0,normal,Normal
0,tcp,other,REJ,0,0,0,0,0,0,0,0,0,0,0,0,0,0,0,0,0,0,488,1,0.07,0.0,0.93,1.0,0.0,1.0,0.0,255,1,0.0,1.0,0.0,0.0,0.08,0.0,0.92,1.0,saint,Probe
0,tcp,private,REJ,0,0,0,0,0,0,0,0,0,0,0,0,0,0,0,0,0,0,98,4,0.0,0.0,1.0,1.0,0.04,0.06,0.0,255,4,0.02,0.06,0.0,0.0,0.0,0.0,1.0,1.0,neptune,DoS
0,tcp,sunrpc,REJ,0,0,0,0,0,0,0,0,0,0,0,0,0,0,0,0,0,0,4,4,0.0,0.0,1.0,1.0,0.25,1.0,1.0,39,52,0.18,0.13,0.03,0.04,0.0,0.0,0.87,1.0,mscan,Probe
0,udp,private,SF,46,44,0,0,0,0,0,0,0,0,0,0,0,0,0,0,0,0,34,34,0.0,0.0,0.0,0.0,1.0,0.0,0.0,255,255,1.0,0.0,0.15,0.0,0.0,0.0,0.0,0.0,normal,Normal
0,tcp,private,SH,0,0,0,0,0,0,0,0,0,0,0,0,0,0,0,0,0,0,1,1,1.0,1.0,0.0,0.0,1.0,0.0,0.0,170,1,0.01,1.0,1.0,0.0,1.0,1.0,0.0,0.0,nmap,Probe
7346,tcp,telnet,SF,0,44,0,0,0,0,0,0,0,0,0,0,0,0,0,0,0,0,1,1,0.0,0.0,0.0,0.0,1.0,0.0,0.0,255,227,0.89,0.02,0.0,0.0,0.27,0.3,0.01,0.0,processtable,DoS
933,tcp,http,RSTR,8324,0,0,0,0,0,0,1,0,0,0,0,0,0,0,0,0,0,69,69,0.01,0.01,0.97,0.97,1.0,0.0,0.0,255,255,1.0,0.0,0.0,0.0,0.0,0.0,0.26,0.26,apache2,DoS
0,tcp,http,SF,361,1135,0,0,0,0,0,1,0,0,0,0,0,0,0,0,0,0,10,13,0.0,0.0,0.0,0.0,1.0,0.0,0.15,255,255,1.0,0.0,0.0,0.0,0.0,0.0,0.0,0.0,normal,Normal
0,tcp,netbios_ns,REJ,0,0,0,0,0,0,0,0,0,0,0,0,0,0,0,0,0,0,269,5,0.0,0.0,1.0,1.0,0.02,0.06,0.0,255,5,0.02,0.06,0.0,0.0,0.0,0.0,1.0,1.0,neptune,DoS
0,udp,private,SF,105,146,0,0,0,0,0,0,0,0,0,0,0,0,0,0,0,0,1,1,0.0,0.0,0.0,0.0,1.0,0.0,0.0,169,168,0.99,0.01,0.01,0.0,0.0,0.0,0.0,0.0,snmpgetattack,R2L
0,tcp,http,SF,316,12557,0,0,0,0,0,1,0,0,0,0,0,0,0,0,0,0,15,16,0.0,0.0,0.0,0.0,1.0,0.0,0.12,39,39,1.0,0.0,0.03,0.0,0.0,0.0,0.0,0.0,normal,Normal
7959,tcp,telnet,SF,0,44,0,0,0,0,0,0,0,0,0,0,0,0,0,0,0,0,1,1,0.0,0.0,0.0,0.0,1.0,0.0,0.0,255,110,0.43,0.02,0.0,0.0,0.54,0.35,0.01,0.01,processtable,DoS
0,tcp,http,SF,305,285,0,0,0,0,0,1,0,0,0,0,0,0,0,0,0,0,2,2,0.0,0.0,0.0,0.0,1.0,0.0,0.0,99,255,1.0,0.0,0.01,0.02,0.0,0.0,0.0,0.0,normal,Normal
0,icmp,ecr_i,SF,1008,0,0,0,0,0,0,0,0,0,0,0,0,0,0,0,0,0,10,10,0.0,0.0,0.0,0.0,1.0,0.0,0.0,255,255,1.0,0.0,1.0,0.0,0.0,0.0,0.0,0.0,smurf,DoS
0,tcp,private,REJ,0,0,0,0,0,0,0,0,0,0,0,0,0,0,0,0,0,0,272,8,0.67,0.0,0.33,1.0,0.03,0.06,0.0,255,8,0.03,0.06,0.0,0.0,0.69,0.0,0.31,1.0,neptune,DoS
0,udp,private,SF,47,0,0,0,0,0,0,0,0,0,0,0,0,0,0,0,0,0,2,2,0.0,0.0,0.0,0.0,1.0,0.0,0.0,255,253,0.99,0.01,0.01,0.0,0.0,0.0,0.0,0.0,snmpguess,R2L
0,tcp,http,SF,320,4745,0,0,0,0,0,1,0,0,0,0,0,0,0,0,0,0,1,1,0.0,0.0,0.0,0.0,1.0,0.0,0.0,4,255,1.0,0.0,0.25,0.04,0.0,0.0,0.0,0.0,normal,Normal
0,tcp,smtp,SF,1231,360,0,0,0,0,0,1,0,0,0,0,0,0,0,0,0,0,2,1,0.0,0.0,0.0,0.0,0.5,1.0,0.0,255,160,0.63,0.03,0.0,0.0,0.0,0.0,0.01,0.0,normal,Normal
0,udp,other,SF,5,0,0,0,0,0,0,0,0,0,0,0,0,0,0,0,0,0,140,1,0.0,0.0,0.0,0.0,0.01,0.01,0.0,8,2,0.25,0.62,0.25,0.0,0.0,0.0,0.12,0.0,satan,Probe
0,udp,private,SF,53,51,0,0,0,0,0,0,0,0,0,0,0,0,0,0,0,0,503,503,0.0,0.0,0.0,0.0,1.0,0.0,0.0,255,255,1.0,0.0,0.82,0.0,0.0,0.0,0.0,0.0,normal,Normal
0,tcp,private,REJ,0,0,0,0,0,0,0,0,0,0,0,0,0,0,0,0,0,0,134,16,0.0,0.0,1.0,1.0,0.12,0.05,0.0,255,16,0.06,0.05,0.0,0.0,0.0,0.0,1.0,1.0,neptune,DoS
7264,tcp,telnet,SF,0,44,0,0,0,0,0,0,0,0,0,0,0,0,0,0,0,0,1,1,0.0,0.0,0.0,0.0,1.0,0.0,0.0,255,246,0.96,0.02,0.0,0.0,0.33,0.35,0.04,0.02,processtable,DoS
0,tcp,http,SF,215,190,0,0,0,0,0,1,0,0,0,0,0,0,0,0,0,0,20,20,0.0,0.0,0.0,0.0,1.0,0.0,0.0,255,255,1.0,0.0,0.0,0.0,0.0,0.0,0.0,0.0,normal,Normal
0,tcp,private,S0,0,0,0,0,0,0,0,0,0,0,0,0,0,0,0,0,0,0,138,4,1.0,1.0,0.0,0.0,0.03,0.1,0.0,255,4,0.02,0.1,0.0,0.0,1.0,1.0,0.0,0.0,neptune,DoS
0,tcp,http,SF,54540,8314,0,0,0,2,0,1,1,0,0,0,0,0,0,0,0,0,4,4,0.0,0.0,0.25,0.25,1.0,0.0,0.0,255,229,0.9,0.01,0.0,0.0,0.0,0.0,0.01,0.0,back,DoS
0,udp,private,SF,52,52,0,0,0,0,0,0,0,0,0,0,0,0,0,0,0,0,511,511,0.0,0.0,0.0,0.0,1.0,0.0,0.0,255,255,1.0,0.0,0.89,0.0,0.0,0.0,0.0,0.0,normal,Normal
283,tcp,ftp,SF,160,597,0,0,0,2,0,1,0,0,0,0,0,0,0,0,0,1,1,1,0.0,0.0,0.0,0.0,1.0,0.0,0.0,255,103,0.4,0.03,0.0,0.0,0.02,0.0,0.01,0.0,warezmaster,R2L
0,tcp,http,SF,305,1850,0,0,0,0,0,1,0,0,0,0,0,0,0,0,0,0,26,46,0.0,0.0,0.0,0.0,1.0,0.0,0.13,55,255,1.0,0.0,0.02,0.03,0.0,0.0,0.0,0.0,normal,Normal
5,tcp,pop_3,SF,28,93,0,0,0,0,0,1,0,0,0,0,0,0,0,0,0,0,1,1,0.0,0.0,0.0,0.0,1.0,0.0,0.0,255,219,0.86,0.04,0.0,0.0,0.0,0.0,0.0,0.0,guess_passwd,R2L
0,icmp,ecr_i,SF,520,0,0,0,0,0,0,0,0,0,0,0,0,0,0,0,0,0,383,383,0.0,0.0,0.0,0.0,1.0,0.0,0.0,255,255,1.0,0.0,1.0,0.0,0.0,0.0,0.0,0.0,smurf,DoS
0,tcp,http,SF,213,397,0,0,0,0,0,1,0,0,0,0,0,0,0,0,0,0,3,3,0.0,0.0,0.0,0.0,1.0,0.0,0.0,20,255,1.0,0.0,0.05,0.04,0.0,0.0,0.0,0.0,normal,Normal
0,tcp,whois,REJ,0,0,0,0,0,0,0,0,0,0,0,0,0,0,0,0,0,0,211,16,0.0,0.0,1.0,1.0,0.08,0.06,0.0,255,16,0.06,0.06,0.0,0.0,0.0,0.0,1.0,1.0,neptune,DoS
0,tcp,telnet,RSTO,125,188,0,0,0,0,1,0,0,0,0,0,0,0,0,0,0,0,1,1,0.0,0.0,1.0,1.0,1.0,0.0,0.0,255,57,0.22,0.02,0.0,0.0,0.0,0.0,0.01,0.05,guess_passwd,R2L
0,tcp,ftp_data,SF,12,0,0,0,0,0,0,0,0,0,0,0,0,0,0,0,0,0,2,4,0.0,0.0,0.0,0.0,1.0,0.0,0.5,2,18,1.0,0.0,1.0,0.22,0.0,0.0,0.0,0.0,warezmaster,R2L
0,tcp,http,SF,245,587,0,0,0,0,0,1,0,0,0,0,0,0,0,0,0,0,9,10,0.0,0.0,0.0,0.0,1.0,0.0,0.2,255,255,1.0,0.0,0.0,0.0,0.0,0.0,0.0,0.0,normal,Normal
0,icmp,ecr_i,SF,40008,0,0,0,0,0,0,0,0,0,0,0,0,0,0,0,0,0,3,3,0.0,0.0,0.0,0.0,1.0,0.0,0.0,48,48,1.0,0.0,1.0,0.0,0.0,0.0,0.0,0.0,normal,Normal
0,tcp,private,REJ,0,0,0,0,0,0,0,0,0,0,0,0,0,0,0,0,0,0,243,8,0.0,0.0,1.0,1.0,0.03,0.06,0.0,255,8,0.03,0.07,0.0,0.0,0.0,0.0,1.0,1.0,neptune,DoS
0,tcp,http,SF,224,6220,0,0,0,0,0,1,0,0,0,0,0,0,0,0,0,0,20,42,0.0,0.0,0.0,0.0,1.0,0.0,0.12,91,255,1.0,0.0,0.01,0.04,0.0,0.0,0.0,0.0,normal,Normal
0,tcp,private,REJ,0,0,0,0,0,0,0,0,0,0,0,0,0,0,0,0,0,0,109,3,0.0,0.0,1.0,1.0,0.03,0.08,0.0,255,3,0.01,0.07,0.0,0.0,0.0,0.0,1.0,1.0,neptune,DoS
0,tcp,http,SF,282,24572,0,0,0,0,0,1,0,0,0,0,0,0,0,0,0,0,2,2,0.0,0.0,0.0,0.0,1.0,0.0,0.0,74,255,1.0,0.0,0.01,0.02,0.01,0.0,0.0,0.0,normal,Normal
0,tcp,finger,SF,8,220,0,0,0,0,0,0,0,0,0,0,0,0,0,0,0,0,1,1,0.0,0.0,0.0,0.0,1.0,0.0,0.0,180,6,0.03,0.02,0.01,0.33,0.0,0.0,0.0,0.0,normal,Normal
0,tcp,http,SF,236,10503,0,0,0,0,0,1,0,0,0,0,0,0,0,0,0,0,3,3,0.0,0.0,0.0,0.0,1.0,0.0,0.0,255,255,1.0,0.0,0.0,0.0,0.0,0.0,0.0,0.0,normal,Normal
280,tcp,ftp_data,SF,283618,0,0,0,0,0,0,0,0,0,0,0,0,0,0,0,0,0,2,2,0.0,0.0,0.0,0.0,1.0,0.0,0.0,3,4,0.67,0.67,0.67,0.5,0.0,0.0,0.0,0.0,warezmaster,R2L
0,tcp,http,SF,278,2494,0,0,0,0,0,1,0,0,0,0,0,0,0,0,0,0,12,13,0.0,0.0,0.0,0.0,1.0,0.0,0.15,110,255,1.0,0.0,0.01,0.02,0.0,0.0,0.0,0.0,normal,Normal
0,tcp,private,S0,0,0,0,0,0,0,0,0,0,0,0,0,0,0,0,0,0,0,262,13,1.0,1.0,0.0,0.0,0.05,0.06,0.0,255,13,0.05,0.06,0.0,0.0,1.0,1.0,0.0,0.0,neptune,DoS
0,tcp,http,SF,235,280,0,0,0,0,0,1,0,0,0,0,0,0,0,0,0,0,6,10,0.0,0.0,0.0,0.0,1.0,0.0,0.2,255,255,1.0,0.0,0.0,0.0,0.0,0.0,0.0,0.0,normal,Normal
0,tcp,ftp_data,SF,3346,0,0,0,0,0,0,0,0,0,0,0,0,0,0,0,0,0,1,1,0.0,0.0,0.0,0.0,1.0,0.0,0.0,255,44,0.17,0.03,0.17,0.0,0.45,0.0,0.02,0.0,ps,U2R
1,tcp,smtp,SF,736,330,0,0,0,0,0,1,0,0,0,0,0,0,0,0,0,0,1,2,0.0,0.0,0.0,0.0,1.0,0.0,1.0,73,117,0.81,0.05,0.01,0.02,0.0,0.0,0.0,0.0,normal,Normal
0,tcp,private,S0,0,0,0,0,0,0,0,0,0,0,0,0,0,0,0,0,0,0,130,15,1.0,1.0,0.0,0.0,0.12,0.06,0.0,255,15,0.06,0.06,0.0,0.0,1.0,1.0,0.0,0.0,neptune,DoS
0,tcp,http,SF,294,8232,0,0,0,0,0,1,0,0,0,0,0,0,0,0,0,0,3,3,0.0,0.0,0.0,0.0,1.0,0.0,0.0,3,255,1.0,0.0,0.33,0.04,0.0,0.0,0.0,0.0,normal,Normal
0,tcp,private,S0,0,0,0,0,0,0,0,0,0,0,0,0,0,0,0,0,0,0,128,3,1.0,1.0,0.0,0.0,0.02,0.07,0.0,255,3,0.01,0.06,0.0,0.0,1.0,1.0,0.0,0.0,neptune,DoS
0,udp,private,SF,48,48,0,0,0,0,0,0,0,0,0,0,0,0,0,0,0,0,3,3,0.0,0.0,0.0,0.0,1.0,0.0,0.0,255,254,1.0,0.01,0.01,0.0,0.0,0.0,0.0,0.0,snmpguess,R2L
0,tcp,supdup,REJ,0,0,0,0,0,0,0,0,0,0,0,0,0,0,0,0,0,0,219,16,0.0,0.0,1.0,1.0,0.07,0.07,0.0,255,16,0.06,0.08,0.0,0.0,0.0,0.0,1.0,1.0,neptune,DoS
0,tcp,nntp,RSTO,0,0,0,0,0,0,0,0,0,0,0,0,0,0,0,0,0,0,299,2,0.0,0.0,1.0,1.0,0.01,0.06,0.0,255,2,0.01,0.06,0.0,0.0,0.0,0.0,1.0,1.0,neptune,DoS
0,tcp,smtp,SF,1176,368,0,0,0,0,0,1,0,0,0,0,0,0,0,0,0,0,1,1,0.0,0.0,0.0,0.0,1.0,0.0,0.0,128,167,0.6,0.03,0.01,0.01,0.0,0.0,0.0,0.0,normal,Normal
0,icmp,eco_i,SF,20,0,0,0,0,0,0,0,0,0,0,0,0,0,0,0,0,0,1,59,0.0,0.0,0.0,0.0,1.0,0.0,1.0,2,43,1.0,0.0,1.0,0.28,0.0,0.0,0.0,0.0,saint,Probe
0,udp,private,SF,54,51,0,0,0,0,0,0,0,0,0,0,0,0,0,0,0,0,285,285,0.0,0.0,0.0,0.0,1.0,0.0,0.0,255,255,1.0,0.0,0.93,0.0,0.0,0.0,0.0,0.0,normal,Normal
0,icmp,eco_i,SF,40008,0,0,0,0,0,0,0,0,0,0,0,0,0,0,0,0,0,3,3,0.0,0.0,0.0,0.0,1.0,0.0,0.0,142,145,0.23,0.04,0.23,0.4,0.0,0.0,0.02,0.0,normal,Normal
284,tcp,ftp,SF,161,597,0,0,0,2,0,1,0,0,0,0,0,0,0,0,0,1,1,1,0.0,0.0,0.0,0.0,1.0,0.0,0.0,2,1,0.5,1.0,0.5,0.0,0.0,0.0,0.0,0.0,warezmaster,R2L
0,tcp,pop_3,RSTO,0,36,0,0,0,0,0,1,0,0,0,0,0,0,0,0,0,0,2,4,0.0,0.0,1.0,1.0,0.5,1.0,1.0,255,45,0.18,0.03,0.0,0.0,0.0,0.0,0.67,0.96,mscan,Probe
0,tcp,shell,RSTO,0,0,0,0,0,0,0,0,0,0,0,0,0,0,0,0,0,0,135,8,0.0,0.0,1.0,1.0,0.06,0.07,0.0,255,8,0.03,0.06,0.0,0.0,0.0,0.0,1.0,1.0,neptune,DoS
0,tcp,private,REJ,0,0,0,0,0,0,0,0,0,0,0,0,0,0,0,0,0,0,103,6,0.0,0.0,1.0,1.0,0.06,0.08,0.0,255,6,0.02,0.07,0.0,0.0,0.0,0.0,1.0,1.0,neptune,DoS
0,tcp,http,SF,302,4081,0,0,0,0,0,1,0,0,0,0,0,0,0,0,0,0,2,3,0.0,0.0,0.0,0.0,1.0,0.0,0.67,22,255,1.0,0.0,0.05,0.05,0.0,0.0,0.0,0.0,normal,Normal
0,tcp,sunrpc,REJ,0,0,0,0,0,0,0,0,0,0,0,0,0,0,0,0,0,0,1,2,0.0,0.0,1.0,1.0,1.0,0.0,1.0,255,7,0.03,0.03,0.0,0.0,0.0,0.0,0.19,1.0,mscan,Probe
0,tcp,http,SF,202,6008,0,0,0,0,0,1,0,0,0,0,0,0,0,0,0,0,2,12,0.0,0.0,0.0,0.0,1.0,0.0,0.17,110,254,1.0,0.0,0.01,0.04,0.0,0.0,0.0,0.0,normal,Normal
0,icmp,ecr_i,SF,1008,0,0,0,0,0,0,0,0,0,0,0,0,0,0,0,0,0,225,225,0.0,0.0,0.0,0.0,1.0,0.0,0.0,255,255,1.0,0.0,1.0,0.0,0.0,0.0,0.0,0.0,smurf,DoS
1,tcp,smtp,SF,2599,293,0,0,0,0,0,1,0,0,0,0,0,0,0,0,0,0,2,2,0.0,0.0,0.0,0.0,1.0,0.0,0.0,255,173,0.68,0.13,0.0,0.0,0.0,0.0,0.31,0.0,mailbomb,DoS
0,tcp,http,S0,0,0,0,0,0,0,0,0,0,0,0,0,0,0,0,0,0,0,61,61,1.0,1.0,0.0,0.0,1.0,0.0,0.0,255,255,1.0,0.0,0.0,0.0,0.81,0.81,0.16,0.16,apache2,DoS
0,tcp,http,SF,225,1075,0,0,0,0,0,1,0,0,0,0,0,0,0,0,0,0,3,3,0.0,0.0,0.0,0.0,1.0,0.0,0.0,156,104,0.67,0.03,0.01,0.0,0.0,0.0,0.0,0.0,normal,Normal
0,tcp,private,REJ,0,0,0,0,0,0,0,0,0,0,0,0,0,0,0,0,0,0,107,7,0.0,0.0,1.0,1.0,0.07,0.07,0.0,255,7,0.03,0.06,0.0,0.0,0.0,0.0,1.0,1.0,neptune,DoS
0,tcp,telnet,SF,123,174,0,0,0,0,1,0,0,0,0,0,0,0,0,0,0,0,1,1,0.0,0.0,0.0,0.0,1.0,0.0,0.0,255,79,0.31,0.02,0.0,0.0,0.0,0.0,0.01,0.04,guess_passwd,R2L
0,tcp,http,SF,335,12051,0,0,0,0,0,1,0,0,0,0,0,0,0,0,0,0,25,25,0.0,0.0,0.0,0.0,1.0,0.0,0.0,255,255,1.0,0.0,0.0,0.0,0.0,0.0,0.0,0.0,normal,Normal
0,tcp,courier,REJ,0,0,0,0,0,0,0,0,0,0,0,0,0,0,0,0,0,0,138,20,0.0,0.0,1.0,1.0,0.14,0.06,0.0,255,20,0.08,0.05,0.0,0.0,0.0,0.0,1.0,1.0,neptune,DoS
1,tcp,imap4,RSTO,0,44,0,0,0,0,0,0,0,0,0,0,0,0,0,0,0,0,2,10,0.0,0.0,1.0,1.0,0.5,1.0,1.0,138,60,0.25,0.04,0.01,0.03,0.0,0.0,0.89,1.0,mscan,Probe
0,tcp,private,REJ,0,0,0,0,0,0,0,0,0,0,0,0,0,0,0,0,0,0,230,15,0.0,0.0,1.0,1.0,0.07,0.06,0.0,255,15,0.06,0.07,0.0,0.0,0.0,0.0,1.0,1.0,neptune,DoS
0,tcp,other,S0,0,0,0,0,0,0,0,0,0,0,0,0,0,0,0,0,0,0,458,1,0.15,1.0,0.85,0.0,0.0,1.0,0.0,255,1,0.0,0.93,0.0,0.0,0.15,1.0,0.85,0.0,satan,Probe
0,udp,private,SF,105,105,0,0,0,0,0,0,0,0,0,0,0,0,0,0,0,0,3,3,0.0,0.0,0.0,0.0,1.0,0.0,0.0,255,254,1.0,0.01,0.0,0.0,0.0,0.0,0.0,0.0,normal,Normal
0,udp,private,SF,105,0,0,0,0,0,0,0,0,0,0,0,0,0,0,0,0,0,6,6,0.0,0.0,0.0,0.0,1.0,0.0,0.0,255,254,1.0,0.01,0.01,0.0,0.0,0.0,0.0,0.0,normal,Normal
0,tcp,http,SF,331,1078,0,0,0,0,0,1,0,0,0,0,0,0,0,0,0,0,12,12,0.0,0.0,0.0,0.0,1.0,0.0,0.0,42,255,1.0,0.0,0.02,0.01,0.0,0.0,0.0,0.0,normal,Normal
0,tcp,http,SF,327,2005,0,0,0,0,0,1,0,0,0,0,0,0,0,0,0,0,10,11,0.0,0.0,0.0,0.0,1.0,0.0,0.18,255,255,1.0,0.0,0.0,0.0,0.0,0.0,0.0,0.0,normal,Normal
0,tcp,http,S0,0,0,0,0,0,0,0,0,0,0,0,0,0,0,0,0,0,0,92,92,1.0,1.0,0.0,0.0,1.0,0.0,0.0,255,255,1.0,0.0,0.0,0.0,0.75,0.75,0.22,0.22,apache2,DoS
0,tcp,http,SF,186,2349,0,0,0,0,0,1,0,0,0,0,0,0,0,0,0,0,10,10,0.0,0.0,0.0,0.0,1.0,0.0,0.0,31,255,1.0,0.0,0.03,0.01,0.0,0.0,0.0,0.0,normal,Normal
0,tcp,http,SF,161,14086,0,0,0,0,0,1,0,0,0,0,0,0,0,0,0,0,1,1,0.0,0.0,0.0,0.0,1.0,0.0,0.0,151,151,1.0,0.0,0.01,0.0,0.0,0.0,0.0,0.0,normal,Normal
0,tcp,http,SF,327,5924,0,0,0,0,0,1,0,0,0,0,0,0,0,0,0,0,2,2,0.0,0.0,0.0,0.0,1.0,0.0,0.0,91,255,1.0,0.0,0.01,0.02,0.0,0.0,0.0,0.0,normal,Normal
0,tcp,iso_tsap,REJ,0,0,0,0,0,0,0,0,0,0,0,0,0,0,0,0,0,0,229,15,0.0,0.0,1.0,1.0,0.07,0.07,0.0,255,15,0.06,0.06,0.0,0.0,0.0,0.0,1.0,1.0,neptune,DoS
0,tcp,supdup,REJ,0,0,0,0,0,0,0,0,0,0,0,0,0,0,0,0,0,0,232,1,0.0,0.0,1.0,1.0,0.0,0.07,0.0,255,1,0.0,0.08,0.0,0.0,0.0,0.0,1.0,1.0,neptune,DoS
0,tcp,telnet,SF,123,174,0,0,0,0,1,0,0,0,0,0,0,0,0,0,0,0,1,1,0.0,0.0,0.0,0.0,1.0,0.0,0.0,255,199,0.78,0.02,0.0,0.0,0.0,0.0,0.02,0.03,guess_passwd,R2L
0,udp,other,SF,1,1,0,0,0,0,0,0,0,0,0,0,0,0,0,0,0,0,91,1,0.0,0.0,0.0,0.0,0.01,1.0,0.0,255,1,0.0,1.0,1.0,0.0,0.0,0.0,0.0,0.0,satan,Probe
0,tcp,http,SF,232,601,0,0,0,0,0,1,0,0,0,0,0,0,0,0,0,0,1,9,0.0,0.0,0.0,0.0,1.0,0.0,0.22,53,255,1.0,0.0,0.02,0.02,0.0,0.0,0.0,0.0,normal,Normal
0,tcp,private,REJ,0,0,0,0,0,0,0,0,0,0,0,0,0,0,0,0,0,0,277,17,0.0,0.0,1.0,1.0,0.06,0.06,0.0,255,17,0.07,0.06,0.0,0.0,0.0,0.0,1.0,1.0,neptune,DoS
0,udp,private,SF,43,0,0,0,0,0,0,0,0,0,0,0,0,0,0,0,0,0,6,6,0.0,0.0,0.0,0.0,1.0,0.0,0.0,255,254,1.0,0.01,0.01,0.0,0.0,0.0,0.0,0.0,snmpguess,R2L
0,tcp,private,S0,0,0,0,0,0,0,0,0,0,0,0,0,0,0,0,0,0,0,148,20,1.0,1.0,0.0,0.0,0.14,0.06,0.0,255,20,0.08,0.06,0.0,0.0,1.0,1.0,0.0,0.0,neptune,DoS
0,tcp,private,REJ,0,0,0,0,0,0,0,0,0,0,0,0,0,0,0,0,0,0,236,14,0.0,0.0,1.0,1.0,0.06,0.08,0.0,255,14,0.05,0.09,0.0,0.0,0.0,0.0,1.0,1.0,neptune,DoS
0,tcp,kshell,REJ,0,0,0,0,0,0,0,0,0,0,0,0,0,0,0,0,0,0,113,4,0.0,0.0,1.0,1.0,0.04,0.06,0.0,255,4,0.02,0.05,0.0,0.0,0.0,0.0,1.0,1.0,neptune,DoS
0,icmp,urp_i,SF,36,0,0,0,0,0,0,0,0,0,0,0,0,0,0,0,0,0,1,1,0.0,0.0,0.0,0.0,1.0,0.0,0.0,65,20,0.31,0.12,0.31,0.0,0.03,0.0,0.0,0.0,normal,Normal
0,tcp,ftp_data,SF,687,0,0,0,0,0,0,0,0,0,0,0,0,0,0,0,0,0,1,1,0.0,0.0,0.0,0.0,1.0,0.0,0.0,212,10,0.05,0.03,0.05,0.0,0.0,0.0,0.0,0.0,normal,Normal
0,udp,domain_u,SF,43,127,0,0,0,0,0,0,0,0,0,0,0,0,0,0,0,0,87,165,0.0,0.0,0.0,0.0,1.0,0.0,0.01,181,109,0.6,0.02,0.01,0.0,0.0,0.0,0.0,0.0,normal,Normal
0,tcp,other,REJ,0,0,0,0,0,0,0,0,0,0,0,0,0,0,0,0,0,0,488,1,0.07,0.0,0.93,1.0,0.0,1.0,0.0,255,1,0.0,1.0,0.0,0.0,0.07,0.0,0.93,1.0,saint,Probe
0,tcp,http,SF,202,4768,0,0,0,0,0,1,0,0,0,0,0,0,0,0,0,0,18,18,0.0,0.0,0.0,0.0,1.0,0.0,0.0,255,255,1.0,0.0,0.0,0.0,0.0,0.0,0.0,0.0,normal,Normal
0,tcp,private,REJ,0,0,0,0,0,0,0,0,0,0,0,0,0,0,0,0,0,0,100,1,0.0,0.0,1.0,1.0,0.01,0.07,0.0,255,1,0.0,0.07,0.0,0.0,0.0,0.0,1.0,1.0,neptune,DoS
0,tcp,remote_job,S0,0,0,0,0,0,0,0,0,0,0,0,0,0,0,0,0,0,0,95,1,0.09,1.0,0.88,0.0,0.01,1.0,0.0,255,1,0.0,0.21,0.0,0.0,0.07,1.0,0.85,0.0,satan,Probe
8168,tcp,telnet,SF,0,15,0,0,0,0,0,0,0,0,0,0,0,0,0,0,0,0,1,1,0.0,0.0,0.0,0.0,1.0,0.0,0.0,255,72,0.28,0.02,0.0,0.0,0.72,0.67,0.01,0.03,processtable,DoS
0,tcp,http,SF,296,1856,0,0,0,0,0,1,0,0,0,0,0,0,0,0,0,0,10,10,0.0,0.0,0.0,0.0,1.0,0.0,0.0,255,255,1.0,0.0,0.0,0.0,0.0,0.0,0.0,0.0,normal,Normal
0,tcp,private,S0,0,0,0,0,0,0,0,0,0,0,0,0,0,0,0,0,0,0,189,6,1.0,1.0,0.0,0.0,0.03,0.08,0.0,255,6,0.02,0.08,0.0,0.0,1.0,1.0,0.0,0.0,neptune,DoS
0,tcp,http,SF,313,8558,0,0,0,0,0,1,0,0,0,0,0,0,0,0,0,0,8,19,0.0,0.0,0.0,0.0,1.0,0.0,0.26,72,255,1.0,0.0,0.01,0.04,0.0,0.0,0.0,0.0,normal,Normal
282,tcp,ftp,SF,158,593,0,0,0,2,0,1,0,0,0,0,0,0,0,0,0,1,1,1,0.0,0.0,0.0,0.0,1.0,0.0,0.0,255,101,0.4,0.03,0.0,0.0,0.0,0.0,0.0,0.0,warezmaster,R2L
0,tcp,Z39_50,REJ,0,0,0,0,0,0,0,0,0,0,0,0,0,0,0,0,0,0,107,7,0.0,0.0,1.0,1.0,0.07,0.07,0.0,255,7,0.03,0.05,0.0,0.0,0.0,0.0,1.0,1.0,neptune,DoS
0,tcp,http,SF,279,279,0,0,0,0,0,1,0,0,0,0,0,0,0,0,0,0,3,4,0.0,0.0,0.0,0.0,1.0,0.0,0.5,107,255,1.0,0.0,0.01,0.06,0.0,0.0,0.0,0.0,normal,Normal
0,tcp,pop_3,REJ,0,0,0,0,0,0,0,0,0,0,0,0,0,0,0,0,0,0,2,20,0.0,0.05,1.0,0.95,0.5,1.0,1.0,227,9,0.03,0.03,0.0,0.22,0.0,0.0,0.1,1.0,mscan,Probe
0,tcp,telnet,SF,130,174,0,0,0,0,1,0,0,0,0,0,0,0,0,0,0,0,1,1,0.0,0.0,0.0,0.0,1.0,0.0,0.0,255,255,1.0,0.0,0.0,0.0,0.01,0.01,0.02,0.02,guess_passwd,R2L
0,tcp,telnet,S0,0,0,0,0,0,0,0,0,0,0,0,0,0,0,0,0,0,0,1,5,1.0,0.6,0.0,0.2,1.0,0.0,0.8,14,87,0.43,0.21,0.07,0.03,1.0,1.0,0.0,0.0,mscan,Probe
0,tcp,http,SF,320,2056,0,0,0,0,0,1,0,0,0,0,0,0,0,0,0,0,3,3,0.0,0.0,0.0,0.0,1.0,0.0,0.0,134,255,1.0,0.0,0.01,0.01,0.0,0.0,0.0,0.0,normal,Normal
0,tcp,ftp_data,SF,12,0,0,0,0,0,0,0,0,0,0,0,0,0,0,0,0,0,1,1,0.0,0.0,0.0,0.0,1.0,0.0,0.0,3,5,1.0,0.0,1.0,0.4,0.0,0.0,0.0,0.0,warezmaster,R2L
0,tcp,private,REJ,0,0,0,0,0,0,0,0,0,0,0,0,0,0,0,0,0,0,270,16,0.0,0.0,1.0,1.0,0.06,0.06,0.0,255,16,0.06,0.06,0.0,0.0,0.0,0.0,1.0,1.0,neptune,DoS
0,tcp,http,SF,242,267,0,0,0,0,0,1,0,0,0,0,0,0,0,0,0,0,2,2,0.0,0.0,0.0,0.0,1.0,0.0,0.0,228,255,1.0,0.0,0.0,0.01,0.0,0.0,0.0,0.0,normal,Normal
0,udp,private,SF,1,26,0,0,0,0,0,0,0,0,0,0,0,0,0,0,0,0,18,16,0.0,0.0,0.0,0.0,0.89,0.11,0.0,255,22,0.09,0.61,0.42,0.0,0.02,0.0,0.53,0.0,normal,Normal
0,udp,private,SF,53,56,0,0,0,0,0,0,0,0,0,0,0,0,0,0,0,0,510,510,0.0,0.0,0.0,0.0,1.0,0.0,0.0,255,255,1.0,0.0,0.87,0.0,0.0,0.0,0.0,0.0,normal,Normal
0,tcp,exec,S0,0,0,0,0,0,0,0,0,0,0,0,0,0,0,0,0,0,0,41,2,1.0,1.0,0.0,0.0,0.05,0.2,0.0,255,2,0.01,0.17,0.0,0.0,1.0,1.0,0.0,0.0,neptune,DoS
0,udp,domain_u,SF,44,146,0,0,0,0,0,0,0,0,0,0,0,0,0,0,0,0,127,207,0.0,0.0,0.0,0.0,1.0,0.0,0.01,255,255,1.0,0.0,0.0,0.0,0.0,0.0,0.0,0.0,normal,Normal
0,tcp,telnet,SF,123,174,0,0,0,0,1,0,0,0,0,0,0,0,0,0,0,0,1,1,0.0,0.0,0.0,0.0,1.0,0.0,0.0,255,99,0.39,0.02,0.0,0.0,0.0,0.0,0.01,0.03,guess_passwd,R2L
0,tcp,http,SF,217,1218,0,0,0,0,0,1,0,0,0,0,0,0,0,0,0,0,22,22,0.0,0.0,0.0,0.0,1.0,0.0,0.0,255,255,1.0,0.0,0.0,0.0,0.0,0.0,0.0,0.0,normal,Normal
0,tcp,http,SF,253,2177,0,0,0,0,0,1,0,0,0,0,0,0,0,0,0,0,10,10,0.0,0.0,0.0,0.0,1.0,0.0,0.0,255,255,1.0,0.0,0.0,0.0,0.01,0.01,0.0,0.0,normal,Normal
4,tcp,pop_3,SF,28,93,0,0,0,0,0,1,0,0,0,0,0,0,0,0,0,0,2,1,0.0,0.0,0.0,0.0,0.5,1.0,0.0,255,211,0.83,0.02,0.0,0.0,0.0,0.0,0.04,0.0,guess_passwd,R2L
8216,tcp,telnet,SF,0,15,0,0,0,0,0,0,0,0,0,0,0,0,0,0,0,0,1,1,0.0,0.0,0.0,0.0,1.0,0.0,0.0,255,36,0.14,0.04,0.0,0.0,0.0,0.03,0.08,0.28,processtable,DoS
0,tcp,http,SF,309,4023,0,0,0,0,0,1,0,0,0,0,0,0,0,0,0,0,23,27,0.0,0.0,0.0,0.0,1.0,0.0,0.11,255,255,1.0,0.0,0.0,0.0,0.0,0.0,0.0,0.0,normal,Normal
0,tcp,domain,REJ,0,0,0,0,0,0,0,0,0,0,0,0,0,0,0,0,0,0,201,1,0.0,0.0,1.0,1.0,0.0,0.06,0.0,255,1,0.0,0.06,0.0,0.0,0.0,0.0,1.0,1.0,neptune,DoS
0,tcp,http,SF,212,15767,0,0,0,0,0,1,0,0,0,0,0,0,0,0,0,0,3,3,0.0,0.0,0.0,0.0,1.0,0.0,0.0,22,255,1.0,0.0,0.05,0.02,0.0,0.0,0.0,0.0,normal,Normal
0,tcp,smtp,SF,828,333,0,0,0,0,0,1,0,0,0,0,0,0,0,0,0,0,1,1,0.0,0.0,0.0,0.0,1.0,0.0,0.0,74,145,0.42,0.04,0.01,0.01,0.0,0.0,0.0,0.0,normal,Normal
0,tcp,http,SF,306,2698,0,0,0,0,0,1,0,0,0,0,0,0,1,0,0,0,3,19,0.0,0.0,0.0,0.0,1.0,0.0,0.11,255,190,0.75,0.02,0.0,0.0,0.0,0.0,0.15,0.0,normal,Normal
0,tcp,ftp_data,SF,2209,0,0,0,0,0,0,0,0,0,0,0,0,0,0,0,0,0,1,1,0.0,0.0,0.0,0.0,1.0,0.0,0.0,2,1,0.5,1.0,0.5,0.0,0.0,0.0,0.0,0.0,xterm,U2R
0,udp,domain_u,SF,44,44,0,0,0,0,0,0,0,0,0,0,0,0,0,0,0,0,92,92,0.0,0.0,0.0,0.0,1.0,0.0,0.0,255,255,1.0,0.0,0.0,0.0,0.0,0.0,0.0,0.0,normal,Normal
0,udp,domain_u,SF,44,113,0,0,0,0,0,0,0,0,0,0,0,0,0,0,0,0,1,2,0.0,0.0,0.0,0.0,1.0,0.0,1.0,255,236,0.93,0.01,0.0,0.0,0.0,0.0,0.0,0.0,normal,Normal
0,udp,private,SF,51,0,0,0,0,0,0,0,0,0,0,0,0,0,0,0,0,0,4,4,0.0,0.0,0.0,0.0,1.0,0.0,0.0,255,255,1.0,0.0,0.01,0.0,0.0,0.0,0.0,0.0,snmpguess,R2L
0,udp,domain_u,SF,44,133,0,0,0,0,0,0,0,0,0,0,0,0,0,0,0,0,93,173,0.0,0.0,0.0,0.0,1.0,0.0,0.01,255,254,1.0,0.01,0.0,0.0,0.0,0.0,0.0,0.0,normal,Normal
0,tcp,http,SF,229,1543,0,0,0,0,0,1,0,0,0,0,0,0,0,0,0,0,18,18,0.0,0.0,0.0,0.0,1.0,0.0,0.0,255,255,1.0,0.0,0.0,0.0,0.0,0.0,0.0,0.0,normal,Normal
0,tcp,http,SF,349,1213,0,0,0,0,0,1,0,0,0,0,0,0,0,0,0,0,6,6,0.0,0.0,0.0,0.0,1.0,0.0,0.0,255,255,1.0,0.0,0.0,0.0,0.0,0.0,0.0,0.0,normal,Normal
0,tcp,http,S0,0,0,0,0,0,0,0,0,0,0,0,0,0,0,0,0,0,0,37,37,0.11,0.11,0.89,0.89,1.0,0.0,0.0,255,255,1.0,0.0,0.0,0.0,0.02,0.02,0.61,0.61,apache2,DoS
0,udp,private,SF,105,145,0,0,0,0,0,0,0,0,0,0,0,0,0,0,0,0,2,2,0.0,0.0,0.0,0.0,1.0,0.0,0.0,255,254,1.0,0.01,0.01,0.0,0.0,0.0,0.0,0.0,snmpgetattack,R2L
0,tcp,Z39_50,REJ,0,0,0,0,0,0,0,0,0,0,0,0,0,0,0,0,0,0,282,18,0.0,0.0,1.0,1.0,0.06,0.06,0.0,255,18,0.07,0.06,0.0,0.0,0.0,0.0,1.0,1.0,neptune,DoS
0,tcp,exec,RSTO,0,0,0,0,0,0,0,0,0,0,0,0,0,0,0,0,0,0,120,1,0.0,0.0,1.0,1.0,0.01,0.08,0.0,255,1,0.0,0.06,0.0,0.0,0.0,0.0,1.0,1.0,neptune,DoS
0,udp,private,SF,1,0,0,0,0,0,0,0,0,0,0,0,0,0,0,0,0,0,73,5,0.0,0.0,0.0,0.0,0.07,0.88,0.0,255,9,0.04,0.73,0.95,0.0,0.0,0.0,0.05,0.0,normal,Normal
0,tcp,imap4,RSTO,0,44,0,0,0,0,0,0,0,0,0,0,0,0,0,0,0,0,2,5,0.0,0.0,1.0,1.0,0.5,1.0,1.0,158,59,0.24,0.03,0.01,0.03,0.0,0.0,0.91,0.98,mscan,Probe
0,tcp,other,REJ,0,0,0,0,0,0,0,0,0,0,0,0,0,0,0,0,0,0,1,1,0.0,0.0,1.0,1.0,1.0,0.0,0.0,255,38,0.15,0.02,0.0,0.0,0.0,0.0,0.13,0.79,httptunnel,R2L
0,udp,domain_u,SF,45,126,0,0,0,0,0,0,0,0,0,0,0,0,0,0,0,0,33,51,0.0,0.0,0.0,0.0,1.0,0.0,0.04,255,213,0.84,0.01,0.0,0.0,0.0,0.0,0.0,0.0,normal,Normal
0,tcp,private,REJ,0,0,0,0,0,0,0,0,0,0,0,0,0,0,0,0,0,0,102,2,0.0,0.0,1.0,1.0,0.02,0.06,0.0,255,2,0.01,0.06,0.0,0.0,0.0,0.0,1.0,1.0,neptune,DoS
0,tcp,private,REJ,0,0,0,0,0,0,0,0,0,0,0,0,0,0,0,0,0,0,245,7,0.0,0.0,1.0,1.0,0.03,0.07,0.0,255,7,0.03,0.07,0.0,0.0,0.0,0.0,1.0,1.0,neptune,DoS
0,udp,private,SF,55,55,0,0,0,0,0,0,0,0,0,0,0,0,0,0,0,0,509,509,0.0,0.0,0.0,0.0,1.0,0.0,0.0,255,255,1.0,0.0,0.86,0.0,0.0,0.0,0.0,0.0,normal,Normal
0,tcp,telnet,SF,124,174,0,0,0,0,1,0,0,0,0,0,0,0,0,0,0,0,1,1,0.0,0.0,0.0,0.0,1.0,0.0,0.0,255,127,0.5,0.02,0.0,0.0,0.0,0.0,0.02,0.03,guess_passwd,R2L
0,icmp,ecr_i,SF,1008,0,0,0,0,0,0,0,0,0,0,0,0,0,0,0,0,0,506,506,0.0,0.0,0.0,0.0,1.0,0.0,0.0,255,255,1.0,0.0,1.0,0.0,0.0,0.0,0.0,0.0,smurf,DoS
283,tcp,ftp,SF,162,599,0,0,0,2,0,1,0,0,0,0,0,0,0,0,0,1,1,1,0.0,0.0,0.0,0.0,1.0,0.0,0.0,219,72,0.33,0.03,0.0,0.0,0.0,0.0,0.0,0.0,warezmaster,R2L
0,udp,domain_u,SF,42,42,0,0,0,0,0,0,0,0,0,0,0,0,0,0,0,0,5,8,0.0,0.0,0.0,0.0,1.0,0.0,0.25,255,255,1.0,0.0,0.01,0.0,0.0,0.0,0.0,0.0,normal,Normal
0,tcp,private,RSTR,0,0,0,0,0,0,0,0,0,0,0,0,0,0,0,0,0,0,1,1,0.0,0.0,1.0,1.0,1.0,0.0,0.0,255,1,0.0,0.82,0.8,0.0,0.0,0.0,0.82,1.0,portsweep,Probe
0,tcp,http,SF,289,45428,0,0,0,0,0,1,0,0,0,0,0,0,0,0,0,0,2,2,0.0,0.0,0.0,0.0,1.0,0.0,0.0,2,255,1.0,0.0,0.5,0.04,0.0,0.0,0.0,0.0,normal,Normal
0,tcp,pop_3,RSTO,0,36,0,0,0,0,0,1,0,0,0,0,0,0,0,0,0,0,3,2,0.0,0.0,1.0,1.0,0.33,1.0,1.0,255,50,0.2,0.02,0.0,0.0,0.01,0.0,0.71,1.0,mscan,Probe
0,tcp,http,SF,318,5416,0,0,0,0,0,1,0,0,0,0,0,0,0,0,0,0,13,13,0.0,0.0,0.0,0.0,1.0,0.0,0.0,34,255,1.0,0.0,0.03,0.09,0.0,0.0,0.0,0.0,normal,Normal
0,tcp,private,S0,0,0,0,0,0,0,0,0,0,0,0,0,0,0,0,0,0,0,176,14,1.0,1.0,0.0,0.0,0.08,0.08,0.0,255,14,0.05,0.08,0.0,0.0,1.0,1.0,0.0,0.0,neptune,DoS
0,icmp,eco_i,SF,18,0,0,0,0,0,0,0,0,0,0,0,0,0,0,0,0,0,1,1,0.0,0.0,0.0,0.0,1.0,0.0,0.0,1,22,1.0,0.0,1.0,1.0,0.0,0.0,0.0,0.0,ipsweep,Probe
0,tcp,private,RSTO,0,0,0,0,0,0,0,0,0,0,0,0,0,0,0,0,0,0,210,4,0.0,0.0,1.0,1.0,0.02,0.08,0.0,255,4,0.02,0.08,0.0,0.0,0.0,0.0,1.0,1.0,neptune,DoS
0,tcp,http,SF,370,2700,0,0,0,0,0,1,0,0,0,0,0,0,0,0,0,0,7,7,0.0,0.0,0.0,0.0,1.0,0.0,0.0,255,255,1.0,0.0,0.0,0.0,0.0,0.0,0.0,0.0,normal,Normal
0,tcp,http,SF,207,267,0,0,0,0,0,1,0,0,0,0,0,0,0,0,0,0,19,19,0.05,0.05,0.0,0.0,1.0,0.0,0.0,255,255,1.0,0.0,0.0,0.0,0.0,0.0,0.0,0.0,normal,Normal
0,tcp,private,REJ,0,0,0,0,0,0,0,0,0,0,0,0,0,0,0,0,0,0,213,1,0.08,0.0,0.92,1.0,0.0,1.0,0.0,255,1,0.0,0.78,0.0,0.0,0.07,0.0,0.7,1.0,saint,Probe
0,tcp,private,S0,0,0,0,0,0,0,0,0,0,0,0,0,0,0,0,0,0,0,202,3,0.17,1.0,0.83,0.0,0.01,0.08,0.0,255,3,0.01,0.08,0.0,0.0,0.14,1.0,0.86,0.0,neptune,DoS
0,tcp,http,SF,207,386,0,0,0,0,0,1,0,0,0,0,0,0,0,0,0,0,12,14,0.0,0.0,0.0,0.0,1.0,0.0,0.21,255,255,1.0,0.0,0.0,0.0,0.0,0.0,0.0,0.0,normal,Normal
1019,tcp,http,RSTR,3944,0,0,0,0,0,0,1,0,0,0,0,0,0,0,0,0,0,86,86,0.01,0.01,0.98,0.98,1.0,0.0,0.0,255,255,1.0,0.0,0.0,0.0,0.0,0.0,0.33,0.33,apache2,DoS
0,tcp,other,REJ,0,0,0,0,0,0,0,0,0,0,0,0,0,0,0,0,0,0,487,1,0.03,0.0,0.97,1.0,0.0,1.0,0.0,255,1,0.0,1.0,0.0,0.0,0.04,0.0,0.96,1.0,saint,Probe
0,tcp,http,SF,266,5671,0,0,0,0,0,1,0,0,0,0,0,0,0,0,0,0,4,4,0.0,0.0,0.0,0.0,1.0,0.0,0.0,40,255,1.0,0.0,0.03,0.05,0.0,0.0,0.0,0.0,normal,Normal
0,tcp,http,SF,267,3493,0,0,0,0,0,1,0,0,0,0,0,0,0,0,0,0,20,21,0.0,0.0,0.0,0.0,1.0,0.0,0.1,146,255,1.0,0.0,0.01,0.02,0.0,0.0,0.0,0.0,normal,Normal
0,tcp,http,SF,304,888,0,0,0,0,0,1,0,0,0,0,0,0,0,0,0,0,6,6,0.0,0.0,0.0,0.0,1.0,0.0,0.0,192,255,1.0,0.0,0.01,0.01,0.0,0.0,0.0,0.0,normal,Normal
0,tcp,private,S0,0,0,0,0,0,0,0,0,0,0,0,0,0,0,0,0,0,0,114,1,0.03,1.0,0.96,0.0,0.01,1.0,0.0,149,1,0.01,0.7,0.01,0.0,0.02,1.0,0.64,0.0,satan,Probe
0,tcp,http,SF,296,1165,0,0,0,0,0,1,0,0,0,0,0,0,0,0,0,0,6,6,0.0,0.0,0.0,0.0,1.0,0.0,0.0,63,255,1.0,0.0,0.02,0.01,0.0,0.0,0.0,0.0,normal,Normal
0,tcp,http,SF,216,294,0,0,0,0,0,1,0,0,0,0,0,0,0,0,0,0,14,14,0.0,0.0,0.0,0.0,1.0,0.0,0.0,14,133,1.0,0.0,0.07,0.05,0.0,0.0,0.0,0.0,normal,Normal
0,tcp,login,RSTO,0,0,0,0,0,0,0,0,0,0,0,0,0,0,0,0,0,0,139,10,0.0,0.0,1.0,1.0,0.07,0.06,0.0,255,10,0.04,0.05,0.0,0.0,0.0,0.0,1.0,1.0,neptune,DoS
282,tcp,ftp,SF,160,597,0,0,0,2,0,1,0,0,0,0,0,0,0,0,0,1,1,1,0.0,0.0,0.0,0.0,1.0,0.0,0.0,255,121,0.47,0.03,0.0,0.0,0.0,0.0,0.0,0.0,warezmaster,R2L
0,tcp,private,REJ,0,0,0,0,0,0,0,0,0,0,0,0,0,0,0,0,0,0,222,12,0.0,0.0,1.0,1.0,0.05,0.05,0.0,255,12,0.05,0.05,0.0,0.0,0.0,0.0,1.0,1.0,neptune,DoS
0,tcp,efs,REJ,0,0,0,0,0,0,0,0,0,0,0,0,0,0,0,0,0,0,108,19,0.0,0.0,1.0,1.0,0.18,0.06,0.0,255,19,0.07,0.05,0.0,0.0,0.0,0.0,1.0,1.0,neptune,DoS
0,tcp,domain,REJ,0,0,0,0,0,0,0,0,0,0,0,0,0,0,0,0,0,0,230,13,0.0,0.0,1.0,1.0,0.06,0.06,0.0,255,13,0.05,0.07,0.0,0.0,0.0,0.0,1.0,1.0,neptune,DoS
0,tcp,finger,SF,8,136,0,0,0,0,0,0,0,0,0,0,0,0,0,0,0,0,1,1,0.0,0.0,0.0,0.0,1.0,0.0,0.0,39,15,0.1,0.13,0.03,0.13,0.0,0.0,0.0,0.0,normal,Normal
0,tcp,private,S0,0,0,0,0,0,0,0,0,0,0,0,0,0,0,0,0,0,0,132,19,1.0,1.0,0.0,0.0,0.14,0.07,0.0,255,19,0.07,0.06,0.0,0.0,1.0,1.0,0.0,0.0,neptune,DoS
0,udp,private,SF,46,43,0,0,0,0,0,0,0,0,0,0,0,0,0,0,0,0,11,11,0.0,0.0,0.0,0.0,1.0,0.0,0.0,255,255,1.0,0.0,0.04,0.0,0.0,0.0,0.0,0.0,normal,Normal
0,tcp,private,REJ,0,0,0,0,0,0,0,0,0,0,0,0,0,0,0,0,0,0,251,16,0.0,0.0,1.0,1.0,0.06,0.07,0.0,255,16,0.06,0.08,0.0,0.0,0.0,0.0,1.0,1.0,neptune,DoS
0,udp,private,SF,105,0,0,0,0,0,0,0,0,0,0,0,0,0,0,0,0,0,5,5,0.0,0.0,0.0,0.0,1.0,0.0,0.0,255,254,1.0,0.01,0.0,0.0,0.0,0.0,0.0,0.0,normal,Normal
0,udp,private,SF,105,146,0,0,0,0,0,0,0,0,0,0,0,0,0,0,0,0,1,1,0.0,0.0,0.0,0.0,1.0,0.0,0.0,255,255,1.0,0.0,0.0,0.0,0.0,0.0,0.0,0.0,snmpgetattack,R2L
8089,tcp,telnet,S3,1,15,0,0,0,0,0,0,0,0,0,0,0,0,0,0,0,0,1,1,1.0,1.0,0.0,0.0,1.0,0.0,0.0,255,39,0.15,0.75,0.0,0.0,0.05,0.36,0.73,0.0,processtable,DoS
0,tcp,private,REJ,0,0,0,0,0,0,0,0,0,0,0,0,0,0,0,0,0,0,110,4,0.0,0.0,1.0,1.0,0.04,0.07,0.0,255,4,0.02,0.06,0.0,0.0,0.0,0.0,1.0,1.0,neptune,DoS
0,tcp,private,REJ,0,0,0,0,0,0,0,0,0,0,0,0,0,0,0,0,0,0,274,14,0.0,0.0,1.0,1.0,0.05,0.06,0.0,255,14,0.05,0.06,0.0,0.0,0.0,0.0,1.0,1.0,neptune,DoS
0,tcp,private,S0,0,0,0,0,0,0,0,0,0,0,0,0,0,0,0,0,0,0,114,14,0.12,1.0,0.88,0.0,0.12,0.06,0.0,255,14,0.05,0.05,0.0,0.0,0.05,1.0,0.95,0.0,neptune,DoS
0,udp,private,SF,105,146,0,0,0,0,0,0,0,0,0,0,0,0,0,0,0,0,1,1,0.0,0.0,0.0,0.0,1.0,0.0,0.0,153,152,0.99,0.01,0.01,0.0,0.0,0.0,0.0,0.0,normal,Normal
0,tcp,http,SF,227,181,0,0,0,0,0,1,0,0,0,0,0,0,0,0,0,0,12,12,0.0,0.0,0.0,0.0,1.0,0.0,0.0,39,255,1.0,0.0,0.03,0.04,0.0,0.0,0.0,0.0,normal,Normal
1,tcp,smtp,SF,2599,293,0,0,0,0,0,1,0,0,0,0,0,0,0,0,0,0,2,2,0.0,0.0,0.0,0.0,1.0,0.0,0.0,255,153,0.6,0.13,0.0,0.0,0.0,0.0,0.39,0.0,mailbomb,DoS
0,tcp,http,SF,286,1500,0,0,0,0,0,1,0,0,0,0,0,0,0,0,0,0,12,13,0.0,0.0,0.0,0.0,1.0,0.0,0.15,48,255,1.0,0.0,0.02,0.01,0.0,0.0,0.0,0.0,normal,Normal
0,tcp,kshell,REJ,0,0,0,0,0,0,0,0,0,0,0,0,0,0,0,0,0,0,141,15,0.0,0.0,1.0,1.0,0.11,0.06,0.0,255,15,0.06,0.05,0.0,0.0,0.0,0.0,1.0,1.0,neptune,DoS
280,tcp,ftp_data,SF,283618,0,0,0,0,0,0,0,0,0,0,0,0,0,0,0,0,0,1,1,0.0,0.0,0.0,0.0,1.0,0.0,0.0,7,23,1.0,0.0,1.0,0.17,0.0,0.0,0.0,0.0,warezmaster,R2L
0,tcp,http,SF,54540,8314,0,0,0,2,0,1,1,0,0,0,0,0,0,0,0,0,3,35,0.0,0.0,0.0,0.0,1.0,0.0,0.06,255,252,0.99,0.01,0.0,0.0,0.0,0.0,0.01,0.01,back,DoS
0,tcp,private,S0,0,0,0,0,0,0,0,0,0,0,0,0,0,0,0,0,0,0,287,16,1.0,1.0,0.0,0.0,0.06,0.06,0.0,255,16,0.06,0.07,0.0,0.0,1.0,1.0,0.0,0.0,neptune,DoS
0,tcp,http,SF,211,2246,0,0,0,0,0,1,0,0,0,0,0,0,0,0,0,0,2,2,0.0,0.0,0.0,0.0,1.0,0.0,0.0,8,255,1.0,0.0,0.12,0.02,0.0,0.0,0.0,0.0,normal,Normal
0,tcp,telnet,REJ,0,0,0,0,0,0,0,0,0,0,0,0,0,0,0,0,0,0,2,26,0.0,0.12,1.0,0.77,0.5,1.0,0.88,82,85,0.33,0.06,0.01,0.02,0.0,0.0,0.91,0.72,mscan,Probe
0,tcp,private,S0,0,0,0,0,0,0,0,0,0,0,0,0,0,0,0,0,0,0,158,8,1.0,1.0,0.0,0.0,0.05,0.08,0.0,255,8,0.03,0.09,0.0,0.0,1.0,1.0,0.0,0.0,neptune,DoS
0,tcp,http,SF,234,21584,0,0,0,0,0,1,0,0,0,0,0,0,0,0,0,0,2,2,0.0,0.0,0.0,0.0,1.0,0.0,0.0,255,255,1.0,0.0,0.0,0.0,0.0,0.0,0.0,0.0,normal,Normal
0,tcp,http,SF,232,5652,0,0,0,0,0,1,0,0,0,0,0,0,0,0,0,0,3,3,0.0,0.0,0.0,0.0,1.0,0.0,0.0,255,255,1.0,0.0,0.0,0.0,0.0,0.0,0.0,0.0,normal,Normal
0,tcp,http,SF,229,2239,0,0,0,0,0,1,0,0,0,0,0,0,0,0,0,0,7,7,0.0,0.0,0.0,0.0,1.0,0.0,0.0,255,237,0.93,0.02,0.0,0.0,0.0,0.0,0.0,0.0,normal,Normal
0,udp,private,SF,44,43,0,0,0,0,0,0,0,0,0,0,0,0,0,0,0,0,11,11,0.0,0.0,0.0,0.0,1.0,0.0,0.0,255,255,1.0,0.0,0.04,0.0,0.0,0.0,0.0,0.0,normal,Normal
0,udp,private,SF,105,146,0,0,0,0,0,0,0,0,0,0,0,0,0,0,0,0,4,4,0.0,0.0,0.0,0.0,1.0,0.0,0.0,255,255,1.0,0.0,0.01,0.0,0.0,0.0,0.0,0.0,normal,Normal
0,tcp,http,SF,309,2698,0,0,0,0,0,1,0,0,0,0,0,0,1,0,0,0,3,3,0.0,0.0,0.0,0.0,1.0,0.0,0.0,255,242,0.95,0.02,0.0,0.0,0.0,0.0,0.0,0.0,normal,Normal
0,tcp,imap4,REJ,0,0,0,0,0,0,0,0,0,0,0,0,0,0,0,0,0,0,3,19,0.0,0.0,0.67,1.0,0.33,0.67,1.0,255,6,0.02,0.7,0.0,0.0,0.0,0.0,0.06,1.0,mscan,Probe
0,icmp,ecr_i,SF,520,0,0,0,0,0,0,0,0,0,0,0,0,0,0,0,0,0,200,200,0.0,0.0,0.0,0.0,1.0,0.0,0.0,255,255,1.0,0.0,1.0,0.0,0.0,0.0,0.0,0.0,smurf,DoS
801,tcp,http,RSTR,74024,0,0,0,0,0,0,1,0,0,0,0,0,0,0,0,0,0,26,26,0.0,0.0,1.0,1.0,1.0,0.0,0.0,255,252,0.99,0.01,0.0,0.0,0.0,0.0,0.12,0.12,apache2,DoS
0,tcp,private,REJ,0,0,0,0,0,0,0,0,0,0,0,0,0,0,0,0,0,0,260,18,0.0,0.0,1.0,1.0,0.07,0.07,0.0,255,18,0.07,0.07,0.0,0.0,0.0,0.0,1.0,1.0,neptune,DoS
0,tcp,http,S0,0,0,0,0,0,0,0,0,0,0,0,0,0,0,0,0,0,0,11,11,1.0,1.0,0.0,0.0,1.0,0.0,0.0,255,245,0.96,0.01,0.0,0.0,0.13,0.13,0.56,0.59,apache2,DoS
0,tcp,http,SF,196,2127,0,0,0,0,0,1,0,0,0,0,0,0,0,0,0,0,26,26,0.0,0.0,0.0,0.0,1.0,0.0,0.0,104,255,1.0,0.0,0.01,0.02,0.01,0.0,0.0,0.0,normal,Normal
0,udp,private,SF,43,0,0,0,0,0,0,0,0,0,0,0,0,0,0,0,0,0,5,5,0.0,0.0,0.0,0.0,1.0,0.0,0.0,255,254,1.0,0.01,0.01,0.0,0.0,0.0,0.0,0.0,snmpguess,R2L
0,tcp,private,S0,0,0,0,0,0,0,0,0,0,0,0,0,0,0,0,0,0,0,218,4,1.0,1.0,0.0,0.0,0.02,0.07,0.0,255,4,0.02,0.07,0.0,0.0,1.0,1.0,0.0,0.0,neptune,DoS
0,tcp,private,REJ,0,0,0,0,0,0,0,0,0,0,0,0,0,0,0,0,0,0,254,12,0.0,0.0,1.0,1.0,0.05,0.07,0.0,255,12,0.05,0.07,0.0,0.0,0.0,0.0,1.0,1.0,neptune,DoS
0,tcp,http,SF,54540,8314,0,0,0,2,0,1,1,0,0,0,0,0,0,0,0,0,3,3,0.0,0.0,0.0,0.0,1.0,0.0,0.0,255,254,1.0,0.01,0.0,0.0,0.0,0.0,0.07,0.07,back,DoS
0,tcp,telnet,SF,125,188,0,0,0,0,1,0,0,0,0,0,0,0,0,0,0,0,2,2,0.0,0.0,0.0,0.0,1.0,0.0,0.0,255,129,0.51,0.02,0.0,0.0,0.0,0.0,0.02,0.03,guess_passwd,R2L
0,tcp,private,S0,0,0,0,0,0,0,0,0,0,0,0,0,0,0,0,0,0,0,280,17,1.0,1.0,0.0,0.0,0.06,0.06,0.0,255,17,0.07,0.06,0.0,0.0,1.0,1.0,0.0,0.0,neptune,DoS
282,tcp,ftp,SF,162,597,0,0,0,2,0,1,0,0,0,0,0,0,0,0,0,1,1,1,0.0,0.0,0.0,0.0,1.0,0.0,0.0,240,83,0.35,0.03,0.0,0.0,0.0,0.0,0.0,0.0,warezmaster,R2L
0,tcp,courier,REJ,0,0,0,0,0,0,0,0,0,0,0,0,0,0,0,0,0,0,140,16,0.0,0.0,1.0,1.0,0.11,0.06,0.0,255,16,0.06,0.06,0.0,0.0,0.0,0.0,1.0,1.0,neptune,DoS
0,tcp,private,REJ,0,0,0,0,0,0,0,0,0,0,0,0,0,0,0,0,0,0,100,11,0.0,0.0,1.0,1.0,0.11,0.08,0.0,255,11,0.04,0.06,0.0,0.0,0.0,0.0,1.0,1.0,neptune,DoS
0,tcp,telnet,S3,0,44,0,0,0,0,0,0,0,0,0,0,0,0,0,0,0,0,1,1,1.0,1.0,0.0,0.0,1.0,0.0,0.0,255,68,0.27,0.65,0.0,0.0,0.17,0.63,0.64,0.0,processtable,DoS
0,tcp,http,SF,232,5422,0,0,0,0,0,1,0,0,0,0,0,0,0,0,0,0,8,8,0.0,0.0,0.0,0.0,1.0,0.0,0.0,8,255,1.0,0.0,0.12,0.04,0.0,0.0,0.0,0.0,normal,Normal
0,tcp,private,REJ,0,0,0,0,0,0,0,0,0,0,0,0,0,0,0,0,0,0,226,2,0.03,0.0,0.97,1.0,0.01,0.07,0.0,255,2,0.01,0.08,0.0,0.0,0.02,0.0,0.98,1.0,neptune,DoS
0,tcp,http,SF,282,3997,0,0,0,0,0,1,0,0,0,0,0,0,0,0,0,0,5,5,0.0,0.0,0.0,0.0,1.0,0.0,0.0,5,255,1.0,0.0,0.2,0.05,0.0,0.0,0.0,0.0,normal,Normal
0,tcp,private,REJ,0,0,0,0,0,0,0,0,0,0,0,0,0,0,0,0,0,0,194,19,0.0,0.0,1.0,1.0,0.1,0.07,0.0,255,19,0.07,0.07,0.0,0.0,0.0,0.0,1.0,1.0,neptune,DoS
0,tcp,whois,S0,0,0,0,0,0,0,0,0,0,0,0,0,0,0,0,0,0,0,221,10,1.0,1.0,0.0,0.0,0.05,0.06,0.0,255,10,0.04,0.07,0.0,0.0,1.0,1.0,0.0,0.0,neptune,DoS
0,udp,domain_u,SF,43,107,0,0,0,0,0,0,0,0,0,0,0,0,0,0,0,0,1,3,0.0,0.0,0.0,0.0,1.0,0.0,0.67,255,226,0.89,0.01,0.0,0.0,0.0,0.0,0.04,0.0,normal,Normal
0,tcp,http,SF,303,694,0,0,0,0,0,1,0,0,0,0,0,0,0,0,0,0,4,4,0.0,0.0,0.0,0.0,1.0,0.0,0.0,61,255,1.0,0.0,0.02,0.01,0.0,0.0,0.0,0.0,normal,Normal
908,tcp,http,RSTR,62344,0,0,0,0,0,0,1,0,0,0,0,0,0,0,0,0,0,25,25,0.0,0.0,1.0,1.0,1.0,0.0,0.0,255,255,1.0,0.0,0.0,0.0,0.0,0.0,0.45,0.45,apache2,DoS
0,tcp,http,SF,304,9586,0,0,0,0,0,1,0,0,0,0,0,0,0,0,0,0,1,2,0.0,0.0,0.0,0.0,1.0,0.0,1.0,44,255,1.0,0.0,0.02,0.01,0.0,0.0,0.0,0.0,normal,Normal
0,tcp,private,S0,0,0,0,0,0,0,0,0,0,0,0,0,0,0,0,0,0,0,188,9,1.0,1.0,0.0,0.0,0.05,0.09,0.0,255,9,0.04,0.09,0.0,0.0,1.0,1.0,0.0,0.0,neptune,DoS
0,tcp,http,SF,196,1463,0,0,0,0,0,1,0,0,0,0,0,0,0,0,0,0,1,3,0.0,0.0,0.0,0.0,1.0,0.0,1.0,109,255,1.0,0.0,0.01,0.05,0.0,0.0,0.0,0.0,normal,Normal
0,tcp,netstat,S0,0,0,0,0,0,0,0,0,0,0,0,0,0,0,0,0,0,0,189,19,1.0,1.0,0.0,0.0,0.1,0.09,0.0,255,19,0.07,0.08,0.0,0.0,1.0,1.0,0.0,0.0,neptune,DoS
0,tcp,http,SF,223,9533,0,0,0,0,0,1,0,0,0,0,0,0,0,0,0,0,3,5,0.0,0.0,0.0,0.0,1.0,0.0,0.4,7,255,1.0,0.0,0.14,0.01,0.0,0.0,0.0,0.0,normal,Normal
0,tcp,http,SF,54540,8314,0,0,0,2,0,1,1,0,0,0,0,0,0,0,0,0,4,4,0.0,0.0,0.0,0.0,1.0,0.0,0.0,255,255,1.0,0.0,0.0,0.0,0.0,0.0,0.03,0.03,back,DoS
0,tcp,http,SF,321,581,0,0,0,0,0,1,0,0,0,0,0,0,0,0,0,0,9,9,0.0,0.0,0.0,0.0,1.0,0.0,0.0,54,251,1.0,0.0,0.02,0.08,0.0,0.0,0.0,0.0,normal,Normal
0,udp,domain_u,SF,35,0,0,0,0,0,0,0,0,0,0,0,0,0,0,0,0,0,1,4,0.0,0.0,0.0,0.0,1.0,0.0,0.75,104,13,0.07,0.04,0.07,0.15,0.0,0.0,0.0,0.0,normal,Normal
0,udp,private,SF,105,0,0,0,0,0,0,0,0,0,0,0,0,0,0,0,0,0,1,1,0.0,0.0,0.0,0.0,1.0,0.0,0.0,255,254,1.0,0.01,0.0,0.0,0.0,0.0,0.0,0.0,snmpgetattack,R2L
0,tcp,http,SF,353,4580,0,0,0,0,0,1,0,0,0,0,0,0,0,0,0,0,15,15,0.0,0.0,0.0,0.0,1.0,0.0,0.0,255,255,1.0,0.0,0.0,0.0,0.0,0.0,0.0,0.0,normal,Normal
0,tcp,http,SF,309,519,0,0,0,0,0,1,0,0,0,0,0,0,0,0,0,0,17,20,0.0,0.0,0.0,0.0,1.0,0.0,0.15,255,255,1.0,0.0,0.0,0.0,0.0,0.0,0.0,0.0,normal,Normal
0,tcp,http,SF,54540,8314,0,0,0,2,0,1,1,0,0,0,0,0,0,0,0,0,4,17,0.0,0.0,0.0,0.0,1.0,0.0,0.18,255,255,1.0,0.0,0.0,0.0,0.01,0.01,0.07,0.07,back,DoS
0,udp,private,SF,1,0,0,0,0,0,0,0,0,0,0,0,0,0,0,0,0,0,12,1,0.0,0.0,0.0,0.0,0.08,0.5,0.0,255,1,0.0,0.3,1.0,0.0,0.0,0.0,0.0,0.0,saint,Probe
0,tcp,http,SF,253,1955,0,0,0,0,0,1,0,0,0,0,0,0,0,0,0,0,1,2,0.0,0.0,0.0,0.0,1.0,0.0,1.0,249,255,1.0,0.0,0.0,0.01,0.0,0.0,0.0,0.0,normal,Normal
0,tcp,smtp,SF,3166,382,0,0,0,0,0,1,0,0,0,0,0,0,0,0,0,0,1,2,0.0,0.0,0.0,0.0,1.0,0.0,1.0,255,247,0.97,0.04,0.0,0.0,0.0,0.0,0.03,0.0,normal,Normal
0,tcp,http,SF,295,973,0,0,0,0,0,1,0,0,0,0,0,0,0,0,0,0,4,9,0.0,0.0,0.0,0.0,1.0,0.0,0.22,114,255,1.0,0.0,0.01,0.03,0.0,0.0,0.0,0.0,normal,Normal
1,tcp,smtp,SF,2599,293,0,0,0,0,0,1,0,0,0,0,0,0,0,0,0,0,3,3,0.0,0.0,0.0,0.0,1.0,0.0,0.0,255,100,0.39,0.14,0.0,0.0,0.0,0.0,0.59,0.0,mailbomb,DoS
0,udp,private,SF,53,0,0,0,0,0,0,0,0,0,0,0,0,0,0,0,0,0,3,3,0.0,0.0,0.0,0.0,1.0,0.0,0.0,255,254,1.0,0.01,0.01,0.0,0.0,0.0,0.0,0.0,snmpguess,R2L
0,tcp,other,REJ,0,0,0,0,0,0,0,0,0,0,0,0,0,0,0,0,0,0,1,1,0.0,0.0,1.0,1.0,1.0,0.0,0.0,255,17,0.07,0.01,0.0,0.0,0.0,0.0,0.04,0.65,httptunnel,R2L
0,tcp,http,SF,296,2226,0,0,0,0,0,1,0,0,0,0,0,0,0,0,0,0,1,1,0.0,0.0,0.0,0.0,1.0,0.0,0.0,255,255,1.0,0.0,0.0,0.0,0.0,0.0,0.0,0.0,normal,Normal
0,tcp,systat,REJ,0,0,0,0,0,0,0,0,0,0,0,0,0,0,0,0,0,0,195,6,0.0,0.0,1.0,1.0,0.03,0.08,0.0,255,6,0.02,0.08,0.0,0.0,0.0,0.0,1.0,1.0,neptune,DoS
1,tcp,smtp,SF,2599,293,0,0,0,0,0,1,0,0,0,0,0,0,0,0,0,0,4,3,0.0,0.0,0.25,0.0,0.75,0.5,0.0,255,244,0.96,0.04,0.0,0.0,0.0,0.0,0.04,0.0,mailbomb,DoS
4,tcp,pop_3,SF,32,93,0,0,0,0,0,1,0,0,0,0,0,0,0,0,0,0,1,1,0.0,0.0,0.0,0.0,1.0,0.0,0.0,255,141,0.55,0.02,0.0,0.0,0.0,0.0,0.16,0.0,guess_passwd,R2L
0,tcp,other,RSTR,0,0,0,0,0,0,0,0,0,0,0,0,0,0,0,0,0,0,2,1,0.0,0.0,0.5,1.0,0.5,1.0,0.0,255,1,0.0,0.16,0.14,0.0,0.0,0.0,0.88,1.0,portsweep,Probe
0,tcp,http,SF,224,1116,0,0,0,0,0,1,0,0,0,0,0,0,0,0,0,0,14,14,0.0,0.0,0.0,0.0,1.0,0.0,0.0,99,255,1.0,0.0,0.01,0.04,0.0,0.0,0.0,0.0,normal,Normal
0,icmp,eco_i,SF,20,0,0,0,0,0,0,0,0,0,0,0,0,0,0,0,0,0,1,55,0.0,0.0,0.0,0.0,1.0,0.0,1.0,3,103,1.0,0.0,1.0,0.25,0.0,0.0,0.0,0.0,saint,Probe
2070,tcp,http,RSTR,56504,0,0,0,0,0,0,1,0,0,0,0,0,0,0,0,0,0,12,12,0.0,0.0,1.0,1.0,1.0,0.0,0.0,255,243,0.95,0.01,0.0,0.0,0.02,0.02,0.29,0.31,apache2,DoS
0,tcp,http,SF,239,1416,0,0,0,0,0,1,0,0,0,0,0,0,0,0,0,0,6,6,0.0,0.0,0.0,0.0,1.0,0.0,0.0,255,255,1.0,0.0,0.0,0.0,0.0,0.0,0.0,0.0,normal,Normal
0,tcp,http,SF,230,480,0,0,0,0,0,1,0,0,0,0,0,0,0,0,0,0,10,10,0.0,0.0,0.0,0.0,1.0,0.0,0.0,255,255,1.0,0.0,0.0,0.0,0.0,0.0,0.0,0.0,normal,Normal
0,udp,other,SF,1,0,0,0,0,0,0,0,0,0,0,0,0,0,0,0,0,0,140,3,0.0,0.0,0.0,0.0,0.02,0.51,0.0,255,3,0.01,0.71,1.0,0.0,0.0,0.0,0.0,0.0,normal,Normal
0,tcp,private,REJ,0,0,0,0,0,0,0,0,0,0,0,0,0,0,0,0,0,0,237,2,0.0,0.0,1.0,1.0,0.01,0.08,0.0,255,2,0.01,0.08,0.0,0.0,0.0,0.0,1.0,1.0,neptune,DoS
0,tcp,http,SF,219,313,0,0,0,0,0,1,0,0,0,0,0,0,0,0,0,0,18,18,0.0,0.0,0.0,0.0,1.0,0.0,0.0,255,255,1.0,0.0,0.0,0.0,0.0,0.0,0.0,0.0,normal,Normal
7614,tcp,telnet,SF,0,44,0,0,0,0,0,0,0,0,0,0,0,0,0,0,0,0,1,1,0.0,0.0,0.0,0.0,1.0,0.0,0.0,255,173,0.68,0.02,0.0,0.0,0.47,0.45,0.01,0.01,processtable,DoS
0,tcp,discard,S0,0,0,0,0,0,0,0,0,0,0,0,0,0,0,0,0,0,0,153,13,1.0,1.0,0.0,0.0,0.08,0.09,0.0,255,13,0.05,0.09,0.0,0.0,1.0,1.0,0.0,0.0,neptune,DoS
0,tcp,smtp,SF,820,329,0,0,0,0,0,1,0,0,0,0,0,0,0,0,0,0,1,1,0.0,0.0,0.0,0.0,1.0,0.0,0.0,190,188,0.91,0.03,0.01,0.01,0.0,0.0,0.01,0.03,normal,Normal
4,tcp,pop_3,SF,32,93,0,0,0,0,0,1,0,0,0,0,0,0,0,0,0,0,1,1,0.0,0.0,0.0,0.0,1.0,0.0,0.0,64,62,0.95,0.03,0.02,0.03,0.0,0.0,0.0,0.0,guess_passwd,R2L
0,tcp,http,SF,251,276,0,0,0,0,0,1,0,0,0,0,0,0,0,0,0,0,3,3,0.0,0.0,0.0,0.0,1.0,0.0,0.0,255,252,0.99,0.01,0.0,0.0,0.01,0.01,0.05,0.05,normal,Normal
0,tcp,csnet_ns,REJ,0,0,0,0,0,0,0,0,0,0,0,0,0,0,0,0,0,0,241,19,0.0,0.0,1.0,1.0,0.08,0.06,0.0,255,19,0.07,0.06,0.0,0.0,0.0,0.0,1.0,1.0,neptune,DoS
0,tcp,http,SF,250,6873,0,0,0,0,0,1,0,0,0,0,0,0,0,0,0,0,3,21,0.0,0.0,0.0,0.0,1.0,0.0,0.1,63,255,1.0,0.0,0.02,0.05,0.0,0.0,0.0,0.0,normal,Normal
0,tcp,http,SF,341,546,0,0,0,0,0,1,0,0,0,0,0,0,0,0,0,0,3,6,0.0,0.0,0.0,0.0,1.0,0.0,0.67,255,255,1.0,0.0,0.0,0.0,0.0,0.0,0.0,0.0,normal,Normal
0,tcp,http,SF,305,3222,0,0,0,0,0,1,0,0,0,0,0,0,0,0,0,0,5,5,0.0,0.0,0.0,0.0,1.0,0.0,0.0,59,53,0.9,0.03,0.02,0.0,0.0,0.0,0.0,0.0,normal,Normal
0,udp,private,SF,46,0,0,0,0,0,0,0,0,0,0,0,0,0,0,0,0,0,36,36,0.0,0.0,0.0,0.0,1.0,0.0,0.0,255,255,1.0,0.0,0.01,0.0,0.0,0.0,0.0,0.0,snmpguess,R2L
0,tcp,http,SF,236,187,0,0,0,0,0,1,0,0,0,0,0,0,0,0,0,0,5,5,0.0,0.0,0.0,0.0,1.0,0.0,0.0,103,255,1.0,0.0,0.01,0.02,0.0,0.0,0.0,0.0,normal,Normal
0,tcp,http,SF,333,253,0,0,0,0,0,1,0,0,0,0,0,0,0,0,0,0,8,13,0.0,0.0,0.0,0.0,1.0,0.0,0.23,177,255,1.0,0.0,0.01,0.01,0.01,0.0,0.0,0.0,normal,Normal
0,tcp,private,REJ,0,0,0,0,0,0,0,0,0,0,0,0,0,0,0,0,0,0,197,5,0.0,0.0,1.0,1.0,0.03,0.06,0.0,255,5,0.02,0.06,0.0,0.0,0.0,0.0,1.0,1.0,neptune,DoS
7658,tcp,telnet,SF,0,44,0,0,0,0,0,0,0,0,0,0,0,0,0,0,0,0,1,1,0.0,0.0,0.0,0.0,1.0,0.0,0.0,255,166,0.65,0.02,0.0,0.0,0.51,0.49,0.01,0.01,processtable,DoS
0,icmp,eco_i,SF,20,0,0,0,0,0,0,0,0,0,0,0,0,0,0,0,0,0,1,60,0.0,0.0,0.0,0.0,1.0,0.0,1.0,3,185,1.0,0.0,1.0,0.26,0.0,0.0,0.0,0.0,saint,Probe
0,tcp,private,REJ,0,0,0,0,0,0,0,0,0,0,0,0,0,0,0,0,0,0,237,20,0.0,0.0,1.0,1.0,0.08,0.06,0.0,255,20,0.08,0.07,0.0,0.0,0.0,0.0,1.0,1.0,neptune,DoS
0,tcp,telnet,S3,0,44,0,0,0,0,0,0,0,0,0,0,0,0,0,0,0,0,1,1,1.0,1.0,0.0,0.0,1.0,0.0,0.0,255,100,0.39,0.03,0.0,0.0,0.09,0.22,0.11,0.13,processtable,DoS
0,tcp,http,SF,221,506,0,0,0,0,0,1,0,0,0,0,0,0,0,0,0,0,1,14,0.0,0.0,0.0,0.0,1.0,0.0,0.36,17,255,1.0,0.0,0.06,0.03,0.0,0.0,0.0,0.0,normal,Normal
0,udp,private,SF,43,0,0,0,0,0,0,0,0,0,0,0,0,0,0,0,0,0,2,2,0.0,0.0,0.0,0.0,1.0,0.0,0.0,255,255,1.0,0.0,0.01,0.0,0.0,0.0,0.0,0.0,snmpguess,R2L
0,udp,private,SF,53,55,0,0,0,0,0,0,0,0,0,0,0,0,0,0,0,0,506,506,0.0,0.0,0.0,0.0,1.0,0.0,0.0,255,254,1.0,0.01,0.76,0.0,0.0,0.0,0.0,0.0,normal,Normal
0,tcp,http,S0,0,0,0,0,0,0,0,0,0,0,0,0,0,0,0,0,0,0,266,7,1.0,1.0,0.0,0.0,0.03,0.06,0.0,255,7,0.03,0.06,0.0,0.0,1.0,1.0,0.0,0.0,neptune,DoS
0,tcp,smtp,SF,970,341,0,0,0,0,0,1,0,0,0,0,0,0,0,0,0,0,1,2,0.0,0.0,0.0,0.0,1.0,0.0,1.0,178,149,0.84,0.02,0.01,0.0,0.0,0.0,0.0,0.0,normal,Normal
0,tcp,private,S0,0,0,0,0,0,0,0,0,0,0,0,0,0,0,0,0,0,0,210,3,1.0,1.0,0.0,0.0,0.01,0.07,0.0,255,3,0.01,0.07,0.0,0.0,1.0,1.0,0.0,0.0,neptune,DoS
0,tcp,http,SF,321,4405,0,0,0,0,0,1,0,0,0,0,0,0,0,0,0,0,9,10,0.0,0.0,0.0,0.0,1.0,0.0,0.2,13,255,1.0,0.0,0.08,0.03,0.0,0.0,0.0,0.0,normal,Normal
0,tcp,private,RSTO,0,0,0,0,0,0,0,0,0,0,0,0,0,0,0,0,0,0,130,19,0.0,0.0,1.0,1.0,0.15,0.06,0.0,255,19,0.07,0.05,0.0,0.0,0.0,0.0,1.0,1.0,neptune,DoS
0,tcp,private,S0,0,0,0,0,0,0,0,0,0,0,0,0,0,0,0,0,0,0,140,18,0.59,0.67,0.41,0.33,0.13,0.06,0.0,255,18,0.07,0.06,0.0,0.0,0.33,0.67,0.67,0.33,neptune,DoS
0,icmp,eco_i,SF,8,0,0,0,0,0,0,0,0,0,0,0,0,0,0,0,0,0,1,45,0.0,0.0,0.0,0.0,1.0,0.0,1.0,1,105,1.0,0.0,1.0,0.5,0.0,0.0,0.0,0.0,ipsweep,Probe
0,icmp,ecr_i,SF,1032,0,0,0,0,0,0,0,0,0,0,0,0,0,0,0,0,0,165,165,0.0,0.0,0.0,0.0,1.0,0.0,0.0,255,254,1.0,0.01,1.0,0.0,0.0,0.0,0.0,0.0,smurf,DoS
0,tcp,telnet,S3,0,44,0,0,0,0,0,0,0,0,0,0,0,0,0,0,0,0,1,1,1.0,1.0,0.0,0.0,1.0,0.0,0.0,255,143,0.56,0.02,0.0,0.0,0.53,0.48,0.01,0.01,processtable,DoS
0,tcp,private,S0,0,0,0,0,0,0,0,0,0,0,0,0,0,0,0,0,0,0,244,16,1.0,1.0,0.0,0.0,0.07,0.07,0.0,255,16,0.06,0.07,0.0,0.0,1.0,1.0,0.0,0.0,neptune,DoS
1,tcp,smtp,SF,2599,293,0,0,0,0,0,1,0,0,0,0,0,0,0,0,0,0,2,2,0.0,0.0,0.0,0.0,1.0,0.0,0.0,255,78,0.31,0.14,0.0,0.0,0.0,0.0,0.68,0.0,mailbomb,DoS
0,tcp,telnet,SF,127,174,0,0,0,0,1,0,0,0,0,0,0,0,0,0,0,0,2,2,0.0,0.0,0.0,0.0,1.0,0.0,0.0,255,119,0.47,0.02,0.0,0.0,0.0,0.0,0.01,0.03,guess_passwd,R2L
0,tcp,private,REJ,0,0,0,0,0,0,0,0,0,0,0,0,0,0,0,0,0,0,121,17,0.0,0.0,1.0,1.0,0.14,0.06,0.0,255,17,0.07,0.06,0.0,0.0,0.01,0.0,0.99,1.0,neptune,DoS
0,tcp,Z39_50,REJ,0,0,0,0,0,0,0,0,0,0,0,0,0,0,0,0,0,0,250,9,0.0,0.0,1.0,1.0,0.04,0.06,0.0,255,9,0.04,0.07,0.0,0.0,0.0,0.0,1.0,1.0,neptune,DoS
0,tcp,http,SF,272,1379,0,0,0,0,0,1,0,0,0,0,0,0,0,0,0,0,24,31,0.0,0.0,0.0,0.0,1.0,0.0,0.06,186,255,1.0,0.0,0.01,0.02,0.0,0.0,0.0,0.0,normal,Normal
0,tcp,http,SF,170,23308,0,0,0,0,0,1,0,0,0,0,0,0,0,0,0,0,1,1,0.0,0.0,0.0,0.0,1.0,0.0,0.0,48,255,1.0,0.0,0.02,0.03,0.0,0.0,0.0,0.0,normal,Normal
0,tcp,private,REJ,0,0,0,0,0,0,0,0,0,0,0,0,0,0,0,0,0,0,105,5,0.0,0.0,1.0,1.0,0.05,0.06,0.0,255,5,0.02,0.06,0.0,0.0,0.0,0.0,1.0,1.0,neptune,DoS
0,tcp,http,SF,304,3644,0,0,0,0,0,1,0,0,0,0,0,0,0,0,0,0,6,6,0.0,0.0,0.0,0.0,1.0,0.0,0.0,6,255,1.0,0.0,0.17,0.05,0.0,0.0,0.0,0.0,normal,Normal
0,icmp,ecr_i,SF,508,0,0,0,0,0,0,0,0,0,0,0,0,0,0,0,0,0,511,511,0.0,0.0,0.0,0.0,1.0,0.0,0.0,255,242,0.95,0.02,0.95,0.0,0.0,0.0,0.05,0.0,smurf,DoS
0,icmp,ecr_i,SF,1008,0,0,0,0,0,0,0,0,0,0,0,0,0,0,0,0,0,2,2,0.0,0.0,0.0,0.0,1.0,0.0,0.0,255,255,1.0,0.0,1.0,0.0,0.0,0.0,0.0,0.0,smurf,DoS
0,tcp,private,S0,0,0,0,0,0,0,0,0,0,0,0,0,0,0,0,0,0,0,125,7,1.0,1.0,0.0,0.0,0.06,0.06,0.0,255,7,0.03,0.06,0.0,0.0,1.0,1.0,0.0,0.0,neptune,DoS
0,tcp,daytime,S0,0,0,0,0,0,0,0,0,0,0,0,0,0,0,0,0,0,0,270,13,1.0,1.0,0.0,0.0,0.05,0.06,0.0,255,13,0.05,0.07,0.0,0.0,1.0,1.0,0.0,0.0,neptune,DoS
0,tcp,http,SF,196,1433,0,0,0,0,0,1,0,0,0,0,0,0,0,0,0,0,8,11,0.0,0.0,0.0,0.0,1.0,0.0,0.18,21,255,1.0,0.0,0.05,0.02,0.0,0.0,0.0,0.0,normal,Normal
0,udp,private,SF,1,0,0,0,0,0,0,0,0,0,0,0,0,0,0,0,0,0,134,9,0.0,0.0,0.0,0.0,0.07,0.63,0.0,255,9,0.04,0.56,0.89,0.0,0.0,0.0,0.11,0.0,normal,Normal
0,tcp,netbios_ns,S0,0,0,0,0,0,0,0,0,0,0,0,0,0,0,0,0,0,0,166,2,1.0,1.0,0.0,0.0,0.01,0.09,0.0,255,2,0.01,0.09,0.0,0.0,1.0,1.0,0.0,0.0,neptune,DoS
0,tcp,private,S0,0,0,0,0,0,0,0,0,0,0,0,0,0,0,0,0,0,0,299,19,1.0,1.0,0.0,0.0,0.06,0.06,0.0,255,19,0.07,0.07,0.0,0.0,1.0,1.0,0.0,0.0,neptune,DoS
0,tcp,http,SF,257,285,0,0,0,0,0,1,0,0,0,0,0,0,0,0,0,0,4,4,0.0,0.0,0.0,0.0,1.0,0.0,0.0,249,255,1.0,0.0,0.0,0.01,0.0,0.0,0.0,0.0,normal,Normal
0,tcp,http,SF,200,11253,0,0,0,0,0,1,0,0,0,0,0,0,0,0,0,0,12,12,0.0,0.0,0.0,0.0,1.0,0.0,0.0,117,255,1.0,0.0,0.01,0.01,0.0,0.0,0.0,0.0,normal,Normal
0,tcp,private,REJ,0,0,0,0,0,0,0,0,0,0,0,0,0,0,0,0,0,0,133,9,0.0,0.0,1.0,1.0,0.07,0.07,0.0,255,9,0.04,0.06,0.0,0.0,0.0,0.0,1.0,1.0,neptune,DoS
0,tcp,http,SF,51,8371,0,0,0,2,0,1,0,1,0,0,0,0,1,0,0,0,1,1,0.0,0.0,0.0,0.0,1.0,0.0,0.0,255,227,0.89,0.02,0.0,0.0,0.0,0.0,0.0,0.0,phf,R2L
4,tcp,pop_3,SF,30,93,0,0,0,0,0,1,0,0,0,0,0,0,0,0,0,0,1,1,0.0,0.0,0.0,0.0,1.0,0.0,0.0,255,213,0.84,0.02,0.0,0.0,0.0,0.0,0.04,0.0,guess_passwd,R2L
0,tcp,private,REJ,0,0,0,0,0,0,0,0,0,0,0,0,0,0,0,0,0,0,225,10,0.0,0.0,1.0,1.0,0.04,0.07,0.0,255,10,0.04,0.07,0.0,0.0,0.0,0.0,1.0,1.0,neptune,DoS
0,tcp,other,REJ,0,0,0,0,0,0,0,0,0,0,0,0,0,0,0,0,0,0,502,1,0.06,0.0,0.94,1.0,0.0,1.0,0.0,255,1,0.0,1.0,0.0,0.0,0.05,0.0,0.95,1.0,saint,Probe
0,tcp,private,REJ,0,0,0,0,0,0,0,0,0,0,0,0,0,0,0,0,0,0,206,9,0.01,0.0,0.99,1.0,0.04,0.06,0.0,255,9,0.04,0.06,0.0,0.0,0.02,0.0,0.98,1.0,neptune,DoS
0,tcp,name,REJ,0,0,0,0,0,0,0,0,0,0,0,0,0,0,0,0,0,0,237,10,0.0,0.0,1.0,1.0,0.04,0.06,0.0,255,10,0.04,0.07,0.0,0.0,0.0,0.0,1.0,1.0,neptune,DoS
0,udp,domain_u,SF,45,72,0,0,0,0,0,0,0,0,0,0,0,0,0,0,0,0,218,218,0.0,0.0,0.0,0.0,1.0,0.0,0.0,255,255,1.0,0.0,0.01,0.0,0.0,0.0,0.0,0.0,normal,Normal
0,tcp,telnet,RSTO,0,12,0,0,0,0,0,0,0,0,0,0,0,0,0,0,0,0,1,9,0.0,0.33,1.0,0.56,1.0,0.0,0.89,255,44,0.17,0.03,0.0,0.0,0.0,0.0,0.25,0.48,mscan,Probe
0,tcp,http,SF,226,2159,0,0,0,0,0,1,0,0,0,0,0,0,0,0,0,0,4,4,0.0,0.0,0.0,0.0,1.0,0.0,0.0,34,251,1.0,0.0,0.03,0.05,0.0,0.0,0.0,0.0,normal,Normal
0,tcp,http,SF,234,5381,0,0,0,0,0,1,0,0,0,0,0,0,0,0,0,0,14,16,0.0,0.0,0.0,0.0,1.0,0.0,0.12,255,255,1.0,0.0,0.0,0.0,0.0,0.0,0.0,0.0,normal,Normal
0,udp,domain_u,SF,45,45,0,0,0,0,0,0,0,0,0,0,0,0,0,0,0,0,217,217,0.0,0.0,0.0,0.0,1.0,0.0,0.0,255,229,0.9,0.01,0.0,0.0,0.0,0.0,0.0,0.0,normal,Normal
0,udp,private,SF,105,146,0,0,0,0,0,0,0,0,0,0,0,0,0,0,0,0,4,4,0.0,0.0,0.0,0.0,1.0,0.0,0.0,255,255,1.0,0.0,0.0,0.0,0.0,0.0,0.0,0.0,normal,Normal
0,tcp,private,REJ,0,0,0,0,0,0,0,0,0,0,0,0,0,0,0,0,0,0,217,6,0.0,0.0,1.0,1.0,0.03,0.07,0.0,255,6,0.02,0.07,0.0,0.0,0.0,0.0,1.0,1.0,neptune,DoS
0,udp,private,SF,45,0,0,0,0,0,0,0,0,0,0,0,0,0,0,0,0,0,3,3,0.0,0.0,0.0,0.0,1.0,0.0,0.0,255,254,1.0,0.01,0.0,0.0,0.0,0.0,0.0,0.0,snmpguess,R2L
0,tcp,private,REJ,0,0,0,0,0,0,0,0,0,0,0,0,0,0,0,0,0,0,508,1,0.0,0.0,0.98,1.0,0.0,0.97,0.0,255,1,0.0,0.95,0.0,0.0,0.0,0.0,1.0,1.0,satan,Probe
1,tcp,pop_3,RSTO,0,36,0,0,0,0,0,1,0,0,0,0,0,0,0,0,0,0,3,2,0.0,0.0,1.0,1.0,0.33,1.0,1.0,255,39,0.15,0.03,0.0,0.0,0.0,0.0,0.56,0.97,mscan,Probe
0,tcp,gopher,REJ,0,0,0,0,0,0,0,0,0,0,0,0,0,0,0,0,0,0,235,8,0.0,0.0,1.0,1.0,0.03,0.06,0.0,255,8,0.03,0.07,0.0,0.0,0.0,0.0,1.0,1.0,neptune,DoS
0,tcp,http,SF,344,2615,0,0,0,0,0,1,0,0,0,0,0,0,0,0,0,0,3,3,0.0,0.0,0.0,0.0,1.0,0.0,0.0,77,255,1.0,0.0,0.01,0.02,0.0,0.0,0.0,0.0,normal,Normal
0,udp,private,SF,105,105,0,0,0,0,0,0,0,0,0,0,0,0,0,0,0,0,1,1,0.0,0.0,0.0,0.0,1.0,0.0,0.0,255,251,0.98,0.01,0.0,0.0,0.0,0.0,0.0,0.0,normal,Normal
0,tcp,ftp_data,SF,12,0,0,0,0,0,0,0,0,0,0,0,0,0,0,0,0,0,1,1,0.0,0.0,0.0,0.0,1.0,0.0,0.0,36,75,0.19,0.17,0.19,0.03,0.0,0.0,0.0,0.0,warezmaster,R2L
0,tcp,http,SF,293,8422,0,0,0,0,0,1,0,0,0,0,0,0,0,0,0,0,18,18,0.0,0.0,0.0,0.0,1.0,0.0,0.0,255,255,1.0,0.0,0.0,0.0,0.0,0.0,0.0,0.0,normal,Normal
0,tcp,telnet,RSTO,0,15,0,0,0,0,0,0,0,0,0,0,0,0,0,0,0,0,1,1,0.0,0.0,1.0,1.0,1.0,0.0,0.0,201,88,0.33,0.02,0.0,0.02,0.0,0.0,0.88,0.64,mscan,Probe
0,tcp,http,SF,191,2156,0,0,0,0,0,1,0,0,0,0,0,0,0,0,0,0,8,9,0.0,0.0,0.0,0.0,1.0,0.0,0.22,255,255,1.0,0.0,0.0,0.0,0.0,0.0,0.0,0.0,normal,Normal
0,tcp,http_443,REJ,0,0,0,0,0,0,0,0,0,0,0,0,0,0,0,0,0,0,118,2,0.0,0.0,1.0,1.0,0.02,0.07,0.0,255,2,0.01,0.06,0.0,0.0,0.0,0.0,1.0,1.0,neptune,DoS
0,tcp,private,S0,0,0,0,0,0,0,0,0,0,0,0,0,0,0,0,0,0,0,140,10,1.0,1.0,0.0,0.0,0.07,0.09,0.0,255,10,0.04,0.08,0.0,0.0,1.0,1.0,0.0,0.0,neptune,DoS
4,tcp,pop_3,RSTO,0,36,0,0,0,0,0,1,0,0,0,0,0,0,0,0,0,0,3,9,0.0,0.0,1.0,1.0,0.33,1.0,1.0,255,5,0.02,0.03,0.0,0.0,0.0,0.0,0.06,0.8,mscan,Probe
0,tcp,http,SF,309,4004,0,0,0,0,0,1,0,0,0,0,0,0,0,0,0,0,2,2,0.0,0.0,0.0,0.0,1.0,0.0,0.0,68,255,1.0,0.0,0.01,0.01,0.0,0.0,0.0,0.0,normal,Normal
0,tcp,other,REJ,0,0,0,0,0,0,0,0,0,0,0,0,0,0,0,0,0,0,414,1,0.14,0.0,0.85,1.0,0.0,1.0,0.0,255,1,0.0,0.93,0.0,0.0,0.15,0.0,0.84,1.0,satan,Probe
0,tcp,http,SF,269,7896,0,0,0,0,0,1,0,0,0,0,0,0,0,0,0,0,15,15,0.0,0.0,0.0,0.0,1.0,0.0,0.0,255,255,1.0,0.0,0.0,0.0,0.0,0.0,0.0,0.0,normal,Normal
0,tcp,telnet,S3,0,44,0,0,0,0,0,0,0,0,0,0,0,0,0,0,0,0,1,1,1.0,1.0,0.0,0.0,1.0,0.0,0.0,255,130,0.51,0.03,0.0,0.0,0.21,0.42,0.11,0.1,processtable,DoS
0,tcp,sunrpc,REJ,0,0,0,0,0,0,0,0,0,0,0,0,0,0,0,0,0,0,4,12,0.0,0.0,1.0,1.0,0.25,1.0,1.0,255,36,0.14,0.03,0.0,0.0,0.0,0.0,0.61,1.0,mscan,Probe
0,tcp,time,RSTO,0,0,0,0,0,0,0,0,0,0,0,0,0,0,0,0,0,0,200,1,0.0,0.0,1.0,1.0,0.0,0.06,0.0,255,1,0.0,0.06,0.0,0.0,0.0,0.0,1.0,1.0,neptune,DoS
1,tcp,smtp,SF,970,326,0,0,0,0,0,1,0,0,0,0,0,0,0,0,0,0,1,1,0.0,0.0,0.0,0.0,1.0,0.0,0.0,220,159,0.59,0.02,0.0,0.01,0.0,0.0,0.01,0.01,normal,Normal
0,tcp,http,SF,282,263,0,0,0,0,0,1,0,0,0,0,0,0,0,0,0,0,18,20,0.0,0.0,0.0,0.0,1.0,0.0,0.1,255,255,1.0,0.0,0.0,0.0,0.0,0.0,0.0,0.0,normal,Normal
0,tcp,other,REJ,0,0,0,0,0,0,0,0,0,0,0,0,0,0,0,0,0,0,509,1,0.06,0.0,0.94,1.0,0.0,1.0,0.0,255,1,0.0,1.0,0.0,0.0,0.05,0.0,0.95,1.0,satan,Probe
0,tcp,http,SF,312,4543,0,0,0,0,0,1,0,0,0,0,0,0,0,0,0,0,3,3,0.0,0.0,0.0,0.0,1.0,0.0,0.0,3,255,1.0,0.0,0.33,0.05,0.0,0.0,0.0,0.0,normal,Normal
0,tcp,telnet,S3,0,44,0,0,0,0,0,0,0,0,0,0,0,0,0,0,0,0,2,1,0.5,1.0,0.5,0.0,0.5,1.0,0.0,255,134,0.53,0.44,0.0,0.0,0.42,0.79,0.43,0.01,processtable,DoS
0,tcp,echo,S0,0,0,0,0,0,0,0,0,0,0,0,0,0,0,0,0,0,0,191,4,1.0,1.0,0.0,0.0,0.02,0.08,0.0,255,4,0.02,0.07,0.0,0.0,1.0,1.0,0.0,0.0,neptune,DoS
0,tcp,echo,RSTO,0,0,0,0,0,0,0,0,0,0,0,0,0,0,0,0,0,0,203,10,0.0,0.0,1.0,1.0,0.05,0.06,0.0,255,10,0.04,0.06,0.0,0.0,0.0,0.0,1.0,1.0,neptune,DoS
4,tcp,pop_3,SF,30,93,0,0,0,0,0,1,0,0,0,0,0,0,0,0,0,0,1,1,0.0,0.0,0.0,0.0,1.0,0.0,0.0,255,247,0.97,0.01,0.0,0.0,0.0,0.0,0.02,0.0,guess_passwd,R2L
1,tcp,smtp,SF,1121,331,0,0,0,0,0,1,0,0,0,0,0,0,0,0,0,0,1,2,0.0,0.0,0.0,0.0,1.0,0.0,1.0,85,207,0.6,0.05,0.01,0.01,0.0,0.0,0.0,0.0,normal,Normal
0,tcp,finger,SF,12,177,0,0,0,0,0,0,0,0,0,0,0,0,0,0,0,0,1,1,0.0,0.0,0.0,0.0,1.0,0.0,0.0,32,8,0.09,0.06,0.03,0.25,0.0,0.0,0.0,0.0,normal,Normal
0,tcp,private,REJ,0,0,0,0,0,0,0,0,0,0,0,0,0,0,0,0,0,0,182,18,0.0,0.0,1.0,1.0,0.1,0.07,0.0,255,18,0.07,0.06,0.0,0.0,0.0,0.0,1.0,1.0,neptune,DoS
0,tcp,private,REJ,0,0,0,0,0,0,0,0,0,0,0,0,0,0,0,0,0,0,204,18,0.0,0.0,1.0,1.0,0.09,0.07,0.0,255,18,0.07,0.07,0.0,0.0,0.0,0.0,1.0,1.0,neptune,DoS
0,tcp,netbios_ns,REJ,0,0,0,0,0,0,0,0,0,0,0,0,0,0,0,0,0,0,243,2,0.0,0.0,1.0,1.0,0.01,0.07,0.0,255,2,0.01,0.07,0.0,0.0,0.0,0.0,1.0,1.0,neptune,DoS
0,tcp,http,SF,297,4897,0,0,0,0,0,1,0,0,0,0,0,0,0,0,0,0,29,60,0.0,0.0,0.0,0.0,1.0,0.0,0.07,255,255,1.0,0.0,0.0,0.0,0.0,0.0,0.0,0.0,normal,Normal
0,tcp,private,REJ,0,0,0,0,0,0,0,0,0,0,0,0,0,0,0,0,0,0,285,1,0.15,0.0,0.84,1.0,0.0,1.0,0.0,255,1,0.0,0.95,0.0,0.0,0.16,0.0,0.76,1.0,satan,Probe
0,icmp,ecr_i,SF,1032,0,0,0,0,0,0,0,0,0,0,0,0,0,0,0,0,0,511,511,0.0,0.0,0.0,0.0,1.0,0.0,0.0,244,243,1.0,0.01,1.0,0.0,0.0,0.0,0.0,0.0,smurf,DoS
0,udp,domain_u,SF,45,45,0,0,0,0,0,0,0,0,0,0,0,0,0,0,0,0,107,180,0.0,0.0,0.0,0.0,0.99,0.02,0.01,255,254,1.0,0.01,0.01,0.0,0.0,0.0,0.0,0.0,normal,Normal
0,tcp,ftp_data,SF,212,0,0,0,0,0,0,0,0,0,0,0,0,0,0,0,0,0,2,3,0.0,0.0,0.0,0.0,1.0,0.0,0.67,11,75,0.36,0.27,0.36,0.03,0.0,0.0,0.0,0.0,normal,Normal
0,udp,domain_u,SF,46,76,0,0,0,0,0,0,0,0,0,0,0,0,0,0,0,0,151,151,0.0,0.0,0.0,0.0,1.0,0.0,0.0,255,255,1.0,0.0,0.01,0.0,0.0,0.0,0.0,0.0,normal,Normal
0,tcp,http,SF,204,6924,0,0,0,0,0,1,0,0,0,0,0,0,0,0,0,0,9,9,0.0,0.0,0.0,0.0,1.0,0.0,0.0,255,255,1.0,0.0,0.0,0.0,0.0,0.0,0.0,0.0,normal,Normal
0,icmp,ecr_i,SF,1032,0,0,0,0,0,0,0,0,0,0,0,0,0,0,0,0,0,53,53,0.0,0.0,0.0,0.0,1.0,0.0,0.0,255,255,1.0,0.0,1.0,0.0,0.0,0.0,0.0,0.0,smurf,DoS
0,tcp,sunrpc,REJ,0,0,0,0,0,0,0,0,0,0,0,0,0,0,0,0,0,0,1,4,0.0,0.0,1.0,1.0,1.0,0.0,1.0,255,18,0.07,0.03,0.0,0.0,0.0,0.0,0.4,1.0,mscan,Probe
0,tcp,http,SF,224,496,0,0,0,0,0,1,0,0,0,0,0,0,0,0,0,0,12,12,0.0,0.0,0.0,0.0,1.0,0.0,0.0,12,255,1.0,0.0,0.08,0.02,0.0,0.0,0.0,0.0,normal,Normal
803,tcp,http,RSTR,75484,0,0,0,0,0,0,1,0,0,0,0,0,0,0,0,0,0,62,62,0.03,0.03,0.97,0.97,1.0,0.0,0.0,255,253,0.99,0.01,0.0,0.0,0.01,0.01,0.5,0.51,apache2,DoS
0,tcp,finger,SF,6,137,0,0,0,0,0,0,0,0,0,0,0,0,0,0,0,0,1,1,0.0,0.0,0.0,0.0,1.0,0.0,0.0,115,17,0.1,0.04,0.01,0.12,0.0,0.0,0.0,0.0,normal,Normal
0,tcp,sunrpc,REJ,0,0,0,0,0,0,0,0,0,0,0,0,0,0,0,0,0,0,5,4,0.0,0.0,0.8,1.0,0.2,0.8,1.0,202,49,0.18,0.02,0.0,0.04,0.0,0.0,0.89,1.0,mscan,Probe
0,tcp,http,SF,218,11998,0,0,0,0,0,1,0,0,0,0,0,0,0,0,0,0,1,9,0.0,0.0,0.0,0.0,1.0,0.0,0.22,0,0,0.0,0.0,0.0,0.0,0.0,0.0,0.0,0.0,normal,Normal
135,tcp,telnet,SF,353,5769,0,0,0,4,0,1,8,1,0,7,2,0,1,0,0,0,1,1,0.0,0.0,0.0,0.0,1.0,0.0,0.0,255,141,0.55,0.03,0.0,0.0,0.48,0.86,0.02,0.01,ps,U2R
0,tcp,http,SF,315,4006,0,0,0,0,0,1,0,0,0,0,0,0,0,0,0,0,8,26,0.0,0.0,0.0,0.0,1.0,0.0,0.12,104,255,1.0,0.0,0.01,0.03,0.0,0.0,0.0,0.0,normal,Normal
0,tcp,ftp_data,SF,12,0,0,0,0,0,0,0,0,0,0,0,0,0,0,0,0,0,1,2,0.0,0.0,0.0,0.0,1.0,0.0,1.0,1,1,1.0,0.0,1.0,0.0,0.0,0.0,0.0,0.0,warezmaster,R2L
4,tcp,pop_3,SF,32,93,0,0,0,0,0,1,0,0,0,0,0,0,0,0,0,0,1,1,0.0,0.0,0.0,0.0,1.0,0.0,0.0,255,244,0.96,0.02,0.0,0.0,0.0,0.0,0.02,0.0,guess_passwd,R2L
0,tcp,private,REJ,0,0,0,0,0,0,0,0,0,0,0,0,0,0,0,0,0,0,280,6,0.0,0.0,1.0,1.0,0.02,0.06,0.0,255,6,0.02,0.06,0.0,0.0,0.0,0.0,1.0,1.0,neptune,DoS
0,tcp,courier,S0,0,0,0,0,0,0,0,0,0,0,0,0,0,0,0,0,0,0,118,4,1.0,1.0,0.0,0.0,0.03,0.07,0.0,255,4,0.02,0.06,0.0,0.0,1.0,1.0,0.0,0.0,neptune,DoS
0,tcp,http,SF,256,22095,0,0,0,0,0,1,0,0,0,0,0,0,0,0,0,0,13,13,0.0,0.0,0.0,0.0,1.0,0.0,0.0,255,255,1.0,0.0,0.01,0.0,0.0,0.0,0.0,0.0,normal,Normal
0,tcp,private,S0,0,0,0,0,0,0,0,0,0,0,0,0,0,0,0,0,0,0,133,15,1.0,1.0,0.0,0.0,0.11,0.06,0.0,255,15,0.06,0.06,0.0,0.0,1.0,1.0,0.0,0.0,neptune,DoS
0,tcp,http,SF,326,188,0,0,0,0,0,1,0,0,0,0,0,0,0,0,0,0,1,40,0.0,0.0,0.0,0.0,1.0,0.0,0.12,1,251,1.0,0.0,1.0,0.06,0.0,0.0,0.0,0.0,normal,Normal
0,tcp,http,SF,295,1215,0,0,0,0,0,1,0,0,0,0,0,0,0,0,0,0,8,10,0.0,0.0,0.0,0.0,1.0,0.0,0.2,255,255,1.0,0.0,0.0,0.0,0.0,0.0,0.0,0.0,normal,Normal
0,udp,private,SF,105,0,0,0,0,0,0,0,0,0,0,0,0,0,0,0,0,0,6,6,0.0,0.0,0.0,0.0,1.0,0.0,0.0,255,254,1.0,0.01,0.02,0.0,0.0,0.0,0.0,0.0,normal,Normal
0,tcp,http,SF,305,4296,0,0,0,0,0,1,0,0,0,0,0,0,0,0,0,0,3,14,0.0,0.0,0.0,0.0,1.0,0.0,0.29,23,255,1.0,0.0,0.04,0.01,0.0,0.0,0.0,0.0,normal,Normal
0,icmp,ecr_i,SF,1008,0,0,0,0,0,0,0,0,0,0,0,0,0,0,0,0,0,59,59,0.0,0.0,0.0,0.0,1.0,0.0,0.0,255,255,1.0,0.0,1.0,0.0,0.0,0.0,0.0,0.0,smurf,DoS
0,tcp,private,REJ,0,0,0,0,0,0,0,0,0,0,0,0,0,0,0,0,0,0,242,6,0.0,0.0,1.0,1.0,0.02,0.07,0.0,255,6,0.02,0.08,0.0,0.0,0.0,0.0,1.0,1.0,neptune,DoS
0,tcp,imap4,REJ,0,0,0,0,0,0,0,0,0,0,0,0,0,0,0,0,0,0,2,8,0.0,0.0,1.0,1.0,0.5,1.0,1.0,134,64,0.25,0.02,0.01,0.03,0.0,0.0,0.84,1.0,mscan,Probe
0,tcp,http,SF,217,999,0,0,0,0,0,1,0,0,0,0,0,0,0,0,0,0,24,24,0.0,0.0,0.0,0.0,1.0,0.0,0.0,255,255,1.0,0.0,0.0,0.0,0.0,0.0,0.0,0.0,normal,Normal
27,tcp,ftp,SF,360,1172,0,0,0,7,0,1,0,0,0,0,0,0,0,0,0,1,1,1,0.0,0.0,0.0,0.0,1.0,0.0,0.0,255,89,0.35,0.02,0.0,0.0,0.0,0.0,0.01,0.0,normal,Normal
0,tcp,ftp_data,S1,71056,0,0,0,0,0,0,0,0,0,0,0,0,0,0,0,0,0,2,2,0.5,0.5,0.0,0.0,1.0,0.0,0.0,8,14,1.0,0.0,1.0,0.14,0.12,0.07,0.0,0.0,warezmaster,R2L
0,tcp,http,SF,311,488,0,0,0,0,0,1,0,0,0,0,0,0,0,0,0,0,11,12,0.0,0.0,0.0,0.0,1.0,0.0,0.17,255,255,1.0,0.0,0.0,0.0,0.0,0.0,0.0,0.0,normal,Normal
0,udp,private,SF,1,0,0,0,0,0,0,0,0,0,0,0,0,0,0,0,0,0,485,2,0.0,0.0,0.0,0.0,0.0,1.0,0.0,255,2,0.01,0.99,1.0,0.0,0.0,0.0,0.0,0.0,normal,Normal
0,tcp,http,SF,208,753,0,0,0,0,0,1,0,0,0,0,0,0,0,0,0,0,4,37,0.0,0.0,0.0,0.0,1.0,0.0,0.14,224,255,1.0,0.0,0.0,0.01,0.0,0.0,0.0,0.0,normal,Normal
0,tcp,http,SF,313,2698,0,0,0,0,0,1,0,0,0,0,0,0,1,0,0,0,2,2,0.0,0.0,0.0,0.0,1.0,0.0,0.0,255,236,0.93,0.02,0.0,0.0,0.0,0.0,0.0,0.0,normal,Normal
0,tcp,smtp,SF,616,330,0,0,0,0,0,1,0,0,0,0,0,0,0,0,0,0,1,2,0.0,0.0,0.0,0.0,1.0,0.0,1.0,255,129,0.51,0.03,0.0,0.0,0.0,0.0,0.33,0.0,normal,Normal
0,tcp,gopher,REJ,0,0,0,0,0,0,0,0,0,0,0,0,0,0,0,0,0,0,205,6,0.0,0.0,1.0,1.0,0.03,0.07,0.0,255,6,0.02,0.08,0.0,0.0,0.0,0.0,1.0,1.0,neptune,DoS
0,tcp,http,SF,215,295,0,0,0,0,0,1,0,0,0,0,0,0,0,0,0,0,20,20,0.0,0.0,0.0,0.0,1.0,0.0,0.0,45,245,1.0,0.0,0.02,0.06,0.0,0.0,0.0,0.0,normal,Normal
0,tcp,telnet,SF,126,174,0,0,0,0,1,0,0,0,0,0,0,0,0,0,0,0,1,1,0.0,0.0,0.0,0.0,1.0,0.0,0.0,255,254,1.0,0.01,0.0,0.0,0.01,0.01,0.01,0.01,guess_passwd,R2L
0,tcp,ftp_data,SF,12,0,0,0,0,0,0,0,0,0,0,0,0,0,0,0,0,0,1,1,0.0,0.0,0.0,0.0,1.0,0.0,0.0,12,3,0.25,0.17,0.25,0.0,0.0,0.0,0.0,0.0,warezmaster,R2L
0,tcp,private,REJ,0,0,0,0,0,0,0,0,0,0,0,0,0,0,0,0,0,0,138,9,0.0,0.0,1.0,1.0,0.07,0.06,0.0,255,9,0.04,0.06,0.0,0.0,0.0,0.0,1.0,1.0,neptune,DoS
0,tcp,private,S0,0,0,0,0,0,0,0,0,0,0,0,0,0,0,0,0,0,0,138,3,1.0,1.0,0.0,0.0,0.02,0.06,0.0,148,3,0.02,0.07,0.01,0.0,1.0,1.0,0.0,0.0,neptune,DoS
0,tcp,private,REJ,0,0,0,0,0,0,0,0,0,0,0,0,0,0,0,0,0,0,261,1,0.0,0.0,1.0,1.0,0.0,0.07,0.0,255,1,0.0,0.07,0.0,0.0,0.0,0.0,1.0,1.0,neptune,DoS
0,tcp,http,SF,54540,8314,0,0,0,2,0,1,1,0,0,0,0,0,0,0,0,0,3,14,0.0,0.0,0.0,0.0,1.0,0.0,0.21,255,255,1.0,0.0,0.0,0.0,0.01,0.01,0.05,0.05,back,DoS
0,tcp,private,REJ,0,0,0,0,0,0,0,0,0,0,0,0,0,0,0,0,0,0,132,7,0.0,0.0,1.0,1.0,0.05,0.06,0.0,34,7,0.21,0.09,0.03,0.0,0.0,0.0,1.0,1.0,neptune,DoS
0,tcp,smtp,SF,0,83,0,0,0,0,0,1,0,0,0,0,0,0,0,0,0,0,1,1,0.0,0.0,0.0,0.0,1.0,0.0,0.0,255,194,0.76,0.02,0.0,0.0,0.0,0.0,0.01,0.02,normal,Normal
902,tcp,http,RSTR,53584,0,0,0,0,0,0,1,0,0,0,0,0,0,0,0,0,0,66,66,0.0,0.0,1.0,1.0,1.0,0.0,0.0,255,255,1.0,0.0,0.0,0.0,0.0,0.0,0.36,0.36,apache2,DoS
0,tcp,private,S0,0,0,0,0,0,0,0,0,0,0,0,0,0,0,0,0,0,0,237,4,1.0,1.0,0.0,0.0,0.02,0.07,0.0,255,4,0.02,0.07,0.0,0.0,1.0,1.0,0.0,0.0,neptune,DoS
4,tcp,pop_3,SF,30,93,0,0,0,0,0,1,0,0,0,0,0,0,0,0,0,0,1,1,0.0,0.0,0.0,0.0,1.0,0.0,0.0,255,250,0.98,0.01,0.0,0.0,0.0,0.0,0.0,0.0,guess_passwd,R2L
0,tcp,csnet_ns,S0,0,0,0,0,0,0,0,0,0,0,0,0,0,0,0,0,0,0,174,16,1.0,1.0,0.0,0.0,0.09,0.09,0.0,255,16,0.06,0.1,0.0,0.0,1.0,1.0,0.0,0.0,neptune,DoS
0,tcp,mtp,REJ,0,0,0,0,0,0,0,0,0,0,0,0,0,0,0,0,0,0,129,11,0.08,0.0,0.92,1.0,0.09,0.07,0.0,255,11,0.04,0.06,0.0,0.0,0.04,0.0,0.96,1.0,neptune,DoS
0,tcp,http,SF,251,13382,0,0,0,0,0,1,0,0,0,0,0,0,0,0,0,0,16,16,0.0,0.0,0.0,0.0,1.0,0.0,0.0,231,255,1.0,0.0,0.0,0.01,0.0,0.0,0.0,0.0,normal,Normal
0,icmp,ecr_i,SF,1008,0,0,0,0,0,0,0,0,0,0,0,0,0,0,0,0,0,96,96,0.0,0.0,0.0,0.0,1.0,0.0,0.0,255,255,1.0,0.0,1.0,0.0,0.0,0.0,0.0,0.0,smurf,DoS
0,tcp,other,REJ,0,0,0,0,0,0,0,0,0,0,0,0,0,0,0,0,0,0,436,1,0.06,0.0,0.94,1.0,0.0,1.0,0.0,255,1,0.0,1.0,0.0,0.0,0.04,0.0,0.96,1.0,saint,Probe
0,tcp,http,SF,204,356,0,0,0,0,0,1,0,0,0,0,0,0,0,0,0,0,6,7,0.0,0.0,0.0,0.0,1.0,0.0,0.29,55,106,1.0,0.0,0.02,0.04,0.0,0.01,0.0,0.0,normal,Normal
0,tcp,http,SF,242,1738,0,0,0,0,0,1,0,0,0,0,0,0,0,0,0,0,6,7,0.0,0.0,0.0,0.0,1.0,0.0,0.29,255,255,1.0,0.0,0.0,0.0,0.0,0.0,0.0,0.0,normal,Normal
0,tcp,http,SF,293,3410,0,0,0,0,0,1,0,0,0,0,0,0,0,0,0,0,13,23,0.0,0.0,0.0,0.0,1.0,0.0,0.09,243,255,1.0,0.0,0.0,0.01,0.0,0.0,0.0,0.0,normal,Normal
0,tcp,private,REJ,0,0,0,0,0,0,0,0,0,0,0,0,0,0,0,0,0,0,106,6,0.0,0.0,1.0,1.0,0.06,0.06,0.0,255,6,0.02,0.05,0.0,0.0,0.0,0.0,1.0,1.0,neptune,DoS
0,tcp,smtp,SF,877,333,0,0,0,0,0,1,0,0,0,0,0,0,0,0,0,0,1,1,0.0,0.0,0.0,0.0,1.0,0.0,0.0,152,187,0.65,0.03,0.01,0.01,0.0,0.0,0.0,0.0,normal,Normal
0,tcp,smtp,SF,1096,405,0,0,0,0,0,1,0,0,0,0,0,0,0,0,0,0,1,2,0.0,0.0,0.0,0.0,1.0,0.0,1.0,255,1,0.0,0.09,0.0,0.0,1.0,0.0,0.0,0.0,normal,Normal
0,tcp,finger,RSTO,0,0,0,0,0,0,0,0,0,0,0,0,0,0,0,0,0,0,259,10,0.0,0.0,1.0,1.0,0.04,0.06,0.0,255,10,0.04,0.06,0.0,0.0,0.0,0.0,1.0,1.0,neptune,DoS
282,tcp,ftp,SF,158,595,0,0,0,2,0,1,0,0,0,0,0,0,0,0,0,1,3,1,0.0,0.0,0.0,0.0,0.33,0.67,0.0,255,1,0.0,0.04,0.0,0.0,0.0,0.0,0.03,0.0,warezmaster,R2L
0,udp,domain_u,SF,45,158,0,0,0,0,0,0,0,0,0,0,0,0,0,0,0,0,108,188,0.0,0.0,0.0,0.0,0.99,0.02,0.01,255,254,1.0,0.01,0.0,0.0,0.0,0.0,0.0,0.0,normal,Normal
0,udp,domain_u,SF,46,125,0,0,0,0,0,0,0,0,0,0,0,0,0,0,0,0,123,203,0.0,0.0,0.0,0.0,1.0,0.0,0.01,255,255,1.0,0.0,0.0,0.0,0.0,0.0,0.0,0.0,normal,Normal
0,udp,private,SF,105,105,0,0,0,0,0,0,0,0,0,0,0,0,0,0,0,0,1,1,0.0,0.0,0.0,0.0,1.0,0.0,0.0,255,255,1.0,0.0,0.01,0.0,0.0,0.0,0.0,0.0,normal,Normal
0,tcp,http,SF,329,3072,0,0,0,0,0,1,0,0,0,0,0,0,0,0,0,0,17,17,0.0,0.0,0.0,0.0,1.0,0.0,0.0,17,255,1.0,0.0,0.06,0.01,0.0,0.0,0.0,0.0,normal,Normal
0,tcp,http,SF,259,585,0,0,0,0,0,1,0,0,0,0,0,0,0,0,0,0,2,2,0.0,0.0,0.0,0.0,1.0,0.0,0.0,255,56,0.22,0.02,0.0,0.0,0.0,0.0,0.0,0.0,normal,Normal
0,tcp,http,SF,318,537,0,0,0,0,0,1,0,0,0,0,0,0,0,0,0,0,5,5,0.0,0.0,0.0,0.0,1.0,0.0,0.0,34,255,1.0,0.0,0.03,0.04,0.0,0.0,0.0,0.0,normal,Normal
0,udp,domain_u,SF,31,0,0,0,0,0,0,0,0,0,0,0,0,0,0,0,0,0,1,2,0.0,0.0,0.0,0.0,1.0,0.0,1.0,184,36,0.15,0.03,0.15,0.06,0.0,0.0,0.0,0.0,normal,Normal
0,tcp,http,SF,222,1587,0,0,0,0,0,1,0,0,0,0,0,0,0,0,0,0,4,4,0.0,0.0,0.0,0.0,1.0,0.0,0.0,85,255,1.0,0.0,0.01,0.02,0.0,0.0,0.0,0.0,normal,Normal
0,tcp,smtp,SF,135,242,0,0,0,0,0,1,0,0,0,0,0,0,0,0,0,0,1,1,0.0,0.0,0.0,0.0,1.0,0.0,0.0,9,7,0.78,0.22,0.11,0.0,0.0,0.0,0.0,0.0,normal,Normal
0,udp,domain_u,SF,43,43,0,0,0,0,0,0,0,0,0,0,0,0,0,0,0,0,2,3,0.0,0.0,0.0,0.0,1.0,0.0,0.67,255,253,0.99,0.01,0.01,0.0,0.0,0.0,0.0,0.0,normal,Normal
0,tcp,http,SF,314,6943,0,0,0,0,0,1,0,0,0,0,0,0,0,0,0,0,7,7,0.0,0.0,0.0,0.0,1.0,0.0,0.0,255,255,1.0,0.0,0.0,0.0,0.0,0.0,0.0,0.0,normal,Normal
0,tcp,sunrpc,REJ,0,0,0,0,0,0,0,0,0,0,0,0,0,0,0,0,0,0,4,3,0.0,0.0,1.0,1.0,0.25,1.0,1.0,226,51,0.19,0.02,0.0,0.04,0.01,0.0,0.87,1.0,mscan,Probe
0,tcp,ftp_data,S0,0,0,0,0,0,0,0,0,0,0,0,0,0,0,0,0,0,0,286,15,1.0,1.0,0.0,0.0,0.05,0.06,0.0,255,15,0.06,0.06,0.0,0.0,1.0,1.0,0.0,0.0,neptune,DoS
282,tcp,ftp,SF,158,597,0,0,0,2,0,1,0,0,0,0,0,0,0,0,0,1,2,1,0.0,0.0,0.0,0.0,0.5,1.0,0.0,215,105,0.49,0.03,0.0,0.0,0.0,0.0,0.0,0.0,warezmaster,R2L
0,tcp,private,S0,0,0,0,0,0,0,0,0,0,0,0,0,0,0,0,0,0,0,124,7,1.0,1.0,0.0,0.0,0.06,0.06,0.0,255,7,0.03,0.05,0.0,0.0,1.0,1.0,0.0,0.0,neptune,DoS
0,tcp,netbios_dgm,REJ,0,0,0,0,0,0,0,0,0,0,0,0,0,0,0,0,0,0,227,15,0.0,0.0,1.0,1.0,0.07,0.07,0.0,255,15,0.06,0.07,0.0,0.0,0.0,0.0,1.0,1.0,neptune,DoS
5,tcp,smtp,SF,1052,360,0,0,0,0,0,1,0,0,0,0,0,0,0,0,0,0,1,1,0.0,0.0,0.0,0.0,1.0,0.0,0.0,169,165,0.66,0.02,0.01,0.01,0.0,0.0,0.0,0.0,normal,Normal
0,tcp,http,S0,0,0,0,0,0,0,0,0,0,0,0,0,0,0,0,0,0,0,103,103,1.0,1.0,0.0,0.0,1.0,0.0,0.0,255,255,1.0,0.0,0.0,0.0,0.62,0.62,0.35,0.35,apache2,DoS
0,tcp,private,S0,0,0,0,0,0,0,0,0,0,0,0,0,0,0,0,0,0,0,151,6,1.0,1.0,0.0,0.0,0.04,0.1,0.0,255,6,0.02,0.09,0.0,0.0,1.0,1.0,0.0,0.0,neptune,DoS
0,tcp,ftp_data,REJ,0,0,0,0,0,0,0,0,0,0,0,0,0,0,0,0,0,0,28,2,0.0,0.0,1.0,1.0,0.07,0.14,0.0,255,54,0.21,0.11,0.02,0.0,0.0,0.0,0.99,1.0,neptune,DoS
0,tcp,http,REJ,0,0,0,0,0,0,0,0,0,0,0,0,0,0,0,0,0,0,206,13,0.0,0.0,1.0,1.0,0.06,0.06,0.0,255,13,0.05,0.06,0.0,0.0,0.0,0.0,1.0,1.0,neptune,DoS
0,udp,private,SF,105,145,0,0,0,0,0,0,0,0,0,0,0,0,0,0,0,0,2,2,0.0,0.0,0.0,0.0,1.0,0.0,0.0,255,254,1.0,0.01,0.0,0.0,0.0,0.0,0.0,0.0,normal,Normal
0,tcp,http,SF,327,367,0,0,0,0,0,1,0,0,0,0,0,0,0,0,0,0,3,4,0.0,0.0,0.0,0.0,1.0,0.0,0.5,4,255,1.0,0.0,0.25,0.04,0.0,0.0,0.0,0.0,normal,Normal
0,tcp,http,SF,237,15300,0,0,0,0,0,1,0,0,0,0,0,0,0,0,0,0,5,5,0.0,0.0,0.0,0.0,1.0,0.0,0.0,5,255,1.0,0.0,0.2,0.02,0.0,0.0,0.0,0.0,normal,Normal
1,tcp,smtp,SF,2599,293,0,0,0,0,0,1,0,0,0,0,0,0,0,0,0,0,1,1,0.0,0.0,0.0,0.0,1.0,0.0,0.0,255,245,0.96,0.04,0.0,0.0,0.0,0.0,0.04,0.0,mailbomb,DoS
0,tcp,private,REJ,0,0,0,0,0,0,0,0,0,0,0,0,0,0,0,0,0,0,75,1,0.16,0.0,0.83,1.0,0.01,1.0,0.0,255,1,0.0,0.25,0.0,0.0,0.05,0.0,0.18,1.0,saint,Probe
0,udp,private,SF,53,54,0,0,0,0,0,0,0,0,0,0,0,0,0,0,0,0,511,511,0.0,0.0,0.0,0.0,1.0,0.0,0.0,255,255,1.0,0.0,0.94,0.0,0.0,0.0,0.0,0.0,normal,Normal
0,tcp,private,REJ,0,0,0,0,0,0,0,0,0,0,0,0,0,0,0,0,0,0,108,6,0.0,0.0,1.0,1.0,0.06,0.07,0.0,255,6,0.02,0.06,0.0,0.0,0.0,0.0,1.0,1.0,neptune,DoS
0,tcp,telnet,S3,0,44,0,0,0,0,0,0,0,0,0,0,0,0,0,0,0,0,1,1,1.0,1.0,0.0,0.0,1.0,0.0,0.0,255,132,0.52,0.03,0.0,0.0,0.22,0.42,0.11,0.1,processtable,DoS
25,tcp,ftp,SF,269,892,0,0,0,5,0,1,0,0,0,0,0,0,0,0,0,1,1,1,0.0,0.0,0.0,0.0,1.0,0.0,0.0,250,72,0.29,0.02,0.0,0.0,0.0,0.0,0.01,0.0,normal,Normal
0,icmp,ecr_i,SF,508,0,0,0,0,0,0,0,0,0,0,0,0,0,0,0,0,0,511,511,0.0,0.0,0.0,0.0,1.0,0.0,0.0,187,64,0.34,0.03,0.34,0.0,0.0,0.0,0.6,0.0,smurf,DoS
0,udp,private,SF,1,1,0,0,0,0,0,0,0,0,0,0,0,0,0,0,0,0,133,1,0.0,0.0,0.0,0.0,0.01,0.67,0.0,255,1,0.0,0.86,1.0,0.0,0.0,0.0,0.0,0.0,satan,Probe
0,udp,domain_u,SF,36,0,0,0,0,0,0,0,0,0,0,0,0,0,0,0,0,0,12,12,0.0,0.0,0.0,0.0,1.0,0.0,0.0,12,129,1.0,0.0,1.0,0.02,0.0,0.0,0.0,0.0,normal,Normal
0,tcp,http,SF,209,2733,0,0,0,0,0,1,0,0,0,0,0,0,0,0,0,0,9,13,0.0,0.0,0.0,0.0,1.0,0.0,0.15,255,255,1.0,0.0,0.0,0.0,0.0,0.0,0.0,0.0,normal,Normal
0,tcp,telnet,SF,120,174,0,0,0,0,1,0,0,0,0,0,0,0,0,0,0,0,2,2,0.0,0.0,0.0,0.0,1.0,0.0,0.0,255,254,1.0,0.01,0.0,0.0,0.01,0.01,0.02,0.02,guess_passwd,R2L
281,tcp,ftp,SF,162,597,0,0,0,2,0,1,0,0,0,0,0,0,0,0,0,1,1,1,0.0,0.0,0.0,0.0,1.0,0.0,0.0,33,2,0.06,0.88,0.03,0.0,0.0,0.0,0.79,0.0,warezmaster,R2L
0,tcp,other,SF,263,0,0,0,0,0,0,0,0,0,0,0,0,0,0,0,0,0,2,2,0.0,0.0,0.0,0.0,1.0,0.0,0.0,43,2,0.05,0.12,0.02,0.0,0.0,0.0,0.0,0.0,httptunnel,R2L
0,tcp,other,REJ,0,0,0,0,0,0,0,0,0,0,0,0,0,0,0,0,0,0,489,1,0.14,0.0,0.86,1.0,0.0,1.0,0.0,255,1,0.0,0.98,0.0,0.0,0.12,0.0,0.88,1.0,satan,Probe
0,tcp,http,SF,225,981,0,0,0,0,0,1,0,0,0,0,0,0,0,0,0,0,1,10,0.0,0.0,0.0,0.0,1.0,0.0,0.2,83,255,1.0,0.0,0.01,0.03,0.0,0.0,0.0,0.0,normal,Normal
0,tcp,ftp_data,SF,687,0,0,0,0,0,0,0,0,0,0,0,0,0,0,0,0,0,1,1,0.0,0.0,0.0,0.0,1.0,0.0,0.0,184,47,0.2,0.03,0.2,0.04,0.0,0.0,0.0,0.0,normal,Normal
0,tcp,http,SF,296,1511,0,0,0,0,0,1,0,0,0,0,0,0,0,0,0,0,15,15,0.0,0.0,0.0,0.0,1.0,0.0,0.0,145,255,1.0,0.0,0.01,0.01,0.0,0.0,0.0,0.0,normal,Normal
0,tcp,http,SF,284,1108,0,0,0,0,0,1,0,0,0,0,0,0,0,0,0,0,4,4,0.0,0.0,0.0,0.0,1.0,0.0,0.0,162,255,1.0,0.0,0.01,0.02,0.01,0.0,0.0,0.0,normal,Normal
0,tcp,telnet,S3,0,44,0,0,0,0,0,0,0,0,0,0,0,0,0,0,0,0,1,1,1.0,1.0,0.0,0.0,1.0,0.0,0.0,255,105,0.41,0.52,0.0,0.0,0.31,0.76,0.51,0.0,processtable,DoS
0,tcp,ftp_data,SF,868,0,0,0,0,0,0,0,0,0,0,0,0,0,0,0,0,0,1,1,0.0,0.0,0.0,0.0,1.0,0.0,0.0,43,17,0.12,0.07,0.12,0.18,0.0,0.0,0.0,0.0,normal,Normal
0,udp,private,SF,105,147,0,0,0,0,0,0,0,0,0,0,0,0,0,0,0,0,3,3,0.0,0.0,0.0,0.0,1.0,0.0,0.0,255,253,0.99,0.01,0.01,0.0,0.0,0.0,0.0,0.0,normal,Normal
0,tcp,http,SF,263,9378,0,0,0,0,0,1,0,0,0,0,0,0,0,0,0,0,1,1,0.0,0.0,0.0,0.0,1.0,0.0,0.0,255,250,0.98,0.01,0.01,0.0,0.0,0.0,0.0,0.0,normal,Normal
0,tcp,http,SF,54540,8314,0,0,0,2,0,1,1,0,0,0,0,0,0,0,0,0,5,32,0.0,0.0,0.0,0.0,1.0,0.0,0.06,255,248,0.97,0.01,0.0,0.0,0.0,0.0,0.06,0.06,back,DoS
0,tcp,private,S0,0,0,0,0,0,0,0,0,0,0,0,0,0,0,0,0,0,0,141,14,1.0,1.0,0.0,0.0,0.1,0.09,0.0,255,14,0.05,0.09,0.0,0.0,1.0,1.0,0.0,0.0,neptune,DoS
4,tcp,pop_3,SF,28,93,0,0,0,0,0,1,0,0,0,0,0,0,0,0,0,0,1,1,0.0,0.0,0.0,0.0,1.0,0.0,0.0,255,227,0.89,0.02,0.0,0.0,0.0,0.0,0.07,0.0,guess_passwd,R2L
0,icmp,ecr_i,SF,1008,0,0,0,0,0,0,0,0,0,0,0,0,0,0,0,0,0,460,460,0.0,0.0,0.0,0.0,1.0,0.0,0.0,255,255,1.0,0.0,1.0,0.0,0.0,0.0,0.0,0.0,smurf,DoS
1,tcp,smtp,SF,2599,293,0,0,0,0,0,1,0,0,0,0,0,0,0,0,0,0,2,2,0.0,0.0,0.0,0.0,1.0,0.0,0.0,255,4,0.02,0.16,0.0,0.0,0.0,0.0,0.96,0.0,mailbomb,DoS
0,tcp,ftp,SF,26,157,0,0,0,0,1,0,0,0,0,0,0,0,0,0,0,1,1,1,0.0,0.0,0.0,0.0,1.0,0.0,0.0,211,102,0.48,0.03,0.0,0.0,0.0,0.0,0.0,0.0,guess_passwd,R2L
0,tcp,http,SF,219,2537,0,0,0,0,0,1,0,0,0,0,0,0,0,0,0,0,4,4,0.0,0.0,0.0,0.0,1.0,0.0,0.0,28,255,1.0,0.0,0.04,0.01,0.0,0.0,0.0,0.0,normal,Normal
0,tcp,other,REJ,0,0,0,0,0,0,0,0,0,0,0,0,0,0,0,0,0,0,431,1,0.05,0.0,0.95,1.0,0.0,1.0,0.0,255,1,0.0,1.0,0.0,0.0,0.05,0.0,0.95,1.0,saint,Probe
0,tcp,private,REJ,0,0,0,0,0,0,0,0,0,0,0,0,0,0,0,0,0,0,262,1,0.06,0.0,0.93,1.0,0.0,1.0,0.0,255,1,0.0,0.96,0.0,0.0,0.07,0.0,0.88,1.0,saint,Probe
282,tcp,ftp,SF,159,597,0,0,0,2,0,1,0,0,0,0,0,0,0,0,0,1,1,1,0.0,0.0,0.0,0.0,1.0,0.0,0.0,221,12,0.05,0.68,0.0,0.0,0.0,0.0,0.69,0.08,warezmaster,R2L
0,tcp,ftp_data,SF,12241,0,0,0,0,0,0,0,0,0,0,0,0,0,0,0,0,0,8,8,0.0,0.0,0.0,0.0,1.0,0.0,0.0,98,98,0.41,0.05,0.41,0.02,0.0,0.0,0.0,0.0,normal,Normal
0,tcp,http,SF,251,1928,0,0,0,0,0,1,0,0,0,0,0,0,0,0,0,0,7,8,0.0,0.0,0.0,0.0,1.0,0.0,0.25,255,255,1.0,0.0,0.0,0.0,0.0,0.0,0.0,0.0,normal,Normal
0,tcp,http,SF,54540,8314,0,0,0,2,0,1,1,0,0,0,0,0,0,0,0,0,3,4,0.0,0.0,0.0,0.0,1.0,0.0,0.5,255,254,1.0,0.01,0.0,0.0,0.0,0.0,0.03,0.03,back,DoS
7526,tcp,telnet,SF,0,44,0,0,0,0,0,0,0,0,0,0,0,0,0,0,0,0,1,1,0.0,0.0,0.0,0.0,1.0,0.0,0.0,255,187,0.73,0.02,0.0,0.0,0.39,0.39,0.01,0.01,processtable,DoS
0,tcp,mtp,REJ,0,0,0,0,0,0,0,0,0,0,0,0,0,0,0,0,0,0,251,19,0.0,0.0,1.0,1.0,0.08,0.06,0.0,255,19,0.07,0.06,0.0,0.0,0.0,0.0,1.0,1.0,neptune,DoS
0,tcp,http,SF,304,8761,0,0,0,0,0,1,0,0,0,0,0,0,0,0,0,0,1,3,0.0,0.0,0.0,0.0,1.0,0.0,0.67,42,255,1.0,0.0,0.02,0.02,0.0,0.0,0.0,0.0,normal,Normal
0,tcp,http,SF,293,1867,0,0,0,0,0,1,0,0,0,0,0,0,0,0,0,0,1,1,0.0,0.0,0.0,0.0,1.0,0.0,0.0,255,255,1.0,0.0,0.0,0.0,0.0,0.0,0.0,0.0,normal,Normal
0,tcp,http,SF,295,1215,0,0,0,0,0,1,0,0,0,0,0,0,0,0,0,0,14,20,0.0,0.0,0.0,0.0,1.0,0.0,0.1,125,243,1.0,0.0,0.01,0.02,0.0,0.0,0.0,0.0,normal,Normal
0,tcp,supdup,REJ,0,0,0,0,0,0,0,0,0,0,0,0,0,0,0,0,0,0,226,15,0.0,0.0,1.0,1.0,0.07,0.07,0.0,255,15,0.06,0.07,0.0,0.0,0.0,0.0,1.0,1.0,neptune,DoS
7402,tcp,telnet,SF,0,44,0,0,0,0,0,0,0,0,0,0,0,0,0,0,0,0,1,1,0.0,0.0,0.0,0.0,1.0,0.0,0.0,255,214,0.84,0.02,0.0,0.0,0.27,0.32,0.01,0.01,processtable,DoS
0,tcp,http,SF,237,19075,0,0,0,0,0,1,0,0,0,0,0,0,0,0,0,0,9,28,0.0,0.0,0.0,0.0,1.0,0.0,0.11,255,255,1.0,0.0,0.0,0.0,0.0,0.0,0.0,0.0,normal,Normal
4,tcp,pop_3,SF,32,93,0,0,0,0,0,1,0,0,0,0,0,0,0,0,0,0,1,1,0.0,0.0,0.0,0.0,1.0,0.0,0.0,255,136,0.53,0.02,0.0,0.0,0.0,0.0,0.17,0.02,guess_passwd,R2L
0,tcp,finger,S0,0,0,0,0,0,0,0,0,0,0,0,0,0,0,0,0,0,0,65,16,1.0,1.0,0.0,0.0,0.25,0.06,0.0,255,63,0.25,0.02,0.01,0.0,0.97,0.98,0.0,0.0,neptune,DoS
0,tcp,nnsp,S0,0,0,0,0,0,0,0,0,0,0,0,0,0,0,0,0,0,0,102,2,1.0,1.0,0.0,0.0,0.02,0.07,0.0,255,2,0.01,0.07,0.0,0.0,1.0,1.0,0.0,0.0,neptune,DoS
0,udp,domain_u,SF,44,69,0,0,0,0,0,0,0,0,0,0,0,0,0,0,0,0,136,136,0.0,0.0,0.0,0.0,1.0,0.0,0.0,255,255,1.0,0.0,0.01,0.0,0.0,0.0,0.0,0.0,normal,Normal
0,tcp,http,SF,213,8477,0,0,0,0,0,1,0,0,0,0,0,0,0,0,0,0,1,4,0.0,0.0,0.0,0.0,1.0,0.0,0.5,28,255,1.0,0.0,0.04,0.05,0.0,0.0,0.0,0.0,normal,Normal
0,tcp,private,S0,0,0,0,0,0,0,0,0,0,0,0,0,0,0,0,0,0,0,150,3,1.0,1.0,0.0,0.0,0.02,0.1,0.0,255,3,0.01,0.09,0.0,0.0,1.0,1.0,0.0,0.0,neptune,DoS
1,tcp,smtp,SF,2599,293,0,0,0,0,0,1,0,0,0,0,0,0,0,0,0,0,2,2,0.0,0.0,0.0,0.0,1.0,0.0,0.0,255,178,0.7,0.13,0.0,0.0,0.0,0.0,0.29,0.0,mailbomb,DoS
0,tcp,finger,SF,6,136,0,0,0,0,0,0,0,0,0,0,0,0,0,0,0,0,1,1,0.0,0.0,0.0,0.0,1.0,0.0,0.0,71,7,0.03,0.04,0.01,0.29,0.0,0.0,0.0,0.0,normal,Normal
2076,tcp,http,RSTR,72564,0,0,0,0,0,0,1,0,0,0,0,0,0,0,0,0,0,9,9,0.0,0.0,1.0,1.0,1.0,0.0,0.0,255,232,0.91,0.02,0.0,0.0,0.0,0.0,0.11,0.12,apache2,DoS
0,tcp,other,REJ,0,0,0,0,0,0,0,0,0,0,0,0,0,0,0,0,0,0,477,1,0.09,0.0,0.91,1.0,0.0,1.0,0.0,255,1,0.0,1.0,0.0,0.0,0.13,0.0,0.87,1.0,satan,Probe
0,tcp,telnet,S0,0,0,0,0,0,0,0,0,0,0,0,0,0,0,0,0,0,0,1,12,1.0,0.25,0.0,0.75,1.0,0.0,0.83,67,80,0.34,0.04,0.01,0.03,1.0,0.29,0.0,0.43,mscan,Probe
0,tcp,http,SF,237,1585,0,0,0,0,0,1,0,0,0,0,0,0,0,0,0,0,8,8,0.0,0.0,0.0,0.0,1.0,0.0,0.0,198,255,1.0,0.0,0.01,0.01,0.0,0.0,0.0,0.0,normal,Normal
4,tcp,pop_3,SF,27,93,0,0,0,0,0,1,0,0,0,0,0,0,0,0,0,0,1,1,0.0,0.0,0.0,0.0,1.0,0.0,0.0,255,236,0.93,0.01,0.0,0.0,0.0,0.0,0.04,0.0,guess_passwd,R2L
0,tcp,http,SF,221,724,0,0,0,0,0,1,0,0,0,0,0,0,0,0,0,0,31,33,0.0,0.0,0.0,0.0,1.0,0.0,0.06,255,255,1.0,0.0,0.0,0.0,0.0,0.0,0.0,0.0,normal,Normal
0,tcp,http,SF,54540,8314,0,0,0,2,0,1,1,0,0,0,0,0,0,0,0,0,4,4,0.0,0.0,0.25,0.25,1.0,0.0,0.0,255,229,0.9,0.01,0.0,0.0,0.0,0.0,0.02,0.01,back,DoS
0,tcp,http,REJ,0,0,0,0,0,0,0,0,0,0,0,0,0,0,0,0,0,0,207,14,0.0,0.0,1.0,1.0,0.07,0.06,0.0,255,14,0.05,0.06,0.0,0.0,0.0,0.0,1.0,1.0,neptune,DoS
0,tcp,http,SF,212,280,0,0,0,0,0,1,0,0,0,0,0,0,0,0,0,0,5,8,0.0,0.0,0.0,0.0,1.0,0.0,0.25,255,255,1.0,0.0,0.0,0.0,0.0,0.0,0.0,0.0,normal,Normal
0,tcp,http,SF,269,299,0,0,0,0,0,1,0,0,0,0,0,0,0,0,0,0,6,20,0.0,0.0,0.0,0.0,1.0,0.0,0.1,117,255,1.0,0.0,0.01,0.03,0.0,0.0,0.0,0.0,normal,Normal
0,tcp,Z39_50,REJ,0,0,0,0,0,0,0,0,0,0,0,0,0,0,0,0,0,0,277,8,0.19,0.38,0.81,0.62,0.03,0.06,0.0,255,8,0.03,0.07,0.0,0.0,0.21,0.38,0.79,0.62,neptune,DoS
0,tcp,pop_3,RSTO,0,36,0,0,0,0,0,1,0,0,0,0,0,0,0,0,0,0,3,5,0.0,0.0,1.0,0.8,0.33,1.0,1.0,120,59,0.24,0.04,0.01,0.03,0.0,0.0,0.89,1.0,mscan,Probe
0,tcp,http,SF,253,1290,0,0,0,0,0,1,0,0,0,0,0,0,0,0,0,0,4,5,0.0,0.0,0.0,0.0,1.0,0.0,0.4,19,194,1.0,0.0,0.05,0.05,0.0,0.0,0.0,0.0,normal,Normal
8,tcp,pop_3,SF,28,93,0,0,0,0,0,1,0,0,0,0,0,0,0,0,0,0,1,1,0.0,0.0,0.0,0.0,1.0,0.0,0.0,255,246,0.96,0.01,0.0,0.0,0.0,0.0,0.0,0.0,guess_passwd,R2L
0,tcp,http,SF,285,1577,0,0,0,0,0,1,0,0,0,0,0,0,0,0,0,0,12,12,0.0,0.0,0.0,0.0,1.0,0.0,0.0,255,255,1.0,0.0,0.0,0.0,0.0,0.0,0.0,0.0,normal,Normal
0,tcp,telnet,REJ,0,0,0,0,0,0,0,0,0,0,0,0,0,0,0,0,0,0,4,11,0.0,0.27,1.0,0.64,0.25,1.0,0.91,100,91,0.29,0.05,0.01,0.02,0.0,0.0,0.96,0.59,mscan,Probe
0,udp,domain_u,SF,44,134,0,0,0,0,0,0,0,0,0,0,0,0,0,0,0,0,83,163,0.0,0.0,0.0,0.0,1.0,0.0,0.01,255,255,1.0,0.0,0.0,0.0,0.0,0.0,0.0,0.0,normal,Normal
0,tcp,http,SF,270,353,0,0,0,0,0,1,0,0,0,0,0,0,0,0,0,0,15,22,0.0,0.0,0.0,0.0,1.0,0.0,0.14,255,255,1.0,0.0,0.0,0.0,0.0,0.0,0.0,0.0,normal,Normal
0,tcp,http,SF,237,1075,0,0,0,0,0,1,0,0,0,0,0,0,0,0,0,0,5,5,0.0,0.0,0.0,0.0,1.0,0.0,0.0,255,224,0.88,0.01,0.0,0.0,0.0,0.0,0.0,0.0,normal,Normal
0,tcp,telnet,S3,0,44,0,0,0,0,0,0,0,0,0,0,0,0,0,0,0,0,1,1,1.0,1.0,0.0,0.0,1.0,0.0,0.0,255,103,0.4,0.52,0.0,0.0,0.31,0.76,0.51,0.0,processtable,DoS
0,tcp,other,REJ,0,0,0,0,0,0,0,0,0,0,0,0,0,0,0,0,0,0,458,1,0.13,0.0,0.87,1.0,0.0,1.0,0.0,255,1,0.0,0.92,0.0,0.0,0.13,0.0,0.87,1.0,satan,Probe
0,tcp,http,SF,313,375,0,0,0,0,0,1,0,0,0,0,0,0,0,0,0,0,4,4,0.0,0.0,0.0,0.0,1.0,0.0,0.0,4,255,1.0,0.0,0.25,0.12,0.0,0.0,0.0,0.0,normal,Normal
0,udp,private,SF,55,57,0,0,0,0,0,0,0,0,0,0,0,0,0,0,0,0,502,502,0.0,0.0,0.0,0.0,1.0,0.0,0.0,255,255,1.0,0.0,1.0,0.0,0.0,0.0,0.0,0.0,normal,Normal
0,tcp,http_443,S0,0,0,0,0,0,0,0,0,0,0,0,0,0,0,0,0,0,0,150,20,1.0,1.0,0.0,0.0,0.13,0.06,0.0,255,20,0.08,0.07,0.0,0.0,0.99,1.0,0.0,0.0,neptune,DoS
7350,tcp,telnet,SF,0,44,0,0,0,0,0,0,0,0,0,0,0,0,0,0,0,0,1,1,0.0,0.0,0.0,0.0,1.0,0.0,0.0,255,226,0.89,0.02,0.0,0.0,0.27,0.31,0.01,0.0,processtable,DoS
0,tcp,sunrpc,REJ,0,0,0,0,0,0,0,0,0,0,0,0,0,0,0,0,0,0,4,4,0.0,0.0,1.0,1.0,0.25,1.0,1.0,229,52,0.2,0.02,0.0,0.04,0.0,0.0,0.88,1.0,mscan,Probe
0,tcp,http,SF,237,1585,0,0,0,0,0,1,0,0,0,0,0,0,0,0,0,0,7,7,0.0,0.0,0.0,0.0,1.0,0.0,0.0,65,255,1.0,0.0,0.02,0.01,0.0,0.0,0.0,0.0,normal,Normal
4,tcp,pop_3,SF,32,93,0,0,0,0,0,1,0,0,0,0,0,0,0,0,0,0,1,1,0.0,0.0,0.0,0.0,1.0,0.0,0.0,202,183,0.91,0.01,0.0,0.0,0.0,0.0,0.05,0.0,guess_passwd,R2L
0,udp,domain_u,SF,36,0,0,0,0,0,0,0,0,0,0,0,0,0,0,0,0,0,10,26,0.0,0.0,0.0,0.0,1.0,0.0,0.19,10,10,1.0,0.0,1.0,0.0,0.0,0.0,0.0,0.0,normal,Normal
0,tcp,http,SF,322,2265,0,0,0,0,0,1,0,0,0,0,0,0,0,0,0,0,1,1,0.0,0.0,0.0,0.0,1.0,0.0,0.0,25,255,1.0,0.0,0.04,0.05,0.0,0.0,0.0,0.0,normal,Normal
0,tcp,private,S0,0,0,0,0,0,0,0,0,0,0,0,0,0,0,0,0,0,0,247,9,1.0,1.0,0.0,0.0,0.04,0.06,0.0,255,9,0.04,0.07,0.0,0.0,1.0,1.0,0.0,0.0,neptune,DoS
0,tcp,http,SF,314,24364,0,0,0,0,0,1,0,0,0,0,0,0,0,0,0,0,1,1,0.0,0.0,0.0,0.0,1.0,0.0,0.0,1,255,1.0,0.0,1.0,0.08,0.0,0.0,0.0,0.0,normal,Normal
0,tcp,ftp,SF,26,157,0,0,0,0,1,0,0,0,0,0,0,0,0,0,0,1,1,1,0.0,0.0,0.0,0.0,1.0,0.0,0.0,255,128,0.5,0.03,0.0,0.0,0.0,0.0,0.0,0.0,guess_passwd,R2L
0,udp,private,SF,1,0,0,0,0,0,0,0,0,0,0,0,0,0,0,0,0,0,9,1,0.0,0.0,0.0,0.0,0.11,0.56,0.0,255,1,0.0,0.36,0.73,0.0,0.0,0.0,0.24,0.0,normal,Normal
0,tcp,private,REJ,0,0,0,0,0,0,0,0,0,0,0,0,0,0,0,0,0,0,138,3,0.0,0.0,1.0,1.0,0.02,0.06,0.0,255,3,0.01,0.05,0.0,0.0,0.0,0.0,1.0,1.0,neptune,DoS
2075,tcp,http,RSTR,72564,0,0,0,0,0,0,1,0,0,0,0,0,0,0,0,0,0,10,10,0.0,0.0,1.0,1.0,1.0,0.0,0.0,255,232,0.91,0.02,0.0,0.0,0.0,0.0,0.09,0.1,apache2,DoS
4,tcp,pop_3,SF,26,93,0,0,0,0,0,1,0,0,0,0,0,0,0,0,0,0,1,1,0.0,0.0,0.0,0.0,1.0,0.0,0.0,173,155,0.89,0.02,0.01,0.01,0.0,0.0,0.06,0.0,guess_passwd,R2L
0,tcp,private,S0,0,0,0,0,0,0,0,0,0,0,0,0,0,0,0,0,0,0,110,4,1.0,1.0,0.0,0.0,0.04,0.06,0.0,255,4,0.02,0.07,0.0,0.0,1.0,1.0,0.0,0.0,neptune,DoS
0,tcp,private,REJ,0,0,0,0,0,0,0,0,0,0,0,0,0,0,0,0,0,0,104,5,0.0,0.0,1.0,1.0,0.05,0.07,0.0,255,5,0.02,0.06,0.0,0.0,0.24,0.0,0.76,1.0,neptune,DoS
0,udp,private,SF,46,0,0,0,0,0,0,0,0,0,0,0,0,0,0,0,0,0,4,4,0.0,0.0,0.0,0.0,1.0,0.0,0.0,255,253,0.99,0.01,0.0,0.0,0.0,0.0,0.0,0.0,snmpguess,R2L
0,udp,domain_u,SF,45,129,0,0,0,0,0,0,0,0,0,0,0,0,0,0,0,0,143,223,0.0,0.0,0.0,0.0,1.0,0.0,0.01,255,255,1.0,0.0,0.0,0.0,0.0,0.0,0.0,0.0,normal,Normal
0,udp,private,SF,1,1,0,0,0,0,0,0,0,0,0,0,0,0,0,0,0,0,53,1,0.0,0.0,0.0,0.0,0.02,1.0,0.0,255,1,0.0,0.66,0.92,0.0,0.0,0.0,0.08,0.0,satan,Probe
0,tcp,telnet,S0,0,0,0,0,0,0,0,0,0,0,0,0,0,0,0,0,0,0,140,140,1.0,1.0,0.0,0.0,1.0,0.0,0.0,255,191,0.75,0.07,0.0,0.0,0.71,0.95,0.02,0.0,neptune,DoS
0,tcp,imap4,S0,0,0,0,0,0,0,0,0,0,0,0,0,0,0,0,0,0,0,1,1,1.0,1.0,0.0,0.0,1.0,0.0,0.0,134,85,0.34,0.02,0.01,0.02,1.0,1.0,0.0,0.0,mscan,Probe
0,tcp,private,S0,0,0,0,0,0,0,0,0,0,0,0,0,0,0,0,0,0,0,129,7,1.0,1.0,0.0,0.0,0.05,0.07,0.0,255,7,0.03,0.06,0.0,0.0,1.0,1.0,0.0,0.0,neptune,DoS
0,tcp,http,SF,261,23238,0,0,0,0,0,1,0,0,0,0,0,0,0,0,0,0,4,5,0.0,0.0,0.0,0.0,1.0,0.0,0.4,11,255,1.0,0.0,0.09,0.04,0.0,0.0,0.0,0.0,normal,Normal
0,tcp,auth,SF,13,38,0,0,0,0,0,0,0,0,0,0,0,0,0,0,0,0,1,1,0.0,0.0,0.0,0.0,1.0,0.0,0.0,10,1,0.1,0.2,0.1,0.0,0.0,0.0,0.0,0.0,normal,Normal
0,tcp,ftp_data,SF,12,0,0,0,0,0,0,0,0,0,0,0,0,0,0,0,0,0,1,2,0.0,0.0,0.0,0.0,1.0,0.0,1.0,1,13,1.0,0.0,1.0,0.23,0.0,0.0,0.0,0.0,warezmaster,R2L
4,tcp,pop_3,SF,32,93,0,0,0,0,0,1,0,0,0,0,0,0,0,0,0,0,1,1,0.0,0.0,0.0,0.0,1.0,0.0,0.0,238,219,0.92,0.01,0.0,0.0,0.0,0.0,0.04,0.0,guess_passwd,R2L
0,udp,domain_u,SF,45,135,0,0,0,0,0,0,0,0,0,0,0,0,0,0,0,0,137,216,0.0,0.0,0.0,0.0,1.0,0.0,0.01,255,255,1.0,0.0,0.0,0.0,0.0,0.0,0.0,0.0,normal,Normal
0,tcp,whois,REJ,0,0,0,0,0,0,0,0,0,0,0,0,0,0,0,0,0,0,218,15,0.0,0.0,1.0,1.0,0.07,0.06,0.0,255,15,0.06,0.05,0.0,0.0,0.0,0.0,1.0,1.0,neptune,DoS
0,tcp,http,SF,296,1550,0,0,0,0,0,1,0,0,0,0,0,0,0,0,0,0,2,15,0.0,0.0,0.0,0.0,1.0,0.0,0.2,15,245,1.0,0.0,0.07,0.02,0.0,0.0,0.0,0.0,normal,Normal
0,tcp,nnsp,S0,0,0,0,0,0,0,0,0,0,0,0,0,0,0,0,0,0,0,117,14,1.0,1.0,0.0,0.0,0.12,0.07,0.0,255,14,0.05,0.06,0.0,0.0,1.0,1.0,0.0,0.0,neptune,DoS
1,tcp,smtp,SF,2599,293,0,0,0,0,0,1,0,0,0,0,0,0,0,0,0,0,1,1,0.0,0.0,0.0,0.0,1.0,0.0,0.0,255,246,0.96,0.04,0.0,0.0,0.0,0.0,0.04,0.0,mailbomb,DoS
0,tcp,http,SF,173,12382,0,0,0,0,0,1,0,0,0,0,0,0,0,0,0,0,8,8,0.0,0.0,0.0,0.0,1.0,0.0,0.0,253,253,1.0,0.0,0.0,0.0,0.0,0.0,0.0,0.0,normal,Normal
0,tcp,private,REJ,0,0,0,0,0,0,0,0,0,0,0,0,0,0,0,0,0,0,108,5,0.0,0.0,1.0,1.0,0.05,0.08,0.0,255,5,0.02,0.06,0.0,0.0,0.0,0.0,1.0,1.0,neptune,DoS
2,tcp,smtp,SF,1571,367,0,0,0,0,0,1,0,0,0,0,0,0,0,0,0,0,1,2,0.0,0.0,0.0,0.0,1.0,0.0,1.0,24,19,0.79,0.12,0.04,0.0,0.0,0.0,0.0,0.0,normal,Normal
0,tcp,pop_3,SF,30,217,0,0,0,0,0,1,0,0,0,0,0,0,0,0,0,0,1,1,0.0,0.0,0.0,0.0,1.0,0.0,0.0,255,1,0.0,0.01,0.0,0.0,0.0,0.0,0.0,0.0,guess_passwd,R2L
0,tcp,http,SF,241,1982,0,0,0,0,0,1,0,0,0,0,0,0,0,0,0,0,1,1,0.0,0.0,0.0,0.0,1.0,0.0,0.0,10,255,1.0,0.0,0.1,0.02,0.0,0.0,0.0,0.0,normal,Normal
1,tcp,smtp,SF,2686,329,0,0,0,0,0,1,0,0,0,0,0,0,0,0,0,0,1,1,0.0,0.0,0.0,0.0,1.0,0.0,0.0,42,31,0.74,0.07,0.02,0.0,0.0,0.0,0.0,0.0,normal,Normal
282,tcp,ftp,SF,160,597,0,0,0,2,0,1,0,0,0,0,0,0,0,0,0,1,1,1,0.0,0.0,0.0,0.0,1.0,0.0,0.0,255,108,0.42,0.03,0.0,0.0,0.0,0.0,0.0,0.0,warezmaster,R2L
0,tcp,ftp_data,SF,12,0,0,0,0,0,0,0,0,0,0,0,0,0,0,0,0,0,2,1,0.0,0.0,0.0,0.0,0.5,1.0,0.0,255,16,0.06,0.03,0.06,0.0,0.0,0.0,0.0,0.0,warezmaster,R2L
0,tcp,http,SF,326,3660,0,0,0,0,0,1,0,0,0,0,0,0,0,0,0,0,19,20,0.0,0.0,0.0,0.0,1.0,0.0,0.1,69,255,1.0,0.0,0.01,0.08,0.0,0.0,0.0,0.0,normal,Normal
0,tcp,http,SF,327,456,0,0,0,0,0,1,0,0,0,0,0,0,0,0,0,0,5,6,0.0,0.0,0.0,0.0,1.0,0.0,0.33,217,255,1.0,0.0,0.0,0.02,0.0,0.0,0.0,0.0,normal,Normal
0,tcp,private,REJ,0,0,0,0,0,0,0,0,0,0,0,0,0,0,0,0,0,0,236,8,0.0,0.0,1.0,1.0,0.03,0.07,0.0,48,8,0.17,0.15,0.02,0.0,0.0,0.0,1.0,1.0,neptune,DoS
4,tcp,pop_3,SF,31,93,0,0,0,0,0,1,0,0,0,0,0,0,0,0,0,0,1,1,0.0,0.0,0.0,0.0,1.0,0.0,0.0,255,133,0.52,0.02,0.0,0.0,0.0,0.0,0.18,0.02,guess_passwd,R2L
0,tcp,other,REJ,0,0,0,0,0,0,0,0,0,0,0,0,0,0,0,0,0,0,460,1,0.03,0.0,0.97,1.0,0.0,1.0,0.0,255,1,0.0,1.0,0.0,0.0,0.05,0.0,0.95,1.0,satan,Probe
0,tcp,imap4,RSTO,0,44,0,0,0,0,0,0,0,0,0,0,0,0,0,0,0,0,2,3,0.0,0.0,1.0,1.0,0.5,1.0,1.0,255,36,0.14,0.03,0.0,0.0,0.0,0.0,0.5,0.97,mscan,Probe
0,tcp,other,REJ,0,0,0,0,0,0,0,0,0,0,0,0,0,0,0,0,0,0,1,1,0.0,0.0,1.0,1.0,1.0,0.0,0.0,255,36,0.14,0.02,0.0,0.0,0.0,0.0,0.12,0.78,httptunnel,R2L
0,tcp,http,SF,330,13629,0,0,0,0,0,1,0,0,0,0,0,0,0,0,0,0,1,1,0.0,0.0,0.0,0.0,1.0,0.0,0.0,18,255,1.0,0.0,0.06,0.01,0.0,0.0,0.0,0.0,normal,Normal
0,tcp,http,SF,244,252,0,0,0,0,0,1,0,0,0,0,0,0,0,0,0,0,1,3,0.0,0.0,0.0,0.0,1.0,0.0,0.67,29,245,1.0,0.0,0.03,0.04,0.0,0.0,0.0,0.0,normal,Normal
0,tcp,private,REJ,0,0,0,0,0,0,0,0,0,0,0,0,0,0,0,0,0,0,256,19,0.0,0.0,1.0,1.0,0.07,0.06,0.0,68,2,0.03,0.1,0.01,0.0,0.0,0.0,1.0,1.0,neptune,DoS
0,tcp,http,SF,307,290,0,0,0,0,0,1,0,0,0,0,0,0,0,0,0,0,7,15,0.0,0.0,0.0,0.0,1.0,0.0,0.13,186,255,1.0,0.0,0.01,0.04,0.01,0.0,0.0,0.0,normal,Normal
0,tcp,nntp,S0,0,0,0,0,0,0,0,0,0,0,0,0,0,0,0,0,0,0,120,12,1.0,1.0,0.0,0.0,0.1,0.06,0.0,255,12,0.05,0.06,0.0,0.0,1.0,1.0,0.0,0.0,neptune,DoS
0,tcp,http,SF,203,1072,0,0,0,0,0,1,0,0,0,0,0,0,0,0,0,0,3,3,0.0,0.0,0.0,0.0,1.0,0.0,0.0,3,255,1.0,0.0,0.33,0.05,0.0,0.0,0.0,0.0,normal,Normal
0,udp,domain_u,SF,43,43,0,0,0,0,0,0,0,0,0,0,0,0,0,0,0,0,5,10,0.0,0.0,0.0,0.0,1.0,0.0,0.3,217,212,0.98,0.01,0.01,0.0,0.0,0.0,0.0,0.0,normal,Normal
0,udp,private,SF,105,147,0,0,0,0,0,0,0,0,0,0,0,0,0,0,0,0,1,1,0.0,0.0,0.0,0.0,1.0,0.0,0.0,255,246,0.96,0.01,0.01,0.0,0.0,0.0,0.0,0.0,snmpgetattack,R2L
0,tcp,private,S0,0,0,0,0,0,0,0,0,0,0,0,0,0,0,0,0,0,0,199,15,1.0,1.0,0.0,0.0,0.08,0.09,0.0,255,15,0.06,0.08,0.0,0.0,1.0,1.0,0.0,0.0,neptune,DoS
0,tcp,smtp,SF,2027,328,0,0,0,0,0,1,0,0,0,0,0,0,0,0,0,0,1,1,0.0,0.0,0.0,0.0,1.0,0.0,0.0,21,172,0.76,0.14,0.05,0.01,0.0,0.0,0.0,0.0,normal,Normal
0,udp,private,SF,54,52,0,0,0,0,0,0,0,0,0,0,0,0,0,0,0,0,427,427,0.0,0.0,0.0,0.0,1.0,0.0,0.0,255,255,1.0,0.0,0.96,0.0,0.0,0.0,0.0,0.0,normal,Normal
0,tcp,http,SF,251,1401,0,0,0,0,0,1,0,0,0,0,0,0,0,0,0,0,8,8,0.0,0.0,0.0,0.0,1.0,0.0,0.0,255,255,1.0,0.0,0.0,0.0,0.0,0.0,0.0,0.0,normal,Normal
0,tcp,smtp,SF,3594,330,0,0,0,0,0,1,0,0,0,0,0,0,0,0,0,0,1,1,0.0,0.0,0.0,0.0,1.0,0.0,0.0,108,131,0.43,0.06,0.01,0.02,0.0,0.0,0.0,0.0,normal,Normal
0,tcp,http,SF,206,22780,0,0,0,0,0,1,0,0,0,0,0,0,0,0,0,0,9,9,0.0,0.0,0.0,0.0,1.0,0.0,0.0,255,255,1.0,0.0,0.0,0.0,0.0,0.0,0.0,0.0,normal,Normal
0,tcp,bgp,S0,0,0,0,0,0,0,0,0,0,0,0,0,0,0,0,0,0,0,300,14,1.0,1.0,0.0,0.0,0.05,0.05,0.0,255,14,0.05,0.07,0.0,0.0,1.0,1.0,0.0,0.0,neptune,DoS
1,tcp,smtp,SF,1406,368,0,0,0,0,0,1,0,0,0,0,0,0,0,0,0,0,1,5,0.0,0.0,0.0,0.0,1.0,0.0,1.0,1,159,1.0,0.0,1.0,0.01,0.0,0.0,0.0,0.0,normal,Normal
0,udp,other,SF,5,0,0,0,0,0,0,0,0,0,0,0,0,0,0,0,0,0,5,1,0.0,0.0,0.0,0.0,0.2,0.4,0.0,255,7,0.03,0.02,0.03,0.0,0.0,0.0,0.0,0.0,saint,Probe
0,tcp,http,SF,316,2147,0,0,0,0,0,1,0,0,0,0,0,0,0,0,0,0,2,2,0.0,0.0,0.0,0.0,1.0,0.0,0.0,45,245,1.0,0.0,0.02,0.02,0.0,0.0,0.0,0.0,normal,Normal
0,udp,private,SF,40,0,0,0,0,0,0,0,0,0,0,0,0,0,0,0,0,0,3,3,0.0,0.0,0.0,0.0,1.0,0.0,0.0,255,253,0.99,0.01,0.0,0.0,0.0,0.0,0.0,0.0,snmpguess,R2L
0,tcp,private,S0,0,0,0,0,0,0,0,0,0,0,0,0,0,0,0,0,0,0,118,12,1.0,1.0,0.0,0.0,0.1,0.07,0.0,255,12,0.05,0.06,0.0,0.0,1.0,1.0,0.0,0.0,neptune,DoS
0,udp,private,SF,105,105,0,0,0,0,0,0,0,0,0,0,0,0,0,0,0,0,2,2,0.0,0.0,0.0,0.0,1.0,0.0,0.0,255,255,1.0,0.0,0.0,0.0,0.0,0.0,0.0,0.0,normal,Normal
0,tcp,private,REJ,0,0,0,0,0,0,0,0,0,0,0,0,0,0,0,0,0,0,137,16,0.0,0.0,1.0,1.0,0.12,0.06,0.0,255,16,0.06,0.05,0.0,0.0,0.0,0.0,1.0,1.0,neptune,DoS
0,tcp,http,SF,238,1554,0,0,0,0,0,1,0,0,0,0,0,0,0,0,0,0,3,3,0.0,0.0,0.0,0.0,1.0,0.0,0.0,24,249,1.0,0.0,0.04,0.04,0.0,0.0,0.0,0.0,normal,Normal
0,tcp,imap4,REJ,0,0,0,0,0,0,0,0,0,0,0,0,0,0,0,0,0,0,3,3,0.0,0.0,0.67,1.0,0.33,0.67,1.0,255,44,0.17,0.06,0.0,0.0,0.0,0.0,0.35,1.0,mscan,Probe
23,tcp,ftp,SF,327,1054,0,0,0,6,0,1,0,0,0,0,0,0,0,0,0,1,2,1,0.0,0.0,0.0,0.0,0.5,1.0,0.0,230,62,0.27,0.03,0.0,0.0,0.0,0.02,0.01,0.0,normal,Normal
0,tcp,finger,RSTO,0,0,0,0,0,0,0,0,0,0,0,0,0,0,0,0,0,0,277,5,0.0,0.0,1.0,1.0,0.02,0.06,0.0,255,5,0.02,0.06,0.0,0.0,0.0,0.0,1.0,1.0,neptune,DoS
0,udp,private,SF,53,53,0,0,0,0,0,0,0,0,0,0,0,0,0,0,0,0,509,509,0.0,0.0,0.0,0.0,1.0,0.0,0.0,255,255,1.0,0.0,0.86,0.0,0.0,0.0,0.0,0.0,normal,Normal
0,tcp,efs,S0,0,0,0,0,0,0,0,0,0,0,0,0,0,0,0,0,0,0,102,1,1.0,1.0,0.0,0.0,0.01,0.08,0.0,255,1,0.0,0.07,0.0,0.0,1.0,1.0,0.0,0.0,neptune,DoS
0,tcp,vmnet,REJ,0,0,0,0,0,0,0,0,0,0,0,0,0,0,0,0,0,0,256,2,0.0,0.0,1.0,1.0,0.01,0.06,0.0,255,2,0.01,0.06,0.0,0.0,0.0,0.0,1.0,1.0,neptune,DoS
4,tcp,pop_3,SF,30,93,0,0,0,0,0,1,0,0,0,0,0,0,0,0,0,0,1,1,0.0,0.0,0.0,0.0,1.0,0.0,0.0,255,232,0.91,0.02,0.0,0.0,0.0,0.0,0.02,0.0,guess_passwd,R2L
0,icmp,eco_i,SF,8,0,0,0,0,0,0,0,0,0,0,0,0,0,0,0,0,0,1,34,0.0,0.0,0.0,0.0,1.0,0.0,1.0,2,51,1.0,0.0,1.0,0.51,0.0,0.0,0.0,0.0,ipsweep,Probe
0,udp,private,SF,53,52,0,0,0,0,0,0,0,0,0,0,0,0,0,0,0,0,508,508,0.0,0.0,0.0,0.0,1.0,0.0,0.0,255,255,1.0,0.0,1.0,0.0,0.0,0.0,0.0,0.0,normal,Normal
0,tcp,smtp,SF,4508,331,0,0,0,0,0,1,0,0,0,0,0,0,0,0,0,0,1,1,0.0,0.0,0.0,0.0,1.0,0.0,0.0,161,131,0.81,0.02,0.01,0.0,0.0,0.0,0.0,0.0,normal,Normal
20,tcp,telnet,SF,256,925244,0,0,0,0,0,1,0,0,0,0,0,0,0,0,0,0,1,1,0.0,0.0,0.0,0.0,1.0,0.0,0.0,191,25,0.13,0.02,0.01,0.0,0.0,0.0,0.0,0.0,normal,Normal
806,tcp,http,RSTR,57964,1,0,0,0,0,0,1,0,0,0,0,0,0,0,0,0,0,82,82,0.02,0.02,0.98,0.98,1.0,0.0,0.0,255,253,0.99,0.01,0.0,0.0,0.01,0.01,0.38,0.39,apache2,DoS
0,tcp,http_443,REJ,0,0,0,0,0,0,0,0,0,0,0,0,0,0,0,0,0,0,129,16,0.0,0.0,1.0,1.0,0.12,0.06,0.0,255,16,0.06,0.06,0.0,0.0,0.0,0.0,1.0,1.0,neptune,DoS
0,tcp,http,SF,251,1318,0,0,0,0,0,1,0,0,0,0,0,0,0,0,0,0,20,20,0.0,0.0,0.0,0.0,1.0,0.0,0.0,44,255,1.0,0.0,0.02,0.02,0.0,0.0,0.0,0.0,normal,Normal
806,tcp,http,RSTR,60884,0,0,0,0,0,0,1,0,0,0,0,0,0,0,0,0,0,17,17,0.0,0.0,1.0,1.0,1.0,0.0,0.0,246,243,0.99,0.01,0.0,0.0,0.0,0.0,0.09,0.09,apache2,DoS
0,tcp,http,SF,227,406,0,0,0,0,0,1,0,0,0,0,0,0,0,0,0,0,4,44,0.0,0.0,0.0,0.0,1.0,0.0,0.07,16,255,1.0,0.0,0.06,0.02,0.0,0.0,0.0,0.0,normal,Normal
0,tcp,http,SF,162,493,0,0,0,0,0,1,0,0,0,0,0,0,0,0,0,0,4,11,0.0,0.0,0.0,0.0,1.0,0.0,0.18,64,255,1.0,0.0,0.02,0.03,0.0,0.0,0.0,0.0,normal,Normal
0,tcp,telnet,SF,119,174,0,0,0,0,1,0,0,0,0,0,0,0,0,0,0,0,1,1,0.0,0.0,0.0,0.0,1.0,0.0,0.0,255,255,1.0,0.0,0.0,0.0,0.0,0.0,0.02,0.02,guess_passwd,R2L
281,tcp,ftp,SF,160,597,0,0,0,2,0,1,0,0,0,0,0,0,0,0,0,1,2,1,0.0,0.0,0.0,0.0,0.5,1.0,0.0,255,35,0.14,0.02,0.0,0.0,0.0,0.0,0.42,0.0,warezmaster,R2L
4,tcp,pop_3,SF,28,93,0,0,0,0,0,1,0,0,0,0,0,0,0,0,0,0,1,1,0.0,0.0,0.0,0.0,1.0,0.0,0.0,124,109,0.87,0.02,0.01,0.02,0.0,0.0,0.08,0.0,guess_passwd,R2L
4,tcp,pop_3,SF,32,93,0,0,0,0,0,1,0,0,0,0,0,0,0,0,0,0,1,1,0.0,0.0,0.0,0.0,1.0,0.0,0.0,255,172,0.67,0.02,0.0,0.0,0.0,0.0,0.11,0.0,guess_passwd,R2L
0,tcp,vmnet,REJ,0,0,0,0,0,0,0,0,0,0,0,0,0,0,0,0,0,0,252,6,0.0,0.0,1.0,1.0,0.02,0.06,0.0,255,6,0.02,0.07,0.0,0.0,0.0,0.0,1.0,1.0,neptune,DoS
0,tcp,telnet,RSTO,0,0,0,0,0,0,0,0,0,0,0,0,0,0,0,0,0,0,43,9,0.0,0.0,1.0,1.0,0.21,0.09,0.0,255,57,0.22,0.11,0.01,0.0,0.0,0.0,0.99,1.0,neptune,DoS
0,tcp,private,REJ,0,0,0,0,0,0,0,0,0,0,0,0,0,0,0,0,0,0,155,1,0.24,0.0,0.73,1.0,0.01,1.0,0.0,255,1,0.0,0.44,0.0,0.0,0.18,0.0,0.74,1.0,satan,Probe
0,tcp,private,S0,0,0,0,0,0,0,0,0,0,0,0,0,0,0,0,0,0,0,250,7,1.0,1.0,0.0,0.0,0.03,0.06,0.0,255,7,0.03,0.06,0.0,0.0,1.0,1.0,0.0,0.0,neptune,DoS
0,tcp,other,REJ,0,0,0,0,0,0,0,0,0,0,0,0,0,0,0,0,0,0,511,1,0.08,0.0,0.92,1.0,0.0,1.0,0.0,255,1,0.0,1.0,0.0,0.0,0.11,0.0,0.89,1.0,saint,Probe
0,tcp,private,REJ,0,0,0,0,0,0,0,0,0,0,0,0,0,0,0,0,0,0,193,19,0.0,0.0,1.0,1.0,0.1,0.06,0.0,255,19,0.07,0.05,0.0,0.0,0.0,0.0,1.0,1.0,neptune,DoS
0,tcp,http,SF,214,4368,0,0,0,0,0,1,0,0,0,0,0,0,0,0,0,0,1,1,0.0,0.0,0.0,0.0,1.0,0.0,0.0,255,255,1.0,0.0,0.0,0.0,0.0,0.0,0.0,0.0,normal,Normal
0,tcp,private,SH,0,0,0,0,0,0,0,0,0,0,0,0,0,0,0,0,0,0,1,1,1.0,1.0,0.0,0.0,1.0,0.0,0.0,19,1,0.05,1.0,1.0,0.0,1.0,1.0,0.0,0.0,nmap,Probe
1,tcp,smtp,SF,1241,333,0,0,0,0,0,1,0,0,0,0,0,0,0,0,0,0,1,1,0.0,0.0,0.0,0.0,1.0,0.0,0.0,94,195,0.87,0.04,0.01,0.01,0.0,0.0,0.0,0.01,normal,Normal
0,tcp,http,SF,152,1076,0,0,0,0,0,1,0,0,0,0,0,0,0,0,0,0,1,11,0.0,0.0,0.0,0.0,1.0,0.0,0.18,1,231,1.0,0.0,1.0,0.03,0.0,0.0,0.0,0.0,normal,Normal
0,tcp,private,S0,0,0,0,0,0,0,0,0,0,0,0,0,0,0,0,0,0,0,260,16,1.0,1.0,0.0,0.0,0.06,0.06,0.0,255,16,0.06,0.06,0.0,0.0,1.0,1.0,0.0,0.0,neptune,DoS
0,icmp,ecr_i,SF,520,0,0,0,0,0,0,0,0,0,0,0,0,0,0,0,0,0,352,352,0.0,0.0,0.0,0.0,1.0,0.0,0.0,255,255,1.0,0.0,1.0,0.0,0.0,0.0,0.0,0.0,smurf,DoS
0,udp,domain_u,SF,42,42,0,0,0,0,0,0,0,0,0,0,0,0,0,0,0,0,13,19,0.0,0.0,0.0,0.0,1.0,0.0,0.11,255,255,1.0,0.0,0.01,0.0,0.0,0.0,0.0,0.0,normal,Normal
0,tcp,http,SF,54540,8314,0,0,0,2,0,1,1,0,0,0,0,0,0,0,0,0,4,6,0.0,0.0,0.0,0.0,1.0,0.0,0.33,255,254,1.0,0.01,0.0,0.0,0.0,0.0,0.07,0.07,back,DoS
3,tcp,pop_3,SF,27,93,0,0,0,0,0,1,0,0,0,0,0,0,0,0,0,0,1,1,0.0,0.0,0.0,0.0,1.0,0.0,0.0,255,210,0.82,0.02,0.0,0.0,0.0,0.0,0.04,0.0,guess_passwd,R2L
0,udp,domain_u,SF,42,42,0,0,0,0,0,0,0,0,0,0,0,0,0,0,0,0,11,17,0.0,0.0,0.0,0.0,1.0,0.0,0.18,255,255,1.0,0.0,0.0,0.0,0.0,0.0,0.0,0.0,normal,Normal
281,tcp,ftp,SF,162,597,0,0,0,2,0,1,0,0,0,0,0,0,0,0,0,1,1,1,0.0,0.0,0.0,0.0,1.0,0.0,0.0,255,96,0.38,0.03,0.0,0.0,0.0,0.0,0.0,0.0,warezmaster,R2L
0,udp,domain_u,SF,45,45,0,0,0,0,0,0,0,0,0,0,0,0,0,0,0,0,132,210,0.0,0.0,0.0,0.0,1.0,0.0,0.01,255,224,0.88,0.01,0.01,0.0,0.0,0.0,0.0,0.0,normal,Normal
0,tcp,private,REJ,0,0,0,0,0,0,0,0,0,0,0,0,0,0,0,0,0,0,271,9,0.0,0.0,1.0,1.0,0.03,0.06,0.0,255,9,0.04,0.06,0.0,0.0,0.0,0.0,1.0,1.0,neptune,DoS
0,tcp,http,SF,309,5453,0,0,0,0,0,1,0,0,0,0,0,0,0,0,0,0,10,10,0.0,0.0,0.0,0.0,1.0,0.0,0.0,165,255,1.0,0.0,0.01,0.02,0.0,0.0,0.0,0.0,normal,Normal
0,tcp,telnet,SF,0,15,0,0,0,0,0,0,0,0,0,0,0,0,0,0,0,0,1,3,0.0,0.0,0.0,0.33,1.0,0.0,0.67,255,51,0.2,0.03,0.0,0.0,0.0,0.0,0.57,0.76,mscan,Probe
0,tcp,private,REJ,0,0,0,0,0,0,0,0,0,0,0,0,0,0,0,0,0,0,253,18,0.0,0.0,1.0,1.0,0.07,0.07,0.0,255,18,0.07,0.07,0.0,0.0,0.0,0.0,1.0,1.0,neptune,DoS
805,tcp,http,RSTR,61504,1,0,0,0,0,0,1,0,0,0,0,0,0,0,0,0,0,30,30,0.0,0.0,1.0,1.0,1.0,0.0,0.0,255,253,0.99,0.01,0.0,0.0,0.01,0.01,0.6,0.61,apache2,DoS
0,tcp,other,REJ,0,0,0,0,0,0,0,0,0,0,0,0,0,0,0,0,0,0,509,1,0.0,0.0,1.0,1.0,0.0,0.97,0.0,255,1,0.0,0.97,0.0,0.0,0.0,0.0,1.0,1.0,satan,Probe
0,icmp,ecr_i,SF,1032,0,0,0,0,0,0,0,0,0,0,0,0,0,0,0,0,0,135,135,0.0,0.0,0.0,0.0,1.0,0.0,0.0,255,255,1.0,0.0,1.0,0.0,0.0,0.0,0.0,0.0,smurf,DoS
0,tcp,private,REJ,0,0,0,0,0,0,0,0,0,0,0,0,0,0,0,0,0,0,128,2,0.77,0.0,0.23,1.0,0.02,0.06,0.0,255,2,0.01,0.06,0.0,0.0,0.75,0.0,0.25,1.0,neptune,DoS
0,udp,private,SF,105,146,0,0,0,0,0,0,0,0,0,0,0,0,0,0,0,0,1,1,0.0,0.0,0.0,0.0,1.0,0.0,0.0,192,191,0.99,0.01,0.01,0.0,0.0,0.0,0.0,0.0,snmpgetattack,R2L
0,tcp,private,S0,0,0,0,0,0,0,0,0,0,0,0,0,0,0,0,0,0,0,110,4,1.0,1.0,0.0,0.0,0.04,0.06,0.0,255,4,0.02,0.05,0.0,0.0,1.0,1.0,0.0,0.0,neptune,DoS
0,icmp,ecr_i,SF,508,0,0,0,0,0,0,0,0,0,0,0,0,0,0,0,0,0,505,505,0.0,0.0,0.0,0.0,1.0,0.0,0.0,255,255,1.0,0.0,1.0,0.0,0.0,0.0,0.0,0.0,smurf,DoS
0,tcp,private,REJ,0,0,0,0,0,0,0,0,0,0,0,0,0,0,0,0,0,0,241,12,0.0,0.0,1.0,1.0,0.05,0.07,0.0,255,12,0.05,0.07,0.0,0.0,0.0,0.0,1.0,1.0,neptune,DoS
3,tcp,ftp,SF,26,157,0,0,0,0,1,0,0,0,0,0,0,0,0,0,0,1,1,1,0.0,0.0,0.0,0.0,1.0,0.0,0.0,48,22,0.46,0.08,0.02,0.0,0.0,0.0,0.0,0.0,guess_passwd,R2L
0,tcp,private,REJ,0,0,0,0,0,0,0,0,0,0,0,0,0,0,0,0,0,0,201,4,0.0,0.0,1.0,1.0,0.02,0.05,0.0,255,4,0.02,0.06,0.0,0.0,0.0,0.0,1.0,1.0,neptune,DoS
0,tcp,private,S0,0,0,0,0,0,0,0,0,0,0,0,0,0,0,0,0,0,0,297,20,1.0,1.0,0.0,0.0,0.07,0.05,0.0,255,20,0.08,0.05,0.0,0.0,1.0,1.0,0.0,0.0,neptune,DoS
0,icmp,ecr_i,SF,508,0,0,0,0,0,0,0,0,0,0,0,0,0,0,0,0,0,511,511,0.0,0.0,0.0,0.0,1.0,0.0,0.0,255,152,0.6,0.02,0.6,0.0,0.0,0.0,0.37,0.0,smurf,DoS
0,tcp,private,REJ,0,0,0,0,0,0,0,0,0,0,0,0,0,0,0,0,0,0,219,6,0.01,0.0,0.99,1.0,0.03,0.07,0.0,255,6,0.02,0.07,0.0,0.0,0.01,0.0,0.99,1.0,neptune,DoS
0,tcp,netstat,REJ,0,0,0,0,0,0,0,0,0,0,0,0,0,0,0,0,0,0,192,8,0.0,0.0,1.0,1.0,0.04,0.07,0.0,255,8,0.03,0.07,0.0,0.0,0.0,0.0,1.0,1.0,neptune,DoS
0,tcp,ftp,SF,26,157,0,0,0,0,1,0,0,0,0,0,0,0,0,0,0,1,2,1,0.0,0.0,0.0,0.0,0.5,1.0,0.0,91,48,0.53,0.04,0.01,0.0,0.0,0.0,0.0,0.0,guess_passwd,R2L
0,tcp,netstat,S0,0,0,0,0,0,0,0,0,0,0,0,0,0,0,0,0,0,0,163,6,1.0,1.0,0.0,0.0,0.04,0.1,0.0,255,6,0.02,0.09,0.0,0.0,1.0,1.0,0.0,0.0,neptune,DoS
0,tcp,http,SF,355,327,0,0,0,0,0,1,0,0,0,0,0,0,0,0,0,0,3,22,0.0,0.0,0.0,0.0,1.0,0.0,0.18,255,255,1.0,0.0,0.0,0.0,0.0,0.0,0.0,0.0,normal,Normal
0,udp,domain_u,SF,22,75,0,0,0,0,0,0,0,0,0,0,0,0,0,0,0,0,1,2,0.0,0.0,0.0,0.0,1.0,0.0,1.0,23,241,0.78,0.09,0.78,0.01,0.0,0.0,0.22,0.0,normal,Normal
0,tcp,http,SF,226,467,0,0,0,0,0,1,0,0,0,0,0,0,0,0,0,0,28,29,0.0,0.0,0.0,0.0,1.0,0.0,0.07,255,255,1.0,0.0,0.0,0.0,0.0,0.0,0.0,0.0,normal,Normal
0,tcp,http,SF,321,7926,0,0,0,0,0,1,0,0,0,0,0,0,0,0,0,0,3,3,0.0,0.0,0.0,0.0,1.0,0.0,0.0,3,254,1.0,0.0,0.33,0.06,0.0,0.0,0.0,0.0,normal,Normal
0,tcp,http,SF,216,471,0,0,0,0,0,1,0,0,0,0,0,0,0,0,0,0,4,5,0.0,0.0,0.0,0.0,1.0,0.0,0.4,14,255,1.0,0.0,0.07,0.05,0.0,0.0,0.0,0.0,normal,Normal
0,tcp,http,SF,350,1255,0,0,0,0,0,1,0,0,0,0,0,0,0,0,0,0,2,2,0.0,0.0,0.0,0.0,1.0,0.0,0.0,33,255,1.0,0.0,0.03,0.04,0.0,0.0,0.0,0.0,normal,Normal
0,tcp,http,SF,331,2984,0,0,0,0,0,1,0,0,0,0,0,0,0,0,0,0,23,23,0.0,0.0,0.0,0.0,1.0,0.0,0.0,222,255,1.0,0.0,0.0,0.02,0.0,0.0,0.0,0.0,normal,Normal
0,tcp,private,REJ,0,0,0,0,0,0,0,0,0,0,0,0,0,0,0,0,0,0,277,12,0.0,0.0,1.0,1.0,0.04,0.06,0.0,255,12,0.05,0.06,0.0,0.0,0.0,0.0,1.0,1.0,neptune,DoS
0,tcp,ftp_data,SF,12,0,0,0,0,0,0,0,0,0,0,0,0,0,0,0,0,0,1,1,0.0,0.0,0.0,0.0,1.0,0.0,0.0,32,9,0.28,0.06,0.28,0.0,0.0,0.0,0.0,0.0,warezmaster,R2L
0,tcp,private,SH,0,0,0,0,0,0,0,0,0,0,0,0,0,0,0,0,0,0,1,1,1.0,1.0,0.0,0.0,1.0,0.0,0.0,62,1,0.02,1.0,1.0,0.0,1.0,1.0,0.0,0.0,nmap,Probe
0,tcp,http,SF,54540,8314,0,0,0,2,0,1,1,0,0,0,0,0,0,0,0,0,4,4,0.0,0.0,0.0,0.0,1.0,0.0,0.0,255,252,0.99,0.01,0.0,0.0,0.0,0.0,0.06,0.06,back,DoS
280,tcp,ftp_data,SF,283618,0,0,0,0,0,0,0,0,0,0,0,0,0,0,0,0,0,2,2,0.0,0.0,0.0,0.0,1.0,0.0,0.0,168,32,0.19,0.04,0.19,0.0,0.0,0.0,0.0,0.0,warezmaster,R2L
0,udp,domain_u,SF,46,46,0,0,0,0,0,0,0,0,0,0,0,0,0,0,0,0,158,158,0.0,0.0,0.0,0.0,1.0,0.0,0.0,255,255,1.0,0.0,0.0,0.0,0.0,0.0,0.0,0.0,normal,Normal
1,tcp,smtp,SF,2599,293,0,0,0,0,0,1,0,0,0,0,0,0,0,0,0,0,3,3,0.0,0.0,0.0,0.0,1.0,0.0,0.0,255,219,0.86,0.13,0.0,0.0,0.0,0.0,0.13,0.0,mailbomb,DoS
0,tcp,http,SF,54540,8314,0,0,0,2,0,1,1,0,0,0,0,0,0,0,0,0,4,5,0.0,0.0,0.0,0.0,1.0,0.0,0.4,255,255,1.0,0.0,0.0,0.0,0.0,0.0,0.04,0.04,back,DoS
0,tcp,Z39_50,REJ,0,0,0,0,0,0,0,0,0,0,0,0,0,0,0,0,0,0,269,11,0.0,0.0,1.0,1.0,0.04,0.06,0.0,255,11,0.04,0.07,0.0,0.0,0.0,0.0,1.0,1.0,neptune,DoS
0,tcp,telnet,S3,0,44,0,0,0,0,0,0,0,0,0,0,0,0,0,0,0,0,1,1,1.0,1.0,0.0,0.0,1.0,0.0,0.0,255,118,0.46,0.49,0.0,0.0,0.35,0.75,0.48,0.02,processtable,DoS
280,tcp,ftp_data,SF,283618,0,0,0,0,0,0,0,0,0,0,0,0,0,0,0,0,0,2,2,0.0,0.0,0.0,0.0,1.0,0.0,0.0,6,10,1.0,0.0,1.0,0.2,0.0,0.0,0.0,0.0,warezmaster,R2L
0,tcp,private,SH,0,0,0,0,0,0,0,0,0,0,0,0,0,0,0,0,0,0,1,1,1.0,1.0,0.0,0.0,1.0,0.0,0.0,54,1,0.02,1.0,1.0,0.0,1.0,1.0,0.0,0.0,nmap,Probe
0,tcp,netbios_ns,REJ,0,0,0,0,0,0,0,0,0,0,0,0,0,0,0,0,0,0,250,20,0.0,0.0,1.0,1.0,0.08,0.06,0.0,255,20,0.08,0.08,0.0,0.0,0.0,0.0,1.0,1.0,neptune,DoS
0,udp,domain_u,SF,46,46,0,0,0,0,0,0,0,0,0,0,0,0,0,0,0,0,93,166,0.0,0.0,0.0,0.0,0.99,0.02,0.01,255,254,1.0,0.01,0.01,0.0,0.0,0.0,0.0,0.0,normal,Normal
0,tcp,private,REJ,0,0,0,0,0,0,0,0,0,0,0,0,0,0,0,0,0,0,276,11,0.0,0.0,1.0,1.0,0.04,0.06,0.0,255,11,0.04,0.05,0.0,0.0,0.0,0.0,1.0,1.0,neptune,DoS
806,tcp,http,RSTR,56504,0,0,0,0,0,0,1,0,0,0,0,0,0,0,0,0,0,52,52,0.0,0.0,1.0,1.0,1.0,0.0,0.0,255,253,0.99,0.01,0.0,0.0,0.0,0.0,0.24,0.24,apache2,DoS
0,tcp,http,SF,205,2080,0,0,0,0,0,1,0,0,0,0,0,0,0,0,0,0,10,10,0.0,0.0,0.0,0.0,1.0,0.0,0.0,30,30,1.0,0.0,0.03,0.0,0.0,0.0,0.0,0.0,normal,Normal
0,icmp,ecr_i,SF,1480,0,0,1,0,0,0,0,0,0,0,0,0,0,0,0,0,0,1,1,0.0,0.0,0.0,0.0,1.0,0.0,0.0,1,25,1.0,0.0,1.0,0.52,0.0,0.0,0.0,0.0,pod,DoS
0,tcp,finger,RSTO,0,0,0,0,0,0,0,0,0,0,0,0,0,0,0,0,0,0,30,10,0.0,0.0,1.0,1.0,0.33,0.07,0.0,255,11,0.04,0.69,0.02,0.0,0.0,0.0,0.93,0.91,neptune,DoS
0,tcp,http,SF,284,1018,0,0,0,0,0,1,0,0,0,0,0,0,0,0,0,0,30,30,0.0,0.0,0.0,0.0,1.0,0.0,0.0,255,255,1.0,0.0,0.0,0.0,0.0,0.0,0.0,0.0,normal,Normal
796,tcp,http,RSTR,62344,0,0,0,0,0,0,1,0,0,0,0,0,0,0,0,0,0,69,69,0.03,0.03,0.97,0.97,1.0,0.0,0.0,255,253,0.99,0.01,0.0,0.0,0.01,0.01,0.33,0.34,apache2,DoS
0,tcp,http,REJ,0,0,0,0,0,0,0,0,0,0,0,0,0,0,0,0,0,0,205,1,0.0,0.0,1.0,1.0,0.0,0.07,0.0,255,1,0.0,0.07,0.0,0.0,0.0,0.0,1.0,1.0,neptune,DoS
0,tcp,private,REJ,0,0,0,0,0,0,0,0,0,0,0,0,0,0,0,0,0,0,131,14,0.0,0.0,1.0,1.0,0.11,0.06,0.0,255,14,0.05,0.05,0.0,0.0,0.0,0.0,1.0,1.0,neptune,DoS
812,tcp,http,RSTR,60884,1,0,0,0,0,0,1,0,0,0,0,0,0,0,0,0,0,48,48,0.0,0.0,1.0,1.0,1.0,0.0,0.0,255,253,0.99,0.01,0.0,0.0,0.0,0.0,0.22,0.23,apache2,DoS
0,tcp,telnet,S3,0,44,0,0,0,0,0,0,0,0,0,0,0,0,0,0,0,0,1,1,1.0,1.0,0.0,0.0,1.0,0.0,0.0,255,103,0.4,0.03,0.0,0.0,0.1,0.25,0.11,0.13,processtable,DoS
0,tcp,private,REJ,0,0,0,0,0,0,0,0,0,0,0,0,0,0,0,0,0,0,129,1,0.0,0.0,1.0,1.0,0.01,0.06,0.0,255,1,0.0,0.06,0.0,0.0,0.0,0.0,1.0,1.0,neptune,DoS
0,tcp,http,SF,218,321,0,0,0,0,0,1,0,0,0,0,0,0,0,0,0,0,32,33,0.0,0.0,0.0,0.0,1.0,0.0,0.06,255,255,1.0,0.0,0.0,0.0,0.0,0.0,0.0,0.0,normal,Normal
0,udp,private,SF,52,55,0,0,0,0,0,0,0,0,0,0,0,0,0,0,0,0,507,507,0.0,0.0,0.0,0.0,1.0,0.0,0.0,255,255,1.0,0.0,0.83,0.0,0.0,0.0,0.0,0.0,normal,Normal
0,tcp,http,SF,303,260,0,0,0,0,0,1,0,0,0,0,0,0,0,0,0,0,1,11,0.0,0.0,0.0,0.0,1.0,0.0,0.18,1,255,1.0,0.0,1.0,0.05,0.0,0.0,0.0,0.0,normal,Normal
0,tcp,private,S0,0,0,0,0,0,0,0,0,0,0,0,0,0,0,0,0,0,0,180,15,1.0,1.0,0.0,0.0,0.08,0.08,0.0,255,15,0.06,0.09,0.0,0.0,1.0,1.0,0.0,0.0,neptune,DoS
0,tcp,pop_3,S0,0,0,0,0,0,0,0,0,0,0,0,0,0,0,0,0,0,0,1,3,1.0,1.0,0.0,0.0,1.0,0.0,1.0,17,76,0.29,0.18,0.06,0.04,1.0,0.79,0.0,0.21,mscan,Probe
0,tcp,telnet,SF,122,174,0,0,0,0,1,0,0,0,0,0,0,0,0,0,0,0,1,1,0.0,0.0,0.0,0.0,1.0,0.0,0.0,255,25,0.1,0.02,0.0,0.0,0.0,0.0,0.0,0.04,guess_passwd,R2L
0,udp,domain_u,SF,44,113,0,0,0,0,0,0,0,0,0,0,0,0,0,0,0,0,1,2,0.0,0.0,0.0,0.0,1.0,0.0,1.0,236,232,0.98,0.01,0.0,0.0,0.0,0.0,0.0,0.0,normal,Normal
0,tcp,ftp_data,SF,12,0,0,0,0,0,0,0,0,0,0,0,0,0,0,0,0,0,2,2,0.0,0.0,0.0,0.0,1.0,0.0,0.0,4,12,1.0,0.0,1.0,0.25,0.0,0.0,0.0,0.0,warezmaster,R2L
0,tcp,http,SF,263,608,0,0,0,0,0,1,0,0,0,0,0,0,0,0,0,0,6,7,0.0,0.0,0.0,0.0,1.0,0.0,0.29,199,255,1.0,0.0,0.01,0.01,0.0,0.0,0.0,0.0,normal,Normal
0,tcp,http,SF,310,2698,0,0,0,0,0,1,0,0,0,0,0,0,1,0,0,0,5,5,0.0,0.0,0.0,0.0,1.0,0.0,0.0,255,239,0.94,0.02,0.0,0.0,0.0,0.0,0.04,0.0,normal,Normal
5,tcp,pop_3,SF,32,93,0,0,0,0,0,1,0,0,0,0,0,0,0,0,0,0,1,1,0.0,0.0,0.0,0.0,1.0,0.0,0.0,58,56,0.95,0.03,0.02,0.04,0.0,0.0,0.0,0.0,guess_passwd,R2L
0,tcp,netbios_ns,REJ,0,0,0,0,0,0,0,0,0,0,0,0,0,0,0,0,0,0,233,16,0.0,0.0,1.0,1.0,0.07,0.07,0.0,255,16,0.06,0.08,0.0,0.0,0.0,0.0,1.0,1.0,neptune,DoS
0,tcp,http,SF,244,4498,0,0,0,0,0,1,0,0,0,0,0,0,0,0,0,0,1,1,0.0,0.0,0.0,0.0,1.0,0.0,0.0,255,225,0.88,0.05,0.0,0.0,0.0,0.0,0.05,0.0,normal,Normal
0,tcp,http,SF,307,5381,0,0,0,0,0,1,0,0,0,0,0,0,0,0,0,0,6,6,0.0,0.0,0.0,0.0,1.0,0.0,0.0,255,255,1.0,0.0,0.0,0.0,0.0,0.0,0.0,0.0,normal,Normal
0,udp,domain_u,SF,45,127,0,0,0,0,0,0,0,0,0,0,0,0,0,0,0,0,71,150,0.0,0.0,0.0,0.0,1.0,0.0,0.01,255,255,1.0,0.0,0.0,0.0,0.0,0.0,0.0,0.0,normal,Normal
0,tcp,http,SF,210,560,0,0,0,0,0,1,0,0,0,0,0,0,0,0,0,0,4,4,0.0,0.0,0.0,0.0,1.0,0.0,0.0,24,255,1.0,0.0,0.04,0.05,0.0,0.0,0.0,0.0,normal,Normal
0,tcp,courier,REJ,0,0,0,0,0,0,0,0,0,0,0,0,0,0,0,0,0,0,104,4,0.0,0.0,1.0,1.0,0.04,0.07,0.0,255,4,0.02,0.06,0.0,0.0,0.0,0.0,1.0,1.0,neptune,DoS
0,icmp,eco_i,SF,8,0,0,0,0,0,0,0,0,0,0,0,0,0,0,0,0,0,1,30,0.0,0.0,0.0,0.0,1.0,0.0,1.0,1,52,1.0,0.0,1.0,0.52,0.0,0.0,0.0,0.0,ipsweep,Probe
0,tcp,private,S0,0,0,0,0,0,0,0,0,0,0,0,0,0,0,0,0,0,0,117,8,1.0,1.0,0.0,0.0,0.07,0.07,0.0,255,8,0.03,0.06,0.0,0.0,1.0,1.0,0.0,0.0,neptune,DoS
0,tcp,smtp,SF,771,341,0,0,0,0,0,1,0,0,0,0,0,0,0,0,0,0,1,3,0.0,0.0,0.0,0.0,1.0,0.0,1.0,89,216,0.89,0.03,0.01,0.01,0.0,0.0,0.0,0.0,normal,Normal
0,tcp,finger,S0,0,0,0,0,0,0,0,0,0,0,0,0,0,0,0,0,0,0,150,20,1.0,1.0,0.0,0.0,0.13,0.05,0.0,255,20,0.08,0.06,0.0,0.0,1.0,1.0,0.0,0.0,neptune,DoS
0,tcp,http,SF,327,3200,0,0,0,0,0,1,0,0,0,0,0,0,0,0,0,0,11,13,0.0,0.0,0.0,0.0,1.0,0.0,0.23,144,255,1.0,0.0,0.01,0.01,0.0,0.0,0.0,0.0,normal,Normal
0,tcp,http,SF,243,12137,0,0,0,0,0,1,0,0,0,0,0,0,0,0,0,0,2,2,0.0,0.0,0.0,0.0,1.0,0.0,0.0,17,255,1.0,0.0,0.06,0.03,0.0,0.0,0.0,0.0,normal,Normal
0,icmp,ecr_i,SF,1032,0,0,0,0,0,0,0,0,0,0,0,0,0,0,0,0,0,21,21,0.0,0.0,0.0,0.0,1.0,0.0,0.0,255,255,1.0,0.0,1.0,0.0,0.0,0.0,0.0,0.0,smurf,DoS
0,udp,private,SF,1,1,0,0,0,0,0,0,0,0,0,0,0,0,0,0,0,0,17,1,0.0,0.0,0.0,0.0,0.06,0.18,0.0,36,2,0.03,0.19,0.22,1.0,0.0,0.0,0.0,0.0,saint,Probe
0,icmp,eco_i,SF,8,0,0,0,0,0,0,0,0,0,0,0,0,0,0,0,0,0,1,14,0.0,0.0,0.0,0.0,1.0,0.0,1.0,2,8,1.0,0.0,1.0,0.62,0.0,0.0,0.0,0.0,ipsweep,Probe
0,tcp,http,SF,234,1578,0,0,0,0,0,1,0,0,0,0,0,0,0,0,0,0,1,1,0.0,0.0,0.0,0.0,1.0,0.0,0.0,3,255,1.0,0.0,0.33,0.01,0.0,0.0,0.0,0.0,normal,Normal
5,tcp,pop_3,SF,28,93,0,0,0,0,0,1,0,0,0,0,0,0,0,0,0,0,1,1,0.0,0.0,0.0,0.0,1.0,0.0,0.0,255,254,1.0,0.01,0.0,0.0,0.0,0.0,0.0,0.0,guess_passwd,R2L
801,tcp,http,RSTR,74024,0,0,0,0,0,0,1,0,0,0,0,0,0,0,0,0,0,27,27,0.0,0.0,1.0,1.0,1.0,0.0,0.0,255,252,0.99,0.01,0.0,0.0,0.0,0.0,0.12,0.12,apache2,DoS
0,tcp,http,S0,0,0,0,0,0,0,0,0,0,0,0,0,0,0,0,0,0,0,108,108,1.0,1.0,0.0,0.0,1.0,0.0,0.0,255,255,1.0,0.0,0.0,0.0,0.64,0.64,0.33,0.33,apache2,DoS
0,tcp,auth,REJ,0,0,0,0,0,0,0,0,0,0,0,0,0,0,0,0,0,0,230,2,0.0,0.0,1.0,1.0,0.01,0.07,0.0,255,2,0.01,0.07,0.0,0.0,0.0,0.0,1.0,1.0,neptune,DoS
0,tcp,http,SF,290,3376,0,0,0,0,0,1,0,0,0,0,0,0,0,0,0,0,2,2,0.0,0.0,0.0,0.0,1.0,0.0,0.0,181,255,1.0,0.0,0.01,0.03,0.0,0.0,0.0,0.0,normal,Normal
0,tcp,http,SF,321,15416,0,0,0,0,0,1,0,0,0,0,0,0,0,0,0,0,11,11,0.0,0.0,0.0,0.0,1.0,0.0,0.0,255,255,1.0,0.0,0.0,0.0,0.0,0.0,0.0,0.0,normal,Normal
0,icmp,ecr_i,SF,1032,0,0,0,0,0,0,0,0,0,0,0,0,0,0,0,0,0,378,378,0.0,0.0,0.0,0.0,1.0,0.0,0.0,255,255,1.0,0.0,1.0,0.0,0.0,0.0,0.0,0.0,smurf,DoS
0,tcp,private,REJ,0,0,0,0,0,0,0,0,0,0,0,0,0,0,0,0,0,0,145,1,0.26,0.0,0.71,1.0,0.01,1.0,0.0,255,1,0.0,0.4,0.0,0.0,0.18,0.0,0.73,1.0,satan,Probe
0,udp,domain_u,SF,45,78,0,0,0,0,0,0,0,0,0,0,0,0,0,0,0,0,201,201,0.0,0.0,0.0,0.0,1.0,0.0,0.0,255,255,1.0,0.0,0.01,0.0,0.0,0.0,0.0,0.0,normal,Normal
0,tcp,http,SF,229,237,0,0,0,0,0,1,0,0,0,0,0,0,0,0,0,0,7,8,0.0,0.0,0.0,0.0,1.0,0.0,0.25,42,255,1.0,0.0,0.02,0.02,0.0,0.0,0.0,0.0,normal,Normal
0,tcp,http,SF,215,20934,0,0,0,0,0,1,0,0,0,0,0,0,0,0,0,0,5,6,0.0,0.0,0.0,0.0,1.0,0.0,0.33,66,255,1.0,0.0,0.02,0.04,0.0,0.0,0.0,0.0,normal,Normal
0,udp,domain_u,SF,45,130,0,0,0,0,0,0,0,0,0,0,0,0,0,0,0,0,128,127,0.0,0.0,0.0,0.0,0.99,0.02,0.0,250,191,0.76,0.01,0.0,0.0,0.0,0.0,0.0,0.0,normal,Normal
0,tcp,http,SF,222,1450,0,0,0,0,0,1,0,0,0,0,0,0,0,0,0,0,3,3,0.0,0.0,0.0,0.0,1.0,0.0,0.0,255,255,1.0,0.0,0.0,0.0,0.0,0.0,0.0,0.0,normal,Normal
0,icmp,ecr_i,SF,30,0,0,0,0,0,0,0,0,0,0,0,0,0,0,0,0,0,1,1,0.0,0.0,0.0,0.0,1.0,0.0,0.0,75,75,1.0,0.0,1.0,0.0,0.0,0.0,0.0,0.0,normal,Normal
0,udp,domain_u,SF,44,71,0,0,0,0,0,0,0,0,0,0,0,0,0,0,0,0,188,187,0.0,0.0,0.0,0.0,0.99,0.01,0.0,255,255,1.0,0.0,0.0,0.0,0.0,0.0,0.0,0.0,normal,Normal
284,tcp,ftp,SF,158,595,0,0,0,2,0,1,0,0,0,0,0,0,0,0,0,1,1,1,0.0,0.0,0.0,0.0,1.0,0.0,0.0,255,52,0.2,0.03,0.0,0.0,0.15,0.0,0.02,0.0,warezmaster,R2L
1,tcp,telnet,SF,123,174,0,0,0,0,1,0,0,0,0,0,0,0,0,0,0,0,2,2,0.0,0.0,0.5,0.5,1.0,0.0,0.0,255,58,0.23,0.02,0.0,0.0,0.0,0.0,0.01,0.05,guess_passwd,R2L
0,tcp,http,SF,334,285,0,0,0,0,0,1,0,0,0,0,0,0,0,0,0,0,14,34,0.0,0.59,0.0,0.0,1.0,0.0,0.06,255,255,1.0,0.0,0.0,0.0,0.0,0.0,0.0,0.0,normal,Normal
0,tcp,http,SF,210,1415,0,0,0,0,0,1,0,0,0,0,0,0,0,0,0,0,4,4,0.0,0.0,0.0,0.0,1.0,0.0,0.0,255,255,1.0,0.0,0.0,0.0,0.0,0.0,0.0,0.0,normal,Normal
0,tcp,private,S0,0,0,0,0,0,0,0,0,0,0,0,0,0,0,0,0,0,0,132,6,1.0,1.0,0.0,0.0,0.05,0.09,0.0,255,6,0.02,0.09,0.0,0.0,1.0,1.0,0.0,0.0,neptune,DoS
0,tcp,http,SF,207,9541,0,0,0,0,0,1,0,0,0,0,0,0,0,0,0,0,14,15,0.0,0.0,0.0,0.0,1.0,0.0,0.13,76,255,1.0,0.0,0.01,0.04,0.0,0.0,0.0,0.0,normal,Normal
0,tcp,private,REJ,0,0,0,0,0,0,0,0,0,0,0,0,0,0,0,0,0,0,295,1,0.0,0.0,1.0,1.0,0.0,0.06,0.0,255,1,0.0,0.06,0.0,0.0,0.0,0.0,1.0,1.0,neptune,DoS
0,tcp,private,REJ,0,0,0,0,0,0,0,0,0,0,0,0,0,0,0,0,0,0,291,19,0.0,0.0,1.0,1.0,0.07,0.06,0.0,255,19,0.07,0.06,0.0,0.0,0.0,0.0,1.0,1.0,neptune,DoS
0,tcp,http,SF,307,2150,0,0,0,0,0,1,0,0,0,0,0,0,0,0,0,0,5,5,0.0,0.0,0.0,0.0,1.0,0.0,0.0,7,255,1.0,0.0,0.14,0.01,0.0,0.0,0.0,0.0,normal,Normal
0,tcp,finger,RSTO,0,0,0,0,0,0,0,0,0,0,0,0,0,0,0,0,0,0,33,10,0.0,0.0,1.0,1.0,0.3,0.12,0.0,255,60,0.24,0.11,0.02,0.0,0.0,0.0,0.99,1.0,neptune,DoS
0,tcp,http,SF,209,999,0,0,0,0,0,1,0,0,0,0,0,0,0,0,0,0,38,38,0.0,0.0,0.0,0.0,1.0,0.0,0.0,255,255,1.0,0.0,0.0,0.0,0.0,0.0,0.0,0.0,normal,Normal
0,tcp,ctf,S0,0,0,0,0,0,0,0,0,0,0,0,0,0,0,0,0,0,0,150,1,1.0,1.0,0.0,0.0,0.01,0.06,0.0,255,1,0.0,0.06,0.0,0.0,1.0,1.0,0.0,0.0,neptune,DoS
0,tcp,http,SF,309,824,0,0,0,0,0,1,0,0,0,0,0,0,0,0,0,0,4,4,0.25,0.25,0.0,0.0,1.0,0.0,0.0,25,255,1.0,0.0,0.04,0.02,0.04,0.0,0.0,0.0,normal,Normal
0,tcp,http_443,REJ,0,0,0,0,0,0,0,0,0,0,0,0,0,0,0,0,0,0,112,12,0.0,0.0,1.0,1.0,0.11,0.05,0.0,255,12,0.05,0.05,0.0,0.0,0.0,0.0,1.0,1.0,neptune,DoS
0,tcp,private,REJ,0,0,0,0,0,0,0,0,0,0,0,0,0,0,0,0,0,0,235,10,0.0,0.0,1.0,1.0,0.04,0.06,0.0,255,10,0.04,0.07,0.0,0.0,0.0,0.0,1.0,1.0,neptune,DoS
0,tcp,http,SF,216,1914,0,0,0,0,0,1,0,0,0,0,0,0,0,0,0,0,16,18,0.0,0.0,0.0,0.0,1.0,0.0,0.17,54,255,1.0,0.0,0.02,0.02,0.0,0.0,0.0,0.0,normal,Normal
0,icmp,eco_i,SF,18,0,0,0,0,0,0,0,0,0,0,0,0,0,0,0,0,0,1,1,0.0,0.0,0.0,0.0,1.0,0.0,0.0,1,16,1.0,0.0,1.0,1.0,0.0,0.0,0.0,0.0,ipsweep,Probe
0,tcp,http,SF,218,983,0,0,0,0,0,1,0,0,0,0,0,0,0,0,0,0,18,18,0.0,0.0,0.0,0.0,1.0,0.0,0.0,255,255,1.0,0.0,0.0,0.0,0.01,0.01,0.0,0.0,normal,Normal
0,tcp,http,SF,262,282,0,0,0,0,0,1,0,0,0,0,0,0,0,0,0,0,4,4,0.0,0.0,0.0,0.0,1.0,0.0,0.0,255,243,0.95,0.01,0.0,0.0,0.0,0.0,0.04,0.04,normal,Normal
0,tcp,http,SF,292,26233,0,0,0,0,0,1,0,0,0,0,0,0,0,0,0,0,2,2,0.0,0.0,0.0,0.0,1.0,0.0,0.0,2,253,1.0,0.0,0.5,0.02,0.0,0.01,0.0,0.0,normal,Normal
1,tcp,smtp,SF,1387,331,0,0,0,0,0,1,0,0,0,0,0,0,0,0,0,0,1,2,0.0,0.0,0.0,0.0,1.0,0.0,1.0,162,167,0.77,0.03,0.01,0.01,0.0,0.0,0.02,0.05,normal,Normal
0,udp,private,SF,49,0,0,0,0,0,0,0,0,0,0,0,0,0,0,0,0,0,2,2,0.0,0.0,0.0,0.0,1.0,0.0,0.0,255,255,1.0,0.0,0.01,0.0,0.0,0.0,0.0,0.0,snmpguess,R2L
0,tcp,private,REJ,0,0,0,0,0,0,0,0,0,0,0,0,0,0,0,0,0,0,289,8,0.0,0.0,1.0,1.0,0.03,0.06,0.0,255,8,0.03,0.06,0.0,0.0,0.0,0.0,1.0,1.0,neptune,DoS
0,tcp,ftp_data,SF,7012,0,0,0,0,0,0,0,0,0,0,0,0,0,0,0,0,0,15,15,0.0,0.0,0.0,0.0,1.0,0.0,0.0,192,56,0.29,0.02,0.29,0.0,0.0,0.0,0.0,0.0,normal,Normal
0,tcp,http,SF,235,1380,0,0,0,0,0,1,0,0,0,0,0,0,0,0,0,0,3,3,0.0,0.0,0.0,0.0,1.0,0.0,0.0,255,240,0.94,0.02,0.0,0.0,0.0,0.0,0.04,0.0,normal,Normal
7338,tcp,telnet,SF,0,44,0,0,0,0,0,0,0,0,0,0,0,0,0,0,0,0,1,1,0.0,0.0,0.0,0.0,1.0,0.0,0.0,255,222,0.87,0.13,0.0,0.0,0.5,0.57,0.13,0.01,processtable,DoS
0,tcp,time,RSTO,0,0,0,0,0,0,0,0,0,0,0,0,0,0,0,0,0,0,298,7,0.0,0.0,1.0,1.0,0.02,0.06,0.0,255,7,0.03,0.06,0.0,0.0,0.0,0.0,1.0,1.0,neptune,DoS
0,tcp,http,SF,268,2023,0,0,0,0,0,1,0,0,0,0,0,0,0,0,0,0,8,28,0.0,0.0,0.0,0.0,1.0,0.0,0.14,184,255,1.0,0.0,0.01,0.01,0.0,0.0,0.0,0.0,normal,Normal
0,udp,domain_u,SF,46,46,0,0,0,0,0,0,0,0,0,0,0,0,0,0,0,0,215,214,0.0,0.0,0.0,0.0,1.0,0.01,0.0,255,254,1.0,0.01,0.0,0.0,0.0,0.0,0.0,0.0,normal,Normal
0,tcp,http,SF,232,2239,0,0,0,0,0,1,0,0,0,0,0,0,0,0,0,0,7,7,0.0,0.0,0.0,0.0,1.0,0.0,0.0,255,255,1.0,0.0,0.0,0.0,0.0,0.0,0.0,0.0,normal,Normal
0,tcp,http,SF,214,6356,0,0,0,0,0,1,0,0,0,0,0,0,0,0,0,0,8,8,0.0,0.0,0.0,0.0,1.0,0.0,0.0,255,255,1.0,0.0,0.0,0.0,0.0,0.0,0.0,0.0,normal,Normal
0,tcp,http,SF,204,1672,0,0,0,0,0,1,0,0,0,0,0,0,0,0,0,0,9,14,0.0,0.0,0.0,0.0,1.0,0.0,0.14,255,255,1.0,0.0,0.0,0.0,0.0,0.0,0.0,0.0,normal,Normal
0,udp,private,SF,105,146,0,0,0,0,0,0,0,0,0,0,0,0,0,0,0,0,2,2,0.0,0.0,0.0,0.0,1.0,0.0,0.0,19,18,0.95,0.11,0.05,0.0,0.0,0.0,0.0,0.0,snmpgetattack,R2L
0,icmp,eco_i,SF,20,0,0,0,0,0,0,0,0,0,0,0,0,0,0,0,0,0,1,75,0.0,0.0,0.0,0.0,1.0,0.0,1.0,4,88,1.0,0.0,1.0,0.25,0.0,0.0,0.0,0.0,saint,Probe
0,tcp,smtp,SF,763,371,0,0,0,0,0,1,0,0,0,0,0,0,0,0,0,0,1,1,0.0,0.0,0.0,0.0,1.0,0.0,0.0,91,195,0.87,0.04,0.01,0.01,0.0,0.0,0.0,0.01,normal,Normal
0,tcp,ftp_data,SF,3720,0,0,0,0,0,0,0,0,0,0,0,0,0,0,0,0,0,1,1,0.0,0.0,0.0,0.0,1.0,0.0,0.0,125,20,0.16,0.03,0.16,0.0,0.0,0.0,0.0,0.0,normal,Normal
0,tcp,private,REJ,0,0,0,0,0,0,0,0,0,0,0,0,0,0,0,0,0,0,252,15,0.0,0.0,1.0,1.0,0.06,0.06,0.0,255,15,0.06,0.06,0.0,0.0,0.0,0.0,1.0,1.0,neptune,DoS
0,tcp,http,SF,220,182,0,0,0,0,0,1,0,0,0,0,0,0,0,0,0,0,2,3,0.0,0.0,0.0,0.0,1.0,0.0,0.67,255,255,1.0,0.0,0.0,0.0,0.0,0.0,0.0,0.0,normal,Normal
0,tcp,mtp,REJ,0,0,0,0,0,0,0,0,0,0,0,0,0,0,0,0,0,0,265,9,0.0,0.0,1.0,1.0,0.03,0.06,0.0,255,9,0.04,0.06,0.0,0.0,0.0,0.0,1.0,1.0,neptune,DoS
0,udp,private,SF,105,105,0,0,0,0,0,0,0,0,0,0,0,0,0,0,0,0,1,1,0.0,0.0,0.0,0.0,1.0,0.0,0.0,255,254,1.0,0.01,0.01,0.0,0.0,0.0,0.0,0.0,normal,Normal
0,tcp,private,REJ,0,0,0,0,0,0,0,0,0,0,0,0,0,0,0,0,0,0,264,18,0.0,0.0,1.0,1.0,0.07,0.06,0.0,255,18,0.07,0.05,0.0,0.0,0.0,0.0,1.0,1.0,neptune,DoS
0,tcp,http,SF,211,3200,0,0,0,0,0,1,0,0,0,0,0,0,0,0,0,0,28,58,0.0,0.0,0.0,0.0,1.0,0.0,0.05,255,255,1.0,0.0,0.0,0.0,0.0,0.0,0.0,0.0,normal,Normal
0,udp,domain_u,SF,79,45,0,0,0,0,0,0,0,0,0,0,0,0,0,0,0,0,281,281,0.0,0.0,0.0,0.0,1.0,0.0,0.0,208,185,0.89,0.01,0.54,0.0,0.0,0.0,0.0,0.0,normal,Normal
0,tcp,private,REJ,0,0,0,0,0,0,0,0,0,0,0,0,0,0,0,0,0,0,223,10,0.0,0.0,1.0,1.0,0.04,0.08,0.0,255,10,0.04,0.07,0.0,0.0,0.0,0.0,1.0,1.0,neptune,DoS
0,tcp,telnet,SF,122,188,0,0,0,0,1,0,0,0,0,0,0,0,0,0,0,0,1,1,0.0,0.0,0.0,0.0,1.0,0.0,0.0,255,254,1.0,0.01,0.0,0.0,0.02,0.02,0.01,0.01,guess_passwd,R2L
0,tcp,http,SF,289,384,0,0,0,0,0,1,0,0,0,0,0,0,0,0,0,0,33,33,0.0,0.0,0.0,0.0,1.0,0.0,0.0,255,255,1.0,0.0,0.0,0.0,0.0,0.0,0.0,0.0,normal,Normal
0,tcp,http,SF,226,771,0,0,0,0,0,1,0,0,0,0,0,0,0,0,0,0,10,10,0.0,0.0,0.0,0.0,1.0,0.0,0.0,69,255,1.0,0.0,0.01,0.03,0.0,0.0,0.0,0.0,normal,Normal
0,tcp,http,SF,164,597,0,0,0,0,0,1,0,0,0,0,0,0,0,0,0,0,1,17,0.0,0.0,0.0,0.0,1.0,0.0,0.18,18,255,1.0,0.0,0.06,0.04,0.0,0.0,0.0,0.0,normal,Normal
4,tcp,pop_3,SF,32,93,0,0,0,0,0,1,0,0,0,0,0,0,0,0,0,0,1,1,0.0,0.0,0.0,0.0,1.0,0.0,0.0,255,246,0.96,0.01,0.0,0.0,0.0,0.0,0.01,0.0,guess_passwd,R2L
7609,tcp,telnet,SF,0,44,0,0,0,0,0,0,0,0,0,0,0,0,0,0,0,0,1,8,0.0,0.12,0.0,0.38,1.0,0.0,0.62,255,173,0.68,0.03,0.0,0.0,0.33,0.49,0.11,0.08,processtable,DoS
26,tcp,ftp,SF,360,1181,0,0,0,7,0,1,0,0,0,0,0,0,0,0,0,1,1,1,0.0,0.0,0.0,0.0,1.0,0.0,0.0,176,74,0.41,0.03,0.01,0.03,0.0,0.0,0.01,0.01,normal,Normal
0,tcp,http,SF,305,486,0,0,0,0,0,1,0,0,0,0,0,0,0,0,0,0,7,47,0.0,0.0,0.0,0.0,1.0,0.0,0.11,255,255,1.0,0.0,0.0,0.0,0.0,0.0,0.0,0.0,normal,Normal
0,tcp,private,REJ,0,0,0,0,0,0,0,0,0,0,0,0,0,0,0,0,0,0,287,5,0.0,0.0,1.0,1.0,0.02,0.06,0.0,255,5,0.02,0.06,0.0,0.0,0.0,0.0,1.0,1.0,neptune,DoS
0,tcp,private,S0,0,0,0,0,0,0,0,0,0,0,0,0,0,0,0,0,0,0,274,16,1.0,1.0,0.0,0.0,0.06,0.06,0.0,255,16,0.06,0.06,0.0,0.0,1.0,1.0,0.0,0.0,neptune,DoS
0,tcp,private,REJ,0,0,0,0,0,0,0,0,0,0,0,0,0,0,0,0,0,0,261,3,0.0,0.0,1.0,1.0,0.01,0.07,0.0,255,3,0.01,0.06,0.0,0.0,0.0,0.0,1.0,1.0,neptune,DoS
7771,tcp,telnet,RSTR,0,44,0,0,0,0,0,0,0,0,0,0,0,0,0,0,0,0,1,1,0.0,0.0,1.0,1.0,1.0,0.0,0.0,255,116,0.45,0.49,0.0,0.0,0.35,0.76,0.48,0.01,processtable,DoS
0,tcp,private,REJ,0,0,0,0,0,0,0,0,0,0,0,0,0,0,0,0,0,0,235,16,0.05,0.0,0.95,1.0,0.07,0.06,0.0,255,16,0.06,0.07,0.0,0.0,0.04,0.0,0.96,1.0,neptune,DoS
0,tcp,http,SF,197,425,0,0,0,0,0,1,0,0,0,0,0,0,0,0,0,0,4,7,0.0,0.0,0.0,0.0,1.0,0.0,0.57,4,255,1.0,0.0,0.25,0.01,0.0,0.0,0.0,0.0,normal,Normal
0,tcp,private,REJ,0,0,0,0,0,0,0,0,0,0,0,0,0,0,0,0,0,0,150,9,0.0,0.0,1.0,1.0,0.06,0.06,0.0,255,9,0.04,0.05,0.0,0.0,0.0,0.0,1.0,1.0,neptune,DoS
0,udp,private,SF,46,43,0,0,0,0,0,0,0,0,0,0,0,0,0,0,0,0,25,25,0.0,0.0,0.0,0.0,1.0,0.0,0.0,255,255,1.0,0.0,0.08,0.0,0.0,0.0,0.0,0.0,normal,Normal
0,tcp,http,SF,252,1587,0,0,0,0,0,1,0,0,0,0,0,0,0,0,0,0,3,6,0.0,0.0,0.0,0.0,1.0,0.0,0.33,255,255,1.0,0.0,0.0,0.0,0.0,0.0,0.0,0.0,normal,Normal
0,udp,private,SF,54,55,0,0,0,0,0,0,0,0,0,0,0,0,0,0,0,0,508,508,0.0,0.0,0.0,0.0,1.0,0.0,0.0,255,255,1.0,0.0,0.8,0.0,0.0,0.0,0.0,0.0,normal,Normal
7398,tcp,telnet,SF,0,44,0,0,0,0,0,0,0,0,0,0,0,0,0,0,0,0,1,1,0.0,0.0,0.0,0.0,1.0,0.0,0.0,255,215,0.84,0.02,0.0,0.0,0.27,0.32,0.01,0.01,processtable,DoS
0,tcp,http,SF,300,985,0,0,0,0,0,1,0,0,0,0,0,0,0,0,0,0,17,17,0.0,0.0,0.0,0.0,1.0,0.0,0.0,231,255,1.0,0.0,0.01,0.01,0.0,0.0,0.0,0.0,normal,Normal
0,tcp,telnet,SF,0,0,0,0,0,0,0,0,0,0,0,0,0,0,0,0,0,0,1,1,0.0,0.0,0.0,0.0,1.0,0.0,0.0,255,128,0.5,0.01,0.0,0.0,0.0,0.0,0.65,0.31,mscan,Probe
0,tcp,http,SF,236,301,0,0,0,0,0,1,0,0,0,0,0,0,0,0,0,0,10,44,0.0,0.0,0.0,0.0,1.0,0.0,0.05,255,255,1.0,0.0,0.0,0.0,0.0,0.0,0.0,0.0,normal,Normal
0,udp,private,SF,42,0,0,0,0,0,0,0,0,0,0,0,0,0,0,0,0,0,4,3,0.0,0.0,0.0,0.0,0.75,0.5,0.0,255,254,1.0,0.01,0.01,0.0,0.0,0.0,0.0,0.0,snmpguess,R2L
1,tcp,smtp,SF,2599,293,0,0,0,0,0,1,0,0,0,0,0,0,0,0,0,0,2,2,0.0,0.0,0.0,0.0,1.0,0.0,0.0,255,14,0.05,0.16,0.0,0.0,0.0,0.0,0.93,0.0,mailbomb,DoS
900,tcp,http,RSTR,62344,0,0,0,0,0,0,1,0,0,0,0,0,0,0,0,0,0,75,75,0.0,0.0,1.0,1.0,1.0,0.0,0.0,255,255,1.0,0.0,0.0,0.0,0.0,0.0,0.4,0.4,apache2,DoS
0,tcp,http,SF,214,1010,0,0,0,0,0,1,0,0,0,0,0,0,0,0,0,0,16,16,0.0,0.0,0.0,0.0,1.0,0.0,0.0,196,255,1.0,0.0,0.01,0.03,0.0,0.0,0.0,0.0,normal,Normal
0,tcp,http,SF,281,294,0,0,0,0,0,1,0,0,0,0,0,0,0,0,0,0,4,8,0.0,0.0,0.0,0.0,1.0,0.0,0.25,28,255,1.0,0.0,0.04,0.03,0.0,0.0,0.0,0.0,normal,Normal
0,udp,domain_u,SF,74,43,0,0,0,0,0,0,0,0,0,0,0,0,0,0,0,0,81,81,0.0,0.0,0.0,0.0,1.0,0.0,0.0,255,230,0.9,0.01,0.35,0.0,0.0,0.0,0.0,0.0,normal,Normal
0,udp,domain_u,SF,43,71,0,0,0,0,0,0,0,0,0,0,0,0,0,0,0,0,142,142,0.0,0.0,0.0,0.0,1.0,0.0,0.0,255,253,0.99,0.01,0.01,0.0,0.0,0.0,0.0,0.0,normal,Normal
0,tcp,http,SF,209,4446,0,0,0,0,0,1,0,0,0,0,0,0,0,0,0,0,4,5,0.0,0.0,0.0,0.0,1.0,0.0,0.4,255,255,1.0,0.0,0.0,0.0,0.0,0.0,0.0,0.0,normal,Normal
0,tcp,ftp,SF,26,157,0,0,0,0,1,0,0,0,0,0,0,0,0,0,0,1,2,2,0.0,0.0,0.0,0.0,1.0,0.0,0.0,220,109,0.5,0.03,0.0,0.0,0.0,0.0,0.0,0.0,guess_passwd,R2L
0,tcp,private,REJ,0,0,0,0,0,0,0,0,0,0,0,0,0,0,0,0,0,0,152,19,0.0,0.0,1.0,1.0,0.12,0.07,0.0,255,19,0.07,0.06,0.0,0.0,0.0,0.0,1.0,1.0,neptune,DoS
0,tcp,http,SF,212,2531,0,0,0,0,0,1,0,0,0,0,0,0,0,0,0,0,2,2,0.0,0.0,0.0,0.0,1.0,0.0,0.0,255,255,1.0,0.0,0.0,0.0,0.0,0.0,0.0,0.0,normal,Normal
8152,tcp,telnet,SF,0,15,0,0,0,0,0,0,0,0,0,0,0,0,0,0,0,0,1,1,0.0,0.0,0.0,0.0,1.0,0.0,0.0,255,54,0.21,0.04,0.0,0.0,0.0,0.02,0.11,0.24,processtable,DoS
0,tcp,http,SF,242,4790,0,0,0,0,0,1,0,0,0,0,0,0,0,0,0,0,3,3,0.0,0.0,0.0,0.0,1.0,0.0,0.0,32,114,1.0,0.0,0.03,0.04,0.0,0.0,0.0,0.0,normal,Normal
0,tcp,http,SF,283,455,0,0,0,0,0,1,0,0,0,0,0,0,0,0,0,0,3,4,0.0,0.0,0.0,0.0,1.0,0.0,0.5,6,255,1.0,0.0,0.17,0.04,0.0,0.0,0.0,0.0,normal,Normal
0,tcp,ftp_data,SF,3909,0,0,0,0,0,0,0,0,0,0,0,0,0,0,0,0,0,7,6,0.0,0.0,0.0,0.0,0.86,0.29,0.0,135,28,0.21,0.06,0.21,0.0,0.0,0.0,0.0,0.0,normal,Normal
0,tcp,http,REJ,0,0,0,0,0,0,0,0,0,0,0,0,0,0,0,0,0,0,1,1,0.0,0.0,1.0,1.0,1.0,0.0,0.0,255,19,0.07,0.92,0.0,0.0,0.13,0.0,0.87,1.0,normal,Normal
0,tcp,telnet,REJ,0,0,0,0,0,0,0,0,0,0,0,0,0,0,0,0,0,0,4,6,0.0,0.0,1.0,1.0,0.25,1.0,0.83,106,85,0.29,0.05,0.01,0.02,0.02,0.0,0.91,0.67,mscan,Probe
0,icmp,ecr_i,SF,1032,0,0,0,0,0,0,0,0,0,0,0,0,0,0,0,0,0,334,334,0.0,0.0,0.0,0.0,1.0,0.0,0.0,255,255,1.0,0.0,1.0,0.0,0.0,0.0,0.0,0.0,smurf,DoS
0,tcp,http,SF,229,2239,0,0,0,0,0,1,0,0,0,0,0,0,0,0,0,0,5,5,0.0,0.0,0.0,0.0,1.0,0.0,0.0,255,94,0.37,0.31,0.0,0.0,0.01,0.01,0.59,0.01,normal,Normal
0,icmp,eco_i,SF,20,0,0,0,0,0,0,0,0,0,0,0,0,0,0,0,0,0,1,62,0.0,0.0,0.0,0.0,1.0,0.0,1.0,2,34,1.0,0.0,1.0,0.29,0.0,0.0,0.0,0.0,saint,Probe
0,tcp,http,SF,302,2343,0,0,0,0,0,1,0,0,0,0,0,0,0,0,0,0,2,2,0.0,0.0,0.0,0.0,1.0,0.0,0.0,32,112,1.0,0.0,0.03,0.06,0.0,0.0,0.0,0.0,normal,Normal
0,tcp,private,REJ,0,0,0,0,0,0,0,0,0,0,0,0,0,0,0,0,0,0,136,12,0.0,0.0,1.0,1.0,0.09,0.07,0.0,255,12,0.05,0.06,0.0,0.0,0.0,0.0,1.0,1.0,neptune,DoS
0,tcp,http,SF,211,2543,0,0,0,0,0,1,0,0,0,0,0,0,0,0,0,0,20,20,0.0,0.0,0.0,0.0,1.0,0.0,0.0,255,255,1.0,0.0,0.0,0.0,0.0,0.0,0.0,0.0,normal,Normal
281,tcp,ftp,SF,160,597,0,0,0,2,0,1,0,0,0,0,0,0,0,0,0,1,1,1,0.0,0.0,0.0,0.0,1.0,0.0,0.0,199,96,0.48,0.03,0.01,0.0,0.0,0.0,0.0,0.0,warezmaster,R2L
0,tcp,other,REJ,0,0,0,0,0,0,0,0,0,0,0,0,0,0,0,0,0,0,459,1,0.14,0.0,0.86,1.0,0.0,1.0,0.0,255,1,0.0,0.96,0.0,0.0,0.14,0.0,0.86,1.0,satan,Probe
0,tcp,private,REJ,0,0,0,0,0,0,0,0,0,0,0,0,0,0,0,0,0,0,299,19,0.0,0.0,1.0,1.0,0.06,0.05,0.0,255,19,0.07,0.05,0.0,0.0,0.0,0.0,1.0,1.0,neptune,DoS
0,udp,private,SF,47,0,0,0,0,0,0,0,0,0,0,0,0,0,0,0,0,0,4,4,0.0,0.0,0.0,0.0,1.0,0.0,0.0,255,253,0.99,0.01,0.0,0.0,0.0,0.0,0.0,0.0,snmpguess,R2L
0,tcp,http,SF,227,13889,0,0,0,0,0,1,0,0,0,0,0,0,0,0,0,0,1,1,0.0,0.0,0.0,0.0,1.0,0.0,0.0,100,255,1.0,0.0,0.01,0.01,0.0,0.0,0.0,0.0,normal,Normal
0,tcp,http,SF,295,4184,0,0,0,0,0,1,0,0,0,0,0,0,0,0,0,0,16,29,0.0,0.0,0.0,0.0,1.0,0.0,0.1,120,255,1.0,0.0,0.01,0.01,0.0,0.0,0.0,0.0,normal,Normal
774,tcp,http,RSTR,87164,0,0,0,0,0,0,1,0,0,0,0,0,0,0,0,0,0,7,7,0.0,0.0,1.0,1.0,1.0,0.0,0.0,236,233,0.99,0.01,0.0,0.0,0.0,0.0,0.05,0.05,apache2,DoS
0,tcp,http,SF,292,17126,0,0,0,0,0,1,0,0,0,0,0,0,0,0,0,0,18,20,0.0,0.0,0.0,0.0,1.0,0.0,0.1,255,255,1.0,0.0,0.0,0.0,0.0,0.0,0.0,0.0,normal,Normal
4,tcp,pop_3,SF,28,93,0,0,0,0,0,1,0,0,0,0,0,0,0,0,0,0,1,1,0.0,0.0,0.0,0.0,1.0,0.0,0.0,255,238,0.93,0.02,0.0,0.0,0.0,0.0,0.02,0.0,guess_passwd,R2L
0,tcp,ftp_data,SF,12,0,0,0,0,0,0,0,0,0,0,0,0,0,0,0,0,0,1,1,0.0,0.0,0.0,0.0,1.0,0.0,0.0,7,7,1.0,0.0,1.0,0.0,0.0,0.0,0.0,0.0,warezmaster,R2L
0,tcp,time,RSTO,0,0,0,0,0,0,0,0,0,0,0,0,0,0,0,0,0,0,193,1,0.0,0.0,1.0,1.0,0.01,0.07,0.0,255,1,0.0,0.07,0.0,0.0,0.0,0.0,1.0,1.0,neptune,DoS
0,tcp,private,S0,0,0,0,0,0,0,0,0,0,0,0,0,0,0,0,0,0,0,133,9,0.86,1.0,0.14,0.0,0.07,0.06,0.0,255,9,0.04,0.06,0.0,0.0,0.64,1.0,0.36,0.0,neptune,DoS
0,tcp,mtp,REJ,0,0,0,0,0,0,0,0,0,0,0,0,0,0,0,0,0,0,266,8,0.0,0.0,1.0,1.0,0.03,0.06,0.0,255,8,0.03,0.06,0.0,0.0,0.0,0.0,1.0,1.0,neptune,DoS
0,tcp,private,REJ,0,0,0,0,0,0,0,0,0,0,0,0,0,0,0,0,0,0,444,1,0.05,0.0,0.92,1.0,0.0,1.0,0.0,255,1,0.0,1.0,0.0,0.0,0.06,0.0,0.9,1.0,saint,Probe
0,tcp,http,SF,295,6308,0,0,0,0,0,1,0,0,0,0,0,0,0,0,0,0,9,16,0.0,0.0,0.0,0.0,1.0,0.0,0.31,255,255,1.0,0.0,0.0,0.0,0.0,0.0,0.0,0.0,normal,Normal
7541,tcp,telnet,SF,0,44,0,0,0,0,0,0,0,0,0,0,0,0,0,0,0,0,1,1,0.0,0.0,0.0,0.0,1.0,0.0,0.0,255,191,0.75,0.03,0.0,0.0,0.33,0.45,0.12,0.07,processtable,DoS
0,tcp,http,SF,217,1246,0,0,0,0,0,1,0,0,0,0,0,0,0,0,0,0,7,7,0.0,0.0,0.0,0.0,1.0,0.0,0.0,179,255,1.0,0.0,0.01,0.01,0.0,0.0,0.0,0.0,normal,Normal
0,udp,private,SF,56,57,0,0,0,0,0,0,0,0,0,0,0,0,0,0,0,0,511,511,0.0,0.0,0.0,0.0,1.0,0.0,0.0,255,255,1.0,0.0,0.94,0.0,0.0,0.0,0.0,0.0,normal,Normal
0,tcp,http,SF,328,10176,0,0,0,0,0,1,0,0,0,0,0,0,0,0,0,0,2,5,0.0,0.0,0.0,0.0,1.0,0.0,0.4,42,231,1.0,0.0,0.02,0.03,0.0,0.0,0.0,0.0,normal,Normal
0,tcp,iso_tsap,S0,0,0,0,0,0,0,0,0,0,0,0,0,0,0,0,0,0,0,279,12,1.0,1.0,0.0,0.0,0.04,0.06,0.0,255,12,0.05,0.07,0.0,0.0,1.0,1.0,0.0,0.0,neptune,DoS
0,udp,private,SF,105,146,0,0,0,0,0,0,0,0,0,0,0,0,0,0,0,0,1,1,0.0,0.0,0.0,0.0,1.0,0.0,0.0,230,228,0.99,0.01,0.0,0.0,0.0,0.0,0.0,0.0,normal,Normal
0,tcp,http,SF,243,3650,0,0,0,0,0,1,0,0,0,0,0,0,0,0,0,0,9,10,0.0,0.0,0.0,0.0,1.0,0.0,0.2,58,255,1.0,0.0,0.02,0.02,0.0,0.0,0.0,0.0,normal,Normal
0,tcp,telnet,RSTO,0,0,0,0,0,0,0,0,0,0,0,0,0,0,0,0,0,0,228,13,0.0,0.0,1.0,1.0,0.06,0.06,0.0,255,13,0.05,0.07,0.0,0.0,0.0,0.0,1.0,1.0,neptune,DoS
0,tcp,ftp_data,REJ,0,0,0,0,0,0,0,0,0,0,0,0,0,0,0,0,0,0,253,12,0.0,0.0,1.0,1.0,0.05,0.06,0.0,255,12,0.05,0.07,0.0,0.0,0.0,0.0,0.99,1.0,neptune,DoS
284,tcp,ftp,SF,160,597,0,0,0,2,0,1,0,0,0,0,0,0,0,0,0,1,1,1,0.0,0.0,0.0,0.0,1.0,0.0,0.0,255,17,0.07,0.94,0.0,0.0,0.0,0.0,0.93,0.0,warezmaster,R2L
0,tcp,http,SF,218,1211,0,0,0,0,0,1,0,0,0,0,0,0,0,0,0,0,14,14,0.0,0.0,0.0,0.0,1.0,0.0,0.0,255,255,1.0,0.0,0.01,0.0,0.0,0.0,0.0,0.0,normal,Normal
0,tcp,http,SF,54540,8314,0,0,0,2,0,1,1,0,0,0,0,0,0,0,0,0,5,5,0.0,0.0,0.0,0.0,1.0,0.0,0.0,255,243,0.95,0.01,0.0,0.0,0.0,0.0,0.06,0.06,back,DoS
0,tcp,http,SF,268,6607,0,0,0,0,0,1,0,0,0,0,0,0,0,0,0,0,10,12,0.0,0.0,0.0,0.0,1.0,0.0,0.25,22,255,1.0,0.0,0.05,0.04,0.0,0.0,0.0,0.0,normal,Normal
0,tcp,http,SF,320,2350,0,0,0,0,0,1,0,0,0,0,0,0,0,0,0,0,4,4,0.0,0.0,0.0,0.0,1.0,0.0,0.0,255,255,1.0,0.0,0.0,0.0,0.0,0.0,0.0,0.0,normal,Normal
0,tcp,http,SF,228,269,0,0,0,0,0,1,0,0,0,0,0,0,0,0,0,0,7,9,0.14,0.22,0.0,0.0,1.0,0.0,0.22,255,255,1.0,0.0,0.0,0.0,0.0,0.0,0.0,0.0,normal,Normal
0,tcp,nnsp,REJ,0,0,0,0,0,0,0,0,0,0,0,0,0,0,0,0,0,0,138,15,0.0,0.0,1.0,1.0,0.11,0.06,0.0,255,15,0.06,0.05,0.0,0.0,0.0,0.0,1.0,1.0,neptune,DoS
0,tcp,imap4,S0,0,0,0,0,0,0,0,0,0,0,0,0,0,0,0,0,0,0,139,5,1.0,1.0,0.0,0.0,0.04,0.09,0.0,255,5,0.02,0.09,0.0,0.0,1.0,1.0,0.0,0.0,neptune,DoS
0,tcp,private,S0,0,0,0,0,0,0,0,0,0,0,0,0,0,0,0,0,0,0,151,11,1.0,1.0,0.0,0.0,0.07,0.09,0.0,255,11,0.04,0.09,0.0,0.0,1.0,1.0,0.0,0.0,neptune,DoS
0,tcp,http,SF,218,282,0,0,0,0,0,1,0,0,0,0,0,0,0,0,0,0,7,7,0.0,0.0,0.0,0.0,1.0,0.0,0.0,38,255,1.0,0.0,0.03,0.04,0.0,0.0,0.0,0.0,normal,Normal
0,udp,domain_u,SF,46,46,0,0,0,0,0,0,0,0,0,0,0,0,0,0,0,0,163,163,0.0,0.0,0.0,0.0,1.0,0.0,0.0,255,242,0.95,0.01,0.0,0.0,0.0,0.0,0.0,0.0,normal,Normal
0,tcp,http,SF,344,1284,0,0,0,0,0,1,0,0,0,0,0,0,0,0,0,0,4,9,0.0,0.0,0.0,0.0,1.0,0.0,0.33,20,255,1.0,0.0,0.05,0.03,0.0,0.0,0.0,0.0,normal,Normal
2064,tcp,http,RSTR,55744,0,0,0,0,0,0,1,0,0,0,0,0,0,0,0,0,0,10,10,0.0,0.0,1.0,1.0,1.0,0.0,0.0,255,244,0.96,0.01,0.0,0.0,0.02,0.02,0.54,0.57,apache2,DoS
0,tcp,http,SF,304,1380,0,0,0,0,0,1,0,0,0,0,0,0,0,0,0,0,3,3,0.0,0.0,0.0,0.0,1.0,0.0,0.0,255,220,0.86,0.02,0.0,0.0,0.0,0.0,0.08,0.0,normal,Normal
0,tcp,private,REJ,0,0,0,0,0,0,0,0,0,0,0,0,0,0,0,0,0,0,510,1,0.01,0.0,0.96,1.0,0.0,1.0,0.0,255,1,0.0,1.0,0.0,0.0,0.02,0.0,0.96,1.0,satan,Probe
0,tcp,private,REJ,0,0,0,0,0,0,0,0,0,0,0,0,0,0,0,0,0,0,408,1,0.08,0.0,0.91,1.0,0.0,1.0,0.0,255,1,0.0,1.0,0.0,0.0,0.05,0.0,0.93,1.0,saint,Probe
0,tcp,http,SF,342,4589,0,0,0,0,0,1,0,0,0,0,0,0,0,0,0,0,11,30,0.0,0.0,0.0,0.0,1.0,0.0,0.17,198,255,1.0,0.0,0.01,0.02,0.0,0.0,0.0,0.0,normal,Normal
0,tcp,private,REJ,0,0,0,0,0,0,0,0,0,0,0,0,0,0,0,0,0,0,289,1,0.07,0.0,0.93,1.0,0.0,1.0,0.0,255,1,0.0,1.0,0.0,0.0,0.07,0.0,0.93,1.0,saint,Probe
0,tcp,http,SF,295,1159,0,0,0,0,0,1,0,0,0,0,0,0,0,0,0,0,12,16,0.0,0.0,0.0,0.0,1.0,0.0,0.12,255,255,1.0,0.0,0.0,0.0,0.0,0.0,0.0,0.0,normal,Normal
0,tcp,http,SF,226,6969,0,0,0,0,0,1,0,0,0,0,0,0,0,0,0,0,4,4,0.0,0.0,0.0,0.0,1.0,0.0,0.0,4,255,1.0,0.0,0.25,0.02,0.0,0.0,0.0,0.0,normal,Normal
0,tcp,http,SF,291,434,0,0,0,0,0,1,0,0,0,0,0,0,0,0,0,0,8,28,0.0,0.0,0.0,0.0,1.0,0.0,0.18,255,255,1.0,0.0,0.0,0.0,0.0,0.0,0.0,0.0,normal,Normal
0,tcp,uucp,RSTO,0,0,0,0,0,0,0,0,0,0,0,0,0,0,0,0,0,0,145,17,0.0,0.0,1.0,1.0,0.12,0.06,0.0,255,17,0.07,0.05,0.0,0.0,0.0,0.0,1.0,1.0,neptune,DoS
0,tcp,http,SF,222,392,0,0,0,0,0,1,0,0,0,0,0,0,0,0,0,0,10,24,0.0,0.0,0.0,0.0,1.0,0.0,0.17,11,255,1.0,0.0,0.09,0.02,0.0,0.0,0.0,0.0,normal,Normal
0,icmp,ecr_i,SF,1032,0,0,0,0,0,0,0,0,0,0,0,0,0,0,0,0,0,425,425,0.0,0.0,0.0,0.0,1.0,0.0,0.0,255,255,1.0,0.0,1.0,0.0,0.0,0.0,0.0,0.0,smurf,DoS
5,tcp,pop_3,SF,28,93,0,0,0,0,0,1,0,0,0,0,0,0,0,0,0,0,1,1,0.0,0.0,0.0,0.0,1.0,0.0,0.0,255,249,0.98,0.01,0.0,0.0,0.0,0.0,0.0,0.0,guess_passwd,R2L
0,udp,domain_u,SF,36,0,0,0,0,0,0,0,0,0,0,0,0,0,0,0,0,0,7,26,0.0,0.0,0.0,0.0,1.0,0.0,0.23,20,85,1.0,0.0,1.0,0.02,0.0,0.0,0.0,0.0,normal,Normal
281,tcp,ftp,SF,164,599,0,0,0,2,0,1,0,0,0,0,0,0,0,0,0,1,1,1,0.0,0.0,0.0,0.0,1.0,0.0,0.0,14,13,0.93,0.14,0.07,0.0,0.0,0.0,0.0,0.0,warezmaster,R2L
0,tcp,telnet,S0,0,0,0,0,0,0,0,0,0,0,0,0,0,0,0,0,0,0,147,147,1.0,1.0,0.0,0.0,1.0,0.0,0.0,255,255,1.0,0.0,0.0,0.0,1.0,1.0,0.0,0.0,neptune,DoS
0,tcp,smtp,SF,788,325,0,0,0,0,0,1,0,0,0,0,0,0,0,0,0,0,1,1,0.0,0.0,0.0,0.0,1.0,0.0,0.0,200,102,0.38,0.03,0.0,0.02,0.0,0.0,0.0,0.0,normal,Normal
0,tcp,smtp,SF,1264,413,0,0,0,0,0,1,0,0,0,0,0,0,0,0,0,0,1,4,0.0,0.0,0.0,0.0,1.0,0.0,1.0,54,212,0.89,0.07,0.02,0.01,0.0,0.0,0.02,0.0,normal,Normal
0,tcp,http,SF,322,997,0,0,0,0,0,1,0,0,0,0,0,0,0,0,0,0,5,5,0.0,0.0,0.0,0.0,1.0,0.0,0.0,44,255,1.0,0.0,0.02,0.02,0.0,0.0,0.0,0.0,normal,Normal
0,tcp,http,SF,372,6777,0,0,0,0,0,1,0,0,0,0,0,0,0,0,0,0,11,11,0.0,0.0,0.0,0.0,1.0,0.0,0.0,255,255,1.0,0.0,0.0,0.0,0.0,0.0,0.0,0.0,normal,Normal
0,tcp,private,REJ,0,0,0,0,0,0,0,0,0,0,0,0,0,0,0,0,0,0,118,20,0.0,0.0,1.0,1.0,0.17,0.06,0.0,255,20,0.08,0.06,0.0,0.0,0.0,0.0,1.0,1.0,neptune,DoS
0,tcp,http,SF,215,479,0,0,0,0,0,1,0,0,0,0,0,0,0,0,0,0,8,8,0.0,0.0,0.0,0.0,1.0,0.0,0.0,255,255,1.0,0.0,0.0,0.0,0.0,0.0,0.0,0.0,normal,Normal
0,tcp,private,REJ,0,0,0,0,0,0,0,0,0,0,0,0,0,0,0,0,0,0,294,20,0.0,0.0,1.0,1.0,0.07,0.06,0.0,255,20,0.08,0.06,0.0,0.0,0.0,0.0,1.0,1.0,neptune,DoS
0,tcp,private,REJ,0,0,0,0,0,0,0,0,0,0,0,0,0,0,0,0,0,0,185,5,0.0,0.0,1.0,1.0,0.03,0.06,0.0,255,5,0.02,0.07,0.0,0.0,0.0,0.0,1.0,1.0,neptune,DoS
0,tcp,pop_3,RSTO,0,36,0,0,0,0,0,1,0,0,0,0,0,0,0,0,0,0,2,5,0.0,0.0,1.0,1.0,0.5,1.0,1.0,113,50,0.25,0.04,0.01,0.04,0.01,0.0,0.87,0.98,mscan,Probe
0,tcp,other,REJ,0,0,0,0,0,0,0,0,0,0,0,0,0,0,0,0,0,0,508,1,0.02,0.0,0.98,1.0,0.0,1.0,0.0,255,1,0.0,1.0,0.0,0.0,0.05,0.0,0.95,1.0,satan,Probe
7390,tcp,telnet,SF,0,44,0,0,0,0,0,0,0,0,0,0,0,0,0,0,0,0,1,1,0.0,0.0,0.0,0.0,1.0,0.0,0.0,255,209,0.82,0.18,0.0,0.0,0.5,0.61,0.18,0.01,processtable,DoS
0,tcp,http,SF,299,1380,0,0,0,0,0,1,0,0,0,0,0,0,0,0,0,0,3,3,0.0,0.0,0.0,0.0,1.0,0.0,0.0,255,229,0.9,0.01,0.0,0.0,0.0,0.0,0.03,0.0,normal,Normal
0,tcp,private,REJ,0,0,0,0,0,0,0,0,0,0,0,0,0,0,0,0,0,0,99,3,0.0,0.0,1.0,1.0,0.03,0.07,0.0,255,3,0.01,0.06,0.0,0.0,0.0,0.0,1.0,1.0,neptune,DoS
10,tcp,smtp,SF,1118,343,0,0,0,0,0,1,0,0,0,0,0,0,0,0,0,0,1,1,0.0,0.0,0.0,0.0,1.0,0.0,0.0,115,182,0.7,0.03,0.01,0.01,0.0,0.0,0.0,0.0,normal,Normal
0,tcp,http,SF,250,392,0,0,0,0,0,1,0,0,0,0,0,0,0,0,0,0,9,9,0.0,0.0,0.0,0.0,1.0,0.0,0.0,215,255,1.0,0.0,0.0,0.01,0.0,0.0,0.0,0.0,normal,Normal
0,udp,private,SF,55,57,0,0,0,0,0,0,0,0,0,0,0,0,0,0,0,0,511,511,0.0,0.0,0.0,0.0,1.0,0.0,0.0,255,255,1.0,0.0,0.95,0.0,0.0,0.0,0.0,0.0,normal,Normal
1,tcp,smtp,SF,2599,293,0,0,0,0,0,1,0,0,0,0,0,0,0,0,0,0,3,3,0.0,0.0,0.0,0.0,1.0,0.0,0.0,255,245,0.96,0.04,0.0,0.0,0.0,0.0,0.03,0.0,mailbomb,DoS
0,tcp,private,S0,0,0,0,0,0,0,0,0,0,0,0,0,0,0,0,0,0,0,194,6,1.0,1.0,0.0,0.0,0.03,0.08,0.0,255,6,0.02,0.08,0.0,0.0,1.0,1.0,0.0,0.0,neptune,DoS
133,tcp,http,SF,338,1530,0,0,0,0,0,1,0,0,0,0,0,0,0,0,0,0,11,24,0.0,0.0,0.0,0.0,1.0,0.0,0.12,255,255,1.0,0.0,0.0,0.0,0.0,0.0,0.0,0.0,normal,Normal
0,udp,domain_u,SF,44,119,0,0,0,0,0,0,0,0,0,0,0,0,0,0,0,0,5,24,0.0,0.0,0.0,0.0,1.0,0.0,0.08,255,255,1.0,0.0,0.0,0.0,0.0,0.0,0.0,0.0,normal,Normal
283,tcp,ftp,SF,159,595,0,0,0,2,0,1,0,0,0,0,0,0,0,0,0,1,1,1,0.0,0.0,0.0,0.0,1.0,0.0,0.0,255,105,0.41,0.03,0.0,0.0,0.02,0.0,0.01,0.0,warezmaster,R2L
0,udp,private,SF,55,56,0,0,0,0,0,0,0,0,0,0,0,0,0,0,0,0,511,511,0.0,0.0,0.0,0.0,1.0,0.0,0.0,255,255,1.0,0.0,0.95,0.0,0.0,0.0,0.0,0.0,normal,Normal
0,tcp,http,SF,230,1026,0,0,0,0,0,1,0,0,0,0,0,0,0,0,0,0,3,3,0.0,0.0,0.0,0.0,1.0,0.0,0.0,100,255,1.0,0.0,0.01,0.04,0.0,0.0,0.0,0.0,normal,Normal
282,tcp,ftp,SF,162,599,0,0,0,2,0,1,0,0,0,0,0,0,0,0,0,1,1,1,0.0,0.0,0.0,0.0,1.0,0.0,0.0,207,99,0.48,0.03,0.0,0.0,0.0,0.0,0.0,0.0,warezmaster,R2L
0,udp,domain_u,SF,44,44,0,0,0,0,0,0,0,0,0,0,0,0,0,0,0,0,8,8,0.0,0.0,0.0,0.0,1.0,0.0,0.0,130,72,0.55,0.02,0.02,0.0,0.0,0.0,0.0,0.0,normal,Normal
7281,tcp,telnet,SF,0,44,0,0,0,0,0,0,0,0,0,0,0,0,0,0,0,0,1,1,0.0,0.0,0.0,0.0,1.0,0.0,0.0,255,239,0.94,0.02,0.0,0.0,0.27,0.29,0.01,0.0,processtable,DoS
0,tcp,ftp,SF,26,157,0,0,0,0,1,0,0,0,0,0,0,0,0,0,0,1,1,1,0.0,0.0,0.0,0.0,1.0,0.0,0.0,143,67,0.47,0.03,0.01,0.0,0.0,0.0,0.0,0.0,guess_passwd,R2L
0,tcp,vmnet,S0,0,0,0,0,0,0,0,0,0,0,0,0,0,0,0,0,0,0,120,1,1.0,1.0,0.0,0.0,0.01,0.06,0.0,255,1,0.0,0.06,0.0,0.0,1.0,1.0,0.0,0.0,neptune,DoS
0,tcp,http,SF,282,598,0,0,0,0,0,1,0,0,0,0,0,0,0,0,0,0,1,3,0.0,0.0,0.0,0.0,1.0,0.0,0.67,82,255,1.0,0.0,0.01,0.01,0.0,0.0,0.0,0.0,normal,Normal
0,tcp,http,SF,293,771,0,0,0,0,0,1,0,0,0,0,0,0,0,0,0,0,10,35,0.0,0.0,0.0,0.0,1.0,0.0,0.14,255,255,1.0,0.0,0.0,0.0,0.0,0.0,0.0,0.0,normal,Normal
0,tcp,private,REJ,0,0,0,0,0,0,0,0,0,0,0,0,0,0,0,0,0,0,121,19,0.0,0.0,1.0,1.0,0.16,0.07,0.0,255,19,0.07,0.06,0.0,0.0,0.0,0.0,1.0,1.0,neptune,DoS
0,tcp,other,REJ,0,0,0,0,0,0,0,0,0,0,0,0,0,0,0,0,0,0,490,1,0.04,0.0,0.96,1.0,0.0,1.0,0.0,255,1,0.0,1.0,0.0,0.0,0.0,0.0,1.0,1.0,satan,Probe
0,tcp,http,SF,217,668,0,0,0,0,0,1,0,0,0,0,0,0,0,0,0,0,7,14,0.0,0.0,0.0,0.0,1.0,0.0,0.14,9,231,1.0,0.0,0.11,0.06,0.0,0.0,0.0,0.0,normal,Normal
1,tcp,smtp,SF,2599,293,0,0,0,0,0,1,0,0,0,0,0,0,0,0,0,0,3,3,0.0,0.0,0.0,0.0,1.0,0.0,0.0,255,167,0.65,0.13,0.0,0.0,0.0,0.0,0.33,0.0,mailbomb,DoS
0,tcp,private,S0,0,0,0,0,0,0,0,0,0,0,0,0,0,0,0,0,0,0,108,14,1.0,1.0,0.0,0.0,0.13,0.06,0.0,255,14,0.05,0.05,0.0,0.0,1.0,1.0,0.0,0.0,neptune,DoS
0,tcp,http,SF,260,37029,0,0,0,0,0,1,0,0,0,0,0,0,0,0,0,0,4,4,0.0,0.0,0.0,0.0,1.0,0.0,0.0,92,237,1.0,0.0,0.01,0.03,0.0,0.0,0.0,0.0,normal,Normal
0,tcp,private,REJ,0,0,0,0,0,0,0,0,0,0,0,0,0,0,0,0,0,0,217,15,0.0,0.0,1.0,1.0,0.07,0.06,0.0,255,15,0.06,0.07,0.0,0.0,0.0,0.0,1.0,1.0,neptune,DoS
0,tcp,http,SF,341,1398,0,0,0,0,0,1,0,0,0,0,0,0,0,0,0,0,39,40,0.0,0.0,0.0,0.0,1.0,0.0,0.05,255,255,1.0,0.0,0.0,0.0,0.0,0.0,0.0,0.0,normal,Normal
5,tcp,pop_3,SF,0,0,0,0,0,0,0,0,0,0,0,0,0,0,0,0,0,0,3,1,0.0,0.0,0.33,0.0,0.33,1.0,0.0,128,51,0.2,0.04,0.01,0.04,0.0,0.0,0.16,0.51,mscan,Probe
0,tcp,http,SF,290,2828,0,0,0,0,0,1,0,0,0,0,0,0,0,0,0,0,15,18,0.07,0.06,0.0,0.0,1.0,0.0,0.22,255,255,1.0,0.0,0.0,0.0,0.0,0.0,0.0,0.0,normal,Normal
0,tcp,http,SF,287,857,0,0,0,0,0,1,0,0,0,0,0,0,0,0,0,0,6,6,0.0,0.0,0.0,0.0,1.0,0.0,0.0,255,255,1.0,0.0,0.0,0.0,0.0,0.0,0.0,0.0,normal,Normal
0,tcp,http,SF,325,370,0,0,0,0,0,1,0,0,0,0,0,0,0,0,0,0,10,24,0.0,0.0,0.0,0.0,1.0,0.0,0.08,13,255,1.0,0.0,0.08,0.04,0.0,0.0,0.0,0.0,normal,Normal
0,tcp,private,REJ,0,0,0,0,0,0,0,0,0,0,0,0,0,0,0,0,0,0,220,3,0.12,0.0,0.88,1.0,0.01,0.07,0.0,255,3,0.01,0.07,0.0,0.0,0.24,0.0,0.76,1.0,neptune,DoS
0,tcp,private,REJ,0,0,0,0,0,0,0,0,0,0,0,0,0,0,0,0,0,0,100,9,0.0,0.0,1.0,1.0,0.09,0.07,0.0,255,9,0.04,0.06,0.0,0.0,0.0,0.0,1.0,1.0,neptune,DoS
1,tcp,smtp,SF,1304,332,0,0,0,0,0,1,0,0,0,0,0,0,0,0,0,0,1,1,0.0,0.0,0.0,0.0,1.0,0.0,0.0,70,187,1.0,0.0,0.01,0.01,0.0,0.0,0.0,0.0,normal,Normal
0,tcp,ftp_data,SF,79,0,0,0,0,0,0,0,0,0,0,0,0,0,0,0,0,0,2,1,0.0,0.0,0.0,0.0,0.5,1.0,0.0,219,38,0.17,0.04,0.17,0.0,0.0,0.0,0.0,0.0,normal,Normal
0,tcp,private,REJ,0,0,0,0,0,0,0,0,0,0,0,0,0,0,0,0,0,0,233,1,0.07,0.0,0.92,1.0,0.0,1.0,0.0,255,1,0.0,0.86,0.0,0.0,0.07,0.0,0.78,1.0,saint,Probe
0,tcp,http,SF,303,1121,0,0,0,0,0,1,0,0,0,0,0,0,0,0,0,0,10,10,0.0,0.0,0.0,0.0,1.0,0.0,0.0,63,255,1.0,0.0,0.02,0.03,0.0,0.0,0.0,0.0,normal,Normal
0,tcp,pop_3,REJ,0,0,0,0,0,0,0,0,0,0,0,0,0,0,0,0,0,0,3,19,0.0,0.0,1.0,0.95,0.33,1.0,1.0,73,60,0.26,0.07,0.01,0.03,0.0,0.0,0.89,1.0,mscan,Probe
0,tcp,http,SF,54540,8314,0,0,0,2,0,1,1,0,0,0,0,0,0,0,0,0,5,5,0.0,0.0,0.0,0.0,1.0,0.0,0.0,255,253,0.99,0.01,0.0,0.0,0.0,0.0,0.05,0.06,back,DoS
0,tcp,smtp,RSTO,0,0,0,0,0,0,0,0,0,0,0,0,0,0,0,0,0,0,208,6,0.0,0.0,1.0,1.0,0.03,0.07,0.0,255,6,0.02,0.07,0.0,0.0,0.0,0.0,1.0,1.0,neptune,DoS
0,tcp,http,SF,297,17151,0,0,0,0,0,1,0,0,0,0,0,0,0,0,0,0,3,3,0.0,0.0,0.0,0.0,1.0,0.0,0.0,3,245,1.0,0.0,0.33,0.03,0.0,0.0,0.0,0.0,normal,Normal
0,tcp,http,SF,339,1218,0,0,0,0,0,1,0,0,0,0,0,0,0,0,0,0,3,43,0.0,0.0,0.0,0.0,1.0,0.0,0.05,4,255,1.0,0.0,0.25,0.04,0.0,0.0,0.0,0.0,normal,Normal
1,tcp,smtp,SF,2599,293,0,0,0,0,0,1,0,0,0,0,0,0,0,0,0,0,2,2,0.0,0.0,0.0,0.0,1.0,0.0,0.0,255,201,0.79,0.13,0.0,0.0,0.0,0.0,0.2,0.0,mailbomb,DoS
0,tcp,http,SF,200,332,0,0,0,0,0,1,0,0,0,0,0,0,0,0,0,0,8,14,0.0,0.0,0.0,0.0,1.0,0.0,0.29,255,255,1.0,0.0,0.0,0.0,0.0,0.0,0.0,0.0,normal,Normal
0,tcp,http,SF,291,8625,0,0,0,0,0,1,0,0,0,0,0,0,0,0,0,0,21,21,0.0,0.0,0.0,0.0,1.0,0.0,0.0,255,255,1.0,0.0,0.0,0.0,0.0,0.0,0.0,0.0,normal,Normal
0,tcp,daytime,S0,0,0,0,0,0,0,0,0,0,0,0,0,0,0,0,0,0,0,176,11,1.0,1.0,0.0,0.0,0.06,0.09,0.0,255,11,0.04,0.09,0.0,0.0,1.0,1.0,0.0,0.0,neptune,DoS
4,tcp,pop_3,SF,31,93,0,0,0,0,0,1,0,0,0,0,0,0,0,0,0,0,1,1,0.0,0.0,0.0,0.0,1.0,0.0,0.0,255,234,0.92,0.02,0.0,0.0,0.0,0.0,0.05,0.0,guess_passwd,R2L
0,tcp,private,REJ,0,0,0,0,0,0,0,0,0,0,0,0,0,0,0,0,0,0,418,1,0.07,0.0,0.91,1.0,0.0,1.0,0.0,255,1,0.0,1.0,0.0,0.0,0.05,0.0,0.93,1.0,saint,Probe
0,tcp,ftp_data,SF,641,0,0,0,0,0,0,0,0,0,0,0,0,0,0,0,0,0,2,2,0.0,0.0,0.0,0.0,1.0,0.0,0.0,151,80,0.27,0.02,0.27,0.04,0.0,0.01,0.0,0.0,normal,Normal
0,tcp,private,S0,0,0,0,0,0,0,0,0,0,0,0,0,0,0,0,0,0,0,169,11,1.0,1.0,0.0,0.0,0.07,0.08,0.0,255,11,0.04,0.09,0.0,0.0,1.0,1.0,0.0,0.0,neptune,DoS
281,tcp,ftp,SF,155,591,0,0,0,2,0,1,0,0,0,0,0,0,0,0,0,1,1,1,0.0,0.0,0.0,0.0,1.0,0.0,0.0,255,126,0.49,0.03,0.0,0.0,0.0,0.0,0.0,0.0,warezmaster,R2L
0,udp,private,SF,53,54,0,0,0,0,0,0,0,0,0,0,0,0,0,0,0,0,509,509,0.0,0.0,0.0,0.0,1.0,0.0,0.0,255,255,1.0,0.0,0.96,0.0,0.0,0.0,0.0,0.0,normal,Normal
0,tcp,smtp,REJ,0,0,0,0,0,0,0,0,0,0,0,0,0,0,0,0,0,0,1,7,0.0,0.0,1.0,1.0,1.0,0.0,1.0,97,168,0.49,0.04,0.01,0.01,0.0,0.0,0.01,0.02,normal,Normal
0,tcp,private,SH,0,0,0,0,0,0,0,0,0,0,0,0,0,0,0,0,0,0,1,1,1.0,1.0,0.0,0.0,1.0,0.0,0.0,29,1,0.03,1.0,1.0,0.0,1.0,1.0,0.0,0.0,nmap,Probe
0,tcp,http,SF,310,275,0,0,0,0,0,1,0,0,0,0,0,0,0,0,0,0,18,69,0.0,0.0,0.0,0.0,1.0,0.0,0.12,255,255,1.0,0.0,0.0,0.0,0.0,0.0,0.0,0.0,normal,Normal
1,tcp,smtp,SF,2599,293,0,0,0,0,0,1,0,0,0,0,0,0,0,0,0,0,2,2,0.0,0.0,0.0,0.0,1.0,0.0,0.0,255,164,0.64,0.13,0.0,0.0,0.0,0.0,0.35,0.0,mailbomb,DoS
0,tcp,telnet,S3,0,44,0,0,0,0,0,0,0,0,0,0,0,0,0,0,0,0,1,1,1.0,1.0,0.0,0.0,1.0,0.0,0.0,255,135,0.53,0.02,0.0,0.0,0.53,0.45,0.01,0.01,processtable,DoS
0,tcp,other,REJ,0,0,0,0,0,0,0,0,0,0,0,0,0,0,0,0,0,0,511,1,0.09,0.0,0.91,1.0,0.0,1.0,0.0,255,1,0.0,1.0,0.0,0.0,0.06,0.0,0.94,1.0,satan,Probe
0,tcp,private,REJ,0,0,0,0,0,0,0,0,0,0,0,0,0,0,0,0,0,0,93,6,0.0,0.0,1.0,1.0,0.06,0.06,0.0,255,6,0.02,0.06,0.0,0.0,0.0,0.0,1.0,1.0,neptune,DoS
0,tcp,ftp_data,SF,12,0,0,0,0,0,0,0,0,0,0,0,0,0,0,0,0,0,1,1,0.0,0.0,0.0,0.0,1.0,0.0,0.0,10,9,0.9,0.2,0.9,0.0,0.0,0.0,0.0,0.0,warezmaster,R2L
0,tcp,private,REJ,0,0,0,0,0,0,0,0,0,0,0,0,0,0,0,0,0,0,117,10,0.0,0.0,1.0,1.0,0.09,0.06,0.0,255,10,0.04,0.05,0.0,0.0,0.0,0.0,1.0,1.0,neptune,DoS
5,tcp,imap4,SF,0,0,0,0,0,0,0,0,0,0,0,0,0,0,0,0,0,0,2,2,0.0,0.0,0.5,0.5,0.5,1.0,1.0,162,50,0.2,0.03,0.01,0.04,0.0,0.0,0.17,0.36,mscan,Probe
0,tcp,http,SF,282,9364,0,0,0,0,0,1,0,0,0,0,0,0,0,0,0,0,1,1,0.0,0.0,0.0,0.0,1.0,0.0,0.0,255,255,1.0,0.0,0.0,0.0,0.0,0.0,0.0,0.0,normal,Normal
0,udp,private,SF,1,0,0,0,0,0,0,0,0,0,0,0,0,0,0,0,0,0,14,4,0.0,0.0,0.0,0.0,0.29,0.21,0.0,255,4,0.02,0.15,1.0,0.0,0.0,0.0,0.0,0.0,normal,Normal
0,tcp,http,SF,273,341,0,0,0,0,0,1,0,0,0,0,0,0,0,0,0,0,10,10,0.0,0.0,0.0,0.0,1.0,0.0,0.0,255,255,1.0,0.0,0.0,0.0,0.0,0.0,0.0,0.0,normal,Normal
0,tcp,telnet,SF,126,174,0,0,0,0,1,0,0,0,0,0,0,0,0,0,0,0,1,1,0.0,0.0,0.0,0.0,1.0,0.0,0.0,255,226,0.89,0.02,0.0,0.0,0.0,0.0,0.02,0.03,guess_passwd,R2L
0,tcp,sunrpc,REJ,0,0,0,0,0,0,0,0,0,0,0,0,0,0,0,0,0,0,1,8,0.0,0.0,1.0,1.0,1.0,0.0,1.0,221,9,0.03,0.03,0.0,0.22,0.0,0.0,0.16,1.0,mscan,Probe
281,tcp,ftp,SF,162,599,0,0,0,2,0,1,0,0,0,0,0,0,0,0,0,1,1,2,0.0,0.0,0.0,0.0,1.0,0.0,1.0,34,13,0.38,0.12,0.03,0.0,0.0,0.0,0.0,0.0,warezmaster,R2L
0,tcp,http,SF,372,361,0,0,0,0,0,1,0,0,0,0,0,0,0,0,0,0,20,20,0.0,0.0,0.0,0.0,1.0,0.0,0.0,255,255,1.0,0.0,0.0,0.0,0.0,0.0,0.0,0.0,normal,Normal
0,udp,other,SF,1,1,0,0,0,0,0,0,0,0,0,0,0,0,0,0,0,0,405,1,0.0,0.0,0.0,0.0,0.0,1.0,0.0,255,1,0.0,1.0,1.0,0.0,0.0,0.0,0.0,0.0,satan,Probe
0,tcp,telnet,SF,120,174,0,0,0,0,1,0,0,0,0,0,0,0,0,0,0,0,1,1,0.0,0.0,0.0,0.0,1.0,0.0,0.0,255,238,0.93,0.02,0.0,0.0,0.0,0.0,0.02,0.03,guess_passwd,R2L
0,tcp,http_443,REJ,0,0,0,0,0,0,0,0,0,0,0,0,0,0,0,0,0,0,2,1,0.0,0.0,1.0,1.0,0.5,1.0,0.0,255,1,0.0,0.87,0.85,0.0,0.0,0.0,0.86,1.0,portsweep,Probe
0,tcp,time,RSTO,0,0,0,0,0,0,0,0,0,0,0,0,0,0,0,0,0,0,280,9,0.0,0.0,1.0,1.0,0.03,0.06,0.0,255,9,0.04,0.06,0.0,0.0,0.0,0.0,1.0,1.0,neptune,DoS
0,tcp,pop_3,REJ,0,0,0,0,0,0,0,0,0,0,0,0,0,0,0,0,0,0,3,8,0.0,0.0,1.0,0.88,0.33,1.0,1.0,42,59,0.24,0.12,0.02,0.03,0.0,0.0,0.88,1.0,mscan,Probe
0,tcp,http,SF,195,8988,0,0,0,0,0,1,0,0,0,0,0,0,0,0,0,0,5,5,0.0,0.0,0.0,0.0,1.0,0.0,0.0,5,255,1.0,0.0,0.2,0.05,0.0,0.0,0.0,0.0,normal,Normal
0,udp,private,SF,105,105,0,0,0,0,0,0,0,0,0,0,0,0,0,0,0,0,1,1,0.0,0.0,0.0,0.0,1.0,0.0,0.0,255,253,0.99,0.01,0.01,0.0,0.0,0.0,0.0,0.0,normal,Normal
0,tcp,systat,REJ,0,0,0,0,0,0,0,0,0,0,0,0,0,0,0,0,0,0,197,15,0.0,0.0,1.0,1.0,0.08,0.06,0.0,255,15,0.06,0.07,0.0,0.0,0.0,0.0,1.0,1.0,neptune,DoS
7999,tcp,telnet,SF,0,44,0,0,0,0,0,0,0,0,0,0,0,0,0,0,0,0,1,1,0.0,0.0,0.0,0.0,1.0,0.0,0.0,255,103,0.4,0.02,0.0,0.0,0.58,0.4,0.01,0.01,processtable,DoS
0,tcp,http,SF,191,118,0,0,0,0,0,1,0,0,0,0,0,0,0,0,0,0,1,1,0.0,0.0,0.0,0.0,1.0,0.0,0.0,108,255,1.0,0.0,0.01,0.03,0.0,0.0,0.0,0.0,normal,Normal
0,tcp,sunrpc,REJ,0,0,0,0,0,0,0,0,0,0,0,0,0,0,0,0,0,0,4,5,0.0,0.0,1.0,1.0,0.25,1.0,1.0,255,4,0.02,0.03,0.0,0.0,0.0,0.0,0.11,1.0,mscan,Probe
0,tcp,private,REJ,0,0,0,0,0,0,0,0,0,0,0,0,0,0,0,0,0,0,262,2,0.0,0.0,1.0,1.0,0.01,0.06,0.0,255,2,0.01,0.06,0.0,0.0,0.0,0.0,1.0,1.0,neptune,DoS
0,tcp,ftp,RSTO,0,0,0,0,0,0,0,0,0,0,0,0,0,0,0,0,0,0,276,9,0.0,0.0,1.0,1.0,0.03,0.06,0.0,255,9,0.04,0.07,0.0,0.0,0.0,0.0,1.0,1.0,neptune,DoS
0,tcp,http,SF,208,8619,0,0,0,0,0,1,0,0,0,0,0,0,0,0,0,0,15,16,0.0,0.0,0.0,0.0,1.0,0.0,0.12,69,255,1.0,0.0,0.01,0.02,0.0,0.0,0.0,0.0,normal,Normal
0,tcp,time,RSTO,0,0,0,0,0,0,0,0,0,0,0,0,0,0,0,0,0,0,105,3,0.0,0.0,1.0,1.0,0.03,0.08,0.0,255,3,0.01,0.07,0.0,0.0,0.0,0.0,1.0,1.0,neptune,DoS
0,tcp,http,SF,323,2855,0,0,0,0,0,1,0,0,0,0,0,0,0,0,0,0,1,2,0.0,0.0,0.0,0.0,1.0,0.0,1.0,7,255,1.0,0.0,0.14,0.03,0.0,0.0,0.0,0.0,normal,Normal
0,tcp,http,SF,217,676,0,0,0,0,0,1,0,0,0,0,0,0,0,0,0,0,17,18,0.0,0.0,0.0,0.0,1.0,0.0,0.11,255,255,1.0,0.0,0.0,0.0,0.0,0.0,0.0,0.0,normal,Normal
0,tcp,iso_tsap,S0,0,0,0,0,0,0,0,0,0,0,0,0,0,0,0,0,0,0,290,15,1.0,1.0,0.0,0.0,0.05,0.06,0.0,255,15,0.06,0.06,0.0,0.0,1.0,1.0,0.0,0.0,neptune,DoS
0,tcp,private,REJ,0,0,0,0,0,0,0,0,0,0,0,0,0,0,0,0,0,0,119,20,0.0,0.0,1.0,1.0,0.17,0.06,0.0,255,20,0.08,0.06,0.0,0.0,0.0,0.0,1.0,1.0,neptune,DoS
0,tcp,telnet,S3,0,44,0,0,0,0,0,0,0,0,0,0,0,0,0,0,0,0,1,1,1.0,1.0,0.0,0.0,1.0,0.0,0.0,255,123,0.48,0.03,0.0,0.0,0.18,0.37,0.11,0.11,processtable,DoS
0,tcp,http,S0,0,0,0,0,0,0,0,0,0,0,0,0,0,0,0,0,0,0,89,89,1.0,1.0,0.0,0.0,1.0,0.0,0.0,255,255,1.0,0.0,0.0,0.0,0.48,0.48,0.5,0.5,apache2,DoS
0,tcp,http,SF,291,331,0,0,0,0,0,1,0,0,0,0,0,0,0,0,0,0,16,16,0.0,0.0,0.0,0.0,1.0,0.0,0.0,255,255,1.0,0.0,0.0,0.0,0.0,0.0,0.0,0.0,normal,Normal
0,tcp,http,SF,223,8619,0,0,0,0,0,1,0,0,0,0,0,0,0,0,0,0,5,7,0.0,0.0,0.0,0.0,1.0,0.0,0.43,48,255,1.0,0.0,0.02,0.02,0.0,0.0,0.0,0.0,normal,Normal
0,tcp,http,SF,229,2499,0,0,0,0,0,1,0,0,0,0,0,0,0,0,0,0,21,30,0.0,0.0,0.0,0.0,1.0,0.0,0.1,255,255,1.0,0.0,0.0,0.0,0.0,0.0,0.0,0.0,normal,Normal
0,tcp,rje,REJ,0,0,0,0,0,0,0,0,0,0,0,0,0,0,0,0,0,0,296,18,0.0,0.0,1.0,1.0,0.06,0.06,0.0,255,18,0.07,0.06,0.0,0.0,0.0,0.0,1.0,1.0,neptune,DoS
0,tcp,ftp,SF,26,157,0,0,0,0,1,0,0,0,0,0,0,0,0,0,0,1,1,1,0.0,0.0,0.0,0.0,1.0,0.0,0.0,125,58,0.46,0.03,0.01,0.0,0.0,0.0,0.0,0.0,guess_passwd,R2L
0,tcp,private,REJ,0,0,0,0,0,0,0,0,0,0,0,0,0,0,0,0,0,0,272,4,0.0,0.0,1.0,1.0,0.01,0.06,0.0,255,4,0.02,0.06,0.0,0.0,0.0,0.0,1.0,1.0,neptune,DoS
0,icmp,eco_i,SF,18,0,0,0,0,0,0,0,0,0,0,0,0,0,0,0,0,0,1,1,0.0,0.0,0.0,0.0,1.0,0.0,0.0,1,44,1.0,0.0,1.0,1.0,0.0,0.0,0.0,0.0,ipsweep,Probe
0,udp,private,SF,1,1,0,0,0,0,0,0,0,0,0,0,0,0,0,0,0,0,48,1,0.0,0.0,0.0,0.0,0.02,0.48,0.0,255,1,0.0,0.54,0.99,0.0,0.0,0.0,0.01,0.0,satan,Probe
0,tcp,http,SF,211,22811,0,0,0,0,0,1,0,0,0,0,0,0,0,0,0,0,6,6,0.0,0.0,0.0,0.0,1.0,0.0,0.0,13,255,1.0,0.0,0.08,0.02,0.0,0.0,0.0,0.0,normal,Normal
0,udp,private,SF,1,1,0,0,0,0,0,0,0,0,0,0,0,0,0,0,0,0,132,1,0.0,0.0,0.0,0.0,0.01,0.97,0.0,255,1,0.0,0.86,1.0,0.0,0.0,0.0,0.0,0.0,satan,Probe
0,tcp,http,SF,213,2280,0,0,0,0,0,1,0,0,0,0,0,0,0,0,0,0,19,20,0.0,0.0,0.0,0.0,1.0,0.0,0.1,60,237,1.0,0.0,0.02,0.03,0.0,0.0,0.0,0.0,normal,Normal
7566,tcp,telnet,SF,0,44,0,0,0,0,0,0,0,0,0,0,0,0,0,0,0,0,1,1,0.0,0.0,0.0,0.0,1.0,0.0,0.0,255,180,0.71,0.02,0.0,0.0,0.42,0.41,0.01,0.01,processtable,DoS
1,tcp,smtp,SF,2599,293,0,0,0,0,0,1,0,0,0,0,0,0,0,0,0,0,3,3,0.0,0.0,0.0,0.0,1.0,0.0,0.0,255,227,0.89,0.11,0.0,0.0,0.0,0.0,0.1,0.0,mailbomb,DoS
0,tcp,http,SF,301,16081,0,0,0,0,0,1,0,0,0,0,0,0,0,0,0,0,10,23,0.0,0.0,0.0,0.0,1.0,0.0,0.09,10,255,1.0,0.0,0.1,0.03,0.0,0.0,0.0,0.0,normal,Normal
0,udp,domain_u,SF,42,42,0,0,0,0,0,0,0,0,0,0,0,0,0,0,0,0,5,8,0.0,0.0,0.0,0.0,1.0,0.0,0.25,20,20,1.0,0.0,0.05,0.0,0.0,0.0,0.0,0.0,normal,Normal
0,tcp,http,SF,250,291,0,0,0,0,0,1,0,0,0,0,0,0,0,0,0,0,24,33,0.0,0.0,0.0,0.0,1.0,0.0,0.15,255,255,1.0,0.0,0.0,0.0,0.0,0.0,0.0,0.0,normal,Normal
0,tcp,private,RSTO,0,0,0,0,0,0,0,0,0,0,0,0,0,0,0,0,0,0,101,1,0.0,0.0,1.0,1.0,0.01,0.07,0.0,255,1,0.0,0.06,0.0,0.0,0.0,0.0,1.0,1.0,neptune,DoS
0,tcp,private,REJ,0,0,0,0,0,0,0,0,0,0,0,0,0,0,0,0,0,0,167,3,0.0,0.0,1.0,1.0,0.02,0.08,0.0,255,3,0.01,0.08,0.0,0.0,0.0,0.0,1.0,1.0,neptune,DoS
4,tcp,http,RSTR,45260,4380,0,0,0,1,0,1,0,0,0,0,0,0,0,0,0,0,4,4,0.0,0.0,0.5,0.5,1.0,0.0,0.0,255,255,1.0,0.0,0.0,0.0,0.01,0.01,0.06,0.06,back,DoS
0,tcp,hostnames,REJ,0,0,0,0,0,0,0,0,0,0,0,0,0,0,0,0,0,0,253,7,0.1,0.57,0.9,0.43,0.03,0.07,0.0,255,7,0.03,0.07,0.0,0.0,0.1,0.57,0.9,0.43,neptune,DoS
300,tcp,other,SF,244,619,0,0,0,0,0,0,0,0,0,0,0,0,0,0,0,0,2,2,0.0,0.0,0.0,0.0,1.0,0.0,0.0,255,12,0.05,0.01,0.0,0.0,0.0,0.0,0.04,0.83,httptunnel,R2L
0,tcp,private,REJ,0,0,0,0,0,0,0,0,0,0,0,0,0,0,0,0,0,0,233,12,0.02,0.0,0.98,1.0,0.05,0.06,0.0,255,12,0.05,0.06,0.0,0.0,0.02,0.0,0.98,1.0,neptune,DoS
0,tcp,sunrpc,REJ,0,0,0,0,0,0,0,0,0,0,0,0,0,0,0,0,0,0,1,3,0.0,0.0,1.0,1.0,1.0,0.0,1.0,255,11,0.04,0.03,0.0,0.0,0.0,0.0,0.22,1.0,mscan,Probe
0,icmp,ecr_i,SF,520,0,0,0,0,0,0,0,0,0,0,0,0,0,0,0,0,0,353,353,0.0,0.0,0.0,0.0,1.0,0.0,0.0,255,255,1.0,0.0,1.0,0.0,0.0,0.0,0.0,0.0,smurf,DoS
3,tcp,pop_3,SF,32,93,0,0,0,0,0,1,0,0,0,0,0,0,0,0,0,0,1,1,0.0,0.0,0.0,0.0,1.0,0.0,0.0,255,159,0.62,0.02,0.0,0.0,0.0,0.0,0.13,0.0,guess_passwd,R2L
0,tcp,http,SF,307,484,0,0,0,0,0,1,0,0,0,0,0,0,0,0,0,0,2,2,0.0,0.0,0.0,0.0,1.0,0.0,0.0,10,255,1.0,0.0,0.1,0.05,0.0,0.0,0.0,0.0,normal,Normal
0,tcp,other,REJ,0,0,0,0,0,0,0,0,0,0,0,0,0,0,0,0,0,0,1,1,0.0,0.0,1.0,1.0,1.0,0.0,0.0,255,13,0.05,0.01,0.0,0.0,0.0,0.0,0.04,0.85,httptunnel,R2L
0,tcp,private,S0,0,0,0,0,0,0,0,0,0,0,0,0,0,0,0,0,0,0,206,7,0.76,0.29,0.24,0.71,0.03,0.07,0.0,255,7,0.03,0.08,0.0,0.0,0.79,0.29,0.21,0.71,neptune,DoS
0,tcp,http,SF,209,2531,0,0,0,0,0,1,0,0,0,0,0,0,0,0,0,0,4,4,0.0,0.0,0.0,0.0,1.0,0.0,0.0,220,220,1.0,0.0,0.0,0.0,0.0,0.0,0.0,0.0,normal,Normal
4,tcp,pop_3,SF,32,93,0,0,0,0,0,1,0,0,0,0,0,0,0,0,0,0,1,1,0.0,0.0,0.0,0.0,1.0,0.0,0.0,255,178,0.7,0.02,0.0,0.0,0.0,0.0,0.11,0.0,guess_passwd,R2L
0,tcp,http,SF,295,1341,0,0,0,0,0,1,0,0,0,0,0,0,0,0,0,0,15,19,0.0,0.0,0.0,0.0,1.0,0.0,0.11,15,255,1.0,0.0,0.07,0.04,0.0,0.0,0.0,0.0,normal,Normal
0,tcp,private,REJ,0,0,0,0,0,0,0,0,0,0,0,0,0,0,0,0,0,0,194,4,0.0,0.0,1.0,1.0,0.02,0.08,0.0,255,4,0.02,0.08,0.0,0.0,0.0,0.0,1.0,1.0,neptune,DoS
0,tcp,http_443,S0,0,0,0,0,0,0,0,0,0,0,0,0,0,0,0,0,0,0,128,12,1.0,1.0,0.0,0.0,0.09,0.06,0.0,255,12,0.05,0.06,0.0,0.0,1.0,1.0,0.0,0.0,neptune,DoS
6,tcp,other,REJ,0,0,0,0,0,0,0,0,0,0,0,0,0,0,0,0,0,0,511,1,0.05,0.0,0.95,1.0,0.0,1.0,0.0,255,1,0.0,1.0,0.0,0.0,0.07,0.0,0.93,1.0,saint,Probe
0,udp,domain_u,SF,45,130,0,0,0,0,0,0,0,0,0,0,0,0,0,0,0,0,131,210,0.0,0.0,0.0,0.0,1.0,0.0,0.01,255,255,1.0,0.0,0.0,0.0,0.0,0.0,0.0,0.0,normal,Normal
0,udp,private,SF,1,1,0,0,0,0,0,0,0,0,0,0,0,0,0,0,0,0,78,1,0.0,0.0,0.0,0.0,0.01,0.96,0.0,255,1,0.0,0.69,0.99,0.0,0.0,0.0,0.01,0.0,satan,Probe
0,tcp,private,S0,0,0,0,0,0,0,0,0,0,0,0,0,0,0,0,0,0,0,112,7,1.0,1.0,0.0,0.0,0.06,0.07,0.0,255,7,0.03,0.07,0.0,0.0,1.0,1.0,0.0,0.0,neptune,DoS
0,icmp,ecr_i,SF,1008,0,0,0,0,0,0,0,0,0,0,0,0,0,0,0,0,0,353,353,0.0,0.0,0.0,0.0,1.0,0.0,0.0,255,255,1.0,0.0,1.0,0.0,0.0,0.0,0.0,0.0,smurf,DoS
0,tcp,http,S0,0,0,0,0,0,0,0,0,0,0,0,0,0,0,0,0,0,0,99,99,1.0,1.0,0.0,0.0,1.0,0.0,0.0,255,255,1.0,0.0,0.0,0.0,0.52,0.52,0.45,0.45,apache2,DoS
1,tcp,smtp,SF,2599,261,0,0,0,0,0,1,0,0,0,0,0,0,0,0,0,0,3,3,0.0,0.0,0.0,0.0,1.0,0.0,0.0,255,247,0.97,0.04,0.0,0.0,0.0,0.0,0.03,0.0,mailbomb,DoS
0,tcp,http,SF,319,1672,0,0,0,0,0,1,0,0,0,0,0,0,0,0,0,0,13,13,0.0,0.0,0.0,0.0,1.0,0.0,0.0,194,255,1.0,0.0,0.01,0.03,0.0,0.0,0.0,0.0,normal,Normal
0,tcp,private,REJ,0,0,0,0,0,0,0,0,0,0,0,0,0,0,0,0,0,0,140,10,0.0,0.0,1.0,1.0,0.07,0.08,0.0,255,10,0.04,0.07,0.0,0.0,0.0,0.0,1.0,1.0,neptune,DoS
8149,tcp,telnet,S3,1,15,0,0,0,0,0,0,0,0,0,0,0,0,0,0,0,0,1,1,1.0,1.0,0.0,0.0,1.0,0.0,0.0,255,24,0.09,0.8,0.0,0.0,0.0,0.04,0.78,0.0,processtable,DoS
0,tcp,private,REJ,0,0,0,0,0,0,0,0,0,0,0,0,0,0,0,0,0,0,112,13,0.0,0.0,1.0,1.0,0.12,0.07,0.0,255,13,0.05,0.06,0.0,0.0,0.0,0.0,1.0,1.0,neptune,DoS
0,udp,private,SF,48,0,0,0,0,0,0,0,0,0,0,0,0,0,0,0,0,0,4,4,0.0,0.0,0.0,0.0,1.0,0.0,0.0,255,255,1.0,0.0,0.0,0.0,0.0,0.0,0.0,0.0,snmpguess,R2L
0,tcp,private,REJ,0,0,0,0,0,0,0,0,0,0,0,0,0,0,0,0,0,0,249,3,0.0,0.0,1.0,1.0,0.01,0.07,0.0,255,3,0.01,0.07,0.0,0.0,0.0,0.0,1.0,1.0,neptune,DoS
0,tcp,ftp_data,SF,12,0,0,0,0,0,0,0,0,0,0,0,0,0,0,0,0,0,1,1,0.0,0.0,0.0,0.0,1.0,0.0,0.0,2,3,0.5,1.0,0.5,0.67,0.0,0.0,0.0,0.0,warezmaster,R2L
0,tcp,http,SF,283,4768,0,0,0,0,0,1,0,0,0,0,0,0,0,0,0,0,7,7,0.0,0.0,0.0,0.0,1.0,0.0,0.0,86,255,1.0,0.0,0.01,0.02,0.0,0.0,0.0,0.0,normal,Normal
902,tcp,http,RSTR,3944,0,0,0,0,0,0,1,0,0,0,0,0,0,0,0,0,0,59,59,0.02,0.02,0.97,0.97,1.0,0.0,0.0,255,255,1.0,0.0,0.0,0.0,0.0,0.0,0.22,0.22,apache2,DoS
0,tcp,other,REJ,0,0,0,0,0,0,0,0,0,0,0,0,0,0,0,0,0,0,460,1,0.0,0.0,1.0,1.0,0.0,1.0,0.0,255,1,0.0,1.0,0.0,0.0,0.0,0.0,1.0,1.0,satan,Probe
0,tcp,smtp,SF,724,336,0,0,0,0,0,1,0,0,0,0,0,0,0,0,0,0,1,1,0.0,0.0,0.0,0.0,1.0,0.0,0.0,120,206,0.73,0.04,0.01,0.01,0.0,0.0,0.01,0.02,normal,Normal
0,tcp,private,REJ,0,0,0,0,0,0,0,0,0,0,0,0,0,0,0,0,0,0,170,10,0.0,0.0,1.0,1.0,0.06,0.06,0.0,255,10,0.04,0.06,0.0,0.0,0.0,0.0,1.0,1.0,neptune,DoS
0,icmp,ecr_i,SF,1032,0,0,0,0,0,0,0,0,0,0,0,0,0,0,0,0,0,489,489,0.0,0.0,0.0,0.0,1.0,0.0,0.0,255,255,1.0,0.0,1.0,0.0,0.0,0.0,0.0,0.0,smurf,DoS
0,tcp,http,SF,209,2301,0,0,0,0,0,1,0,0,0,0,0,0,0,0,0,0,1,2,0.0,0.0,0.0,0.5,1.0,0.0,1.0,15,255,1.0,0.0,0.07,0.01,0.0,0.0,0.0,0.0,normal,Normal
7510,tcp,telnet,SF,0,44,0,0,0,0,0,0,0,0,0,0,0,0,0,0,0,0,1,1,0.0,0.0,0.0,0.0,1.0,0.0,0.0,255,180,0.71,0.27,0.0,0.0,0.5,0.71,0.27,0.01,processtable,DoS
0,tcp,private,REJ,0,0,0,0,0,0,0,0,0,0,0,0,0,0,0,0,0,0,124,6,0.0,0.0,1.0,1.0,0.05,0.06,0.0,255,6,0.02,0.05,0.0,0.0,0.0,0.0,1.0,1.0,neptune,DoS
0,tcp,private,REJ,0,0,0,0,0,0,0,0,0,0,0,0,0,0,0,0,0,0,197,7,0.0,0.0,1.0,1.0,0.04,0.06,0.0,255,7,0.03,0.06,0.0,0.0,0.0,0.0,1.0,1.0,neptune,DoS
0,tcp,http,SF,171,14388,0,0,0,0,0,1,0,0,0,0,0,0,0,0,0,0,1,4,0.0,0.0,0.0,0.0,1.0,0.0,1.0,255,255,1.0,0.0,0.0,0.0,0.0,0.0,0.0,0.0,normal,Normal
0,tcp,http,SF,305,1068,0,0,0,0,0,1,0,0,0,0,0,0,0,0,0,0,18,19,0.0,0.0,0.0,0.0,1.0,0.0,0.11,246,255,1.0,0.0,0.01,0.01,0.0,0.0,0.0,0.0,normal,Normal
0,udp,private,SF,53,53,0,0,0,0,0,0,0,0,0,0,0,0,0,0,0,0,511,511,0.0,0.0,0.0,0.0,1.0,0.0,0.0,255,255,1.0,0.0,0.92,0.0,0.0,0.0,0.0,0.0,normal,Normal
0,tcp,smtp,SF,1058,389,0,0,0,0,0,1,0,0,0,0,0,0,0,0,0,0,1,3,0.0,0.0,0.0,0.0,1.0,0.0,1.0,255,18,0.07,0.23,0.0,0.0,0.0,0.0,0.24,0.0,normal,Normal
0,tcp,http,SF,174,12382,0,0,0,0,0,1,0,0,0,0,0,0,0,0,0,0,6,6,0.0,0.0,0.0,0.0,1.0,0.0,0.0,255,255,1.0,0.0,0.0,0.0,0.0,0.0,0.0,0.0,normal,Normal
0,udp,private,SF,55,55,0,0,0,0,0,0,0,0,0,0,0,0,0,0,0,0,510,510,0.0,0.0,0.0,0.0,1.0,0.0,0.0,255,255,1.0,0.0,0.86,0.0,0.0,0.0,0.0,0.0,normal,Normal
0,tcp,private,RSTR,0,0,0,0,0,0,0,0,0,0,0,0,0,0,0,0,0,0,1,1,0.0,0.0,1.0,1.0,1.0,0.0,0.0,255,1,0.0,0.57,0.56,0.0,0.01,0.0,0.56,1.0,portsweep,Probe
0,tcp,http,SF,305,7667,0,0,0,0,0,1,0,0,0,0,0,0,0,0,0,0,13,13,0.0,0.0,0.0,0.0,1.0,0.0,0.0,78,134,1.0,0.0,0.01,0.02,0.0,0.0,0.0,0.0,normal,Normal
0,tcp,private,REJ,0,0,0,0,0,0,0,0,0,0,0,0,0,0,0,0,0,0,111,20,0.0,0.0,1.0,1.0,0.18,0.05,0.0,255,20,0.08,0.05,0.0,0.0,0.0,0.0,1.0,1.0,neptune,DoS
0,tcp,shell,S0,0,0,0,0,0,0,0,0,0,0,0,0,0,0,0,0,0,0,138,1,1.0,1.0,0.0,0.0,0.01,0.06,0.0,255,1,0.0,0.06,0.0,0.0,1.0,1.0,0.0,0.0,neptune,DoS
0,tcp,sunrpc,REJ,0,0,0,0,0,0,0,0,0,0,0,0,0,0,0,0,0,0,4,15,0.0,0.0,1.0,1.0,0.25,1.0,1.0,11,51,0.18,0.45,0.09,0.06,0.0,0.0,0.73,1.0,mscan,Probe
1,tcp,telnet,RSTO,0,15,0,0,0,0,0,0,0,0,0,0,0,0,0,0,0,0,4,10,0.25,0.2,0.75,0.5,0.5,0.75,0.6,41,89,0.34,0.12,0.02,0.02,0.05,0.02,0.85,0.67,mscan,Probe
4,tcp,pop_3,SF,32,93,0,0,0,0,0,1,0,0,0,0,0,0,0,0,0,0,1,1,0.0,0.0,0.0,0.0,1.0,0.0,0.0,25,26,1.0,0.0,0.04,0.08,0.0,0.0,0.0,0.0,guess_passwd,R2L
0,tcp,nntp,RSTO,0,0,0,0,0,0,0,0,0,0,0,0,0,0,0,0,0,0,264,16,0.0,0.0,1.0,1.0,0.06,0.06,0.0,255,16,0.06,0.06,0.0,0.0,0.0,0.0,1.0,1.0,neptune,DoS
0,tcp,http,SF,219,1026,0,0,0,0,0,1,0,0,0,0,0,0,0,0,0,0,9,9,0.0,0.0,0.0,0.0,1.0,0.0,0.0,255,255,1.0,0.0,0.0,0.0,0.0,0.0,0.0,0.0,normal,Normal
0,tcp,private,REJ,0,0,0,0,0,0,0,0,0,0,0,0,0,0,0,0,0,0,285,3,0.0,0.0,1.0,1.0,0.01,0.06,0.0,255,3,0.01,0.06,0.0,0.0,0.0,0.0,1.0,1.0,neptune,DoS
0,udp,private,SF,1,1,0,0,0,0,0,0,0,0,0,0,0,0,0,0,0,0,123,1,0.0,0.0,0.0,0.0,0.01,0.64,0.0,255,1,0.0,0.86,1.0,0.0,0.0,0.0,0.0,0.0,satan,Probe
0,tcp,ftp,SF,26,157,0,0,0,0,1,0,0,0,0,0,0,0,0,0,0,1,1,1,0.0,0.0,0.0,0.0,1.0,0.0,0.0,190,90,0.47,0.03,0.01,0.0,0.0,0.0,0.0,0.0,guess_passwd,R2L
0,icmp,ecr_i,SF,1032,0,0,0,0,0,0,0,0,0,0,0,0,0,0,0,0,0,456,456,0.0,0.0,0.0,0.0,1.0,0.0,0.0,255,255,1.0,0.0,1.0,0.0,0.0,0.0,0.0,0.0,smurf,DoS
0,tcp,http,SF,192,753,0,0,0,0,0,1,0,0,0,0,0,0,0,0,0,0,4,17,0.0,0.0,0.0,0.0,1.0,0.0,0.12,68,255,1.0,0.0,0.01,0.01,0.0,0.0,0.0,0.0,normal,Normal
0,tcp,pop_3,RSTO,0,36,0,0,0,0,0,1,0,0,0,0,0,0,0,0,0,0,3,4,0.0,0.0,1.0,0.75,0.33,1.0,1.0,79,59,0.25,0.06,0.01,0.03,0.01,0.0,0.9,0.98,mscan,Probe
0,tcp,http,SF,289,1484,0,0,0,0,0,1,0,0,0,0,0,0,0,0,0,0,2,2,0.0,0.0,0.0,0.0,1.0,0.0,0.0,255,255,1.0,0.0,0.0,0.0,0.0,0.0,0.0,0.0,normal,Normal
0,icmp,ecr_i,SF,1032,0,0,0,0,0,0,0,0,0,0,0,0,0,0,0,0,0,81,81,0.0,0.0,0.0,0.0,1.0,0.0,0.0,255,255,1.0,0.0,1.0,0.0,0.0,0.0,0.0,0.0,smurf,DoS
0,tcp,http,SF,287,347,0,0,0,0,0,1,0,0,0,0,0,0,0,0,0,0,30,30,0.0,0.0,0.0,0.0,1.0,0.0,0.0,102,251,1.0,0.0,0.01,0.05,0.0,0.0,0.0,0.0,normal,Normal
0,tcp,http,SF,143,9542,0,0,0,0,0,1,0,0,0,0,0,0,0,0,0,0,1,1,0.0,0.0,0.0,0.0,1.0,0.0,0.0,240,255,1.0,0.0,0.0,0.02,0.0,0.0,0.0,0.0,normal,Normal
0,tcp,http,SF,198,378,0,0,0,0,0,1,0,0,0,0,0,0,0,0,0,0,36,59,0.0,0.0,0.0,0.0,1.0,0.0,0.03,36,255,1.0,0.0,0.03,0.02,0.0,0.0,0.0,0.0,normal,Normal
7,tcp,pop_3,SF,32,93,0,0,0,0,0,1,0,0,0,0,0,0,0,0,0,0,1,1,0.0,0.0,0.0,0.0,1.0,0.0,0.0,255,229,0.9,0.02,0.0,0.0,0.0,0.0,0.05,0.0,guess_passwd,R2L
0,tcp,ftp_data,SF,12,0,0,0,0,0,0,0,0,0,0,0,0,0,0,0,0,0,1,1,0.0,0.0,0.0,0.0,1.0,0.0,0.0,6,3,0.5,0.33,0.5,0.0,0.0,0.0,0.0,0.0,warezmaster,R2L
0,tcp,private,REJ,0,0,0,0,0,0,0,0,0,0,0,0,0,0,0,0,0,0,116,14,0.0,0.0,1.0,1.0,0.12,0.08,0.0,255,14,0.05,0.06,0.0,0.0,0.0,0.0,1.0,1.0,neptune,DoS
0,tcp,ftp_data,SF,12,0,0,0,0,0,0,0,0,0,0,0,0,0,0,0,0,0,2,2,0.0,0.0,0.0,0.0,1.0,0.0,0.0,4,22,1.0,0.0,1.0,0.14,0.0,0.0,0.0,0.0,warezmaster,R2L
0,tcp,private,REJ,0,0,0,0,0,0,0,0,0,0,0,0,0,0,0,0,0,0,142,17,0.0,0.0,1.0,1.0,0.12,0.06,0.0,255,17,0.07,0.06,0.0,0.0,0.0,0.0,1.0,1.0,neptune,DoS
0,tcp,http,SF,218,1772,0,0,0,0,0,1,0,0,0,0,0,0,0,0,0,0,5,5,0.0,0.0,0.0,0.0,1.0,0.0,0.0,255,255,1.0,0.0,0.01,0.0,0.0,0.0,0.0,0.0,normal,Normal
0,udp,private,SF,48,0,0,0,0,0,0,0,0,0,0,0,0,0,0,0,0,0,2,2,0.0,0.0,0.0,0.0,1.0,0.0,0.0,255,254,1.0,0.01,0.01,0.0,0.0,0.0,0.0,0.0,snmpguess,R2L
0,tcp,http,SF,214,1791,0,0,0,0,0,1,0,0,0,0,0,0,0,0,0,0,24,25,0.0,0.0,0.0,0.0,1.0,0.0,0.08,105,255,1.0,0.0,0.01,0.01,0.0,0.0,0.0,0.0,normal,Normal
280,tcp,ftp_data,SF,283618,0,0,0,0,0,0,0,0,0,0,0,0,0,0,0,0,0,1,1,0.0,0.0,0.0,0.0,1.0,0.0,0.0,1,29,1.0,0.0,1.0,0.17,0.0,0.0,0.0,0.0,warezmaster,R2L
0,udp,domain_u,SF,43,43,0,0,0,0,0,0,0,0,0,0,0,0,0,0,0,0,49,49,0.0,0.0,0.0,0.0,1.0,0.0,0.0,255,255,1.0,0.0,0.0,0.0,0.0,0.0,0.0,0.0,normal,Normal
0,tcp,telnet,RSTO,0,0,0,0,0,0,0,0,0,0,0,0,0,0,0,0,0,0,36,9,0.0,0.0,1.0,1.0,0.25,0.11,0.0,255,61,0.24,0.11,0.01,0.0,0.0,0.0,0.99,1.0,neptune,DoS
0,tcp,http,SF,235,331,0,0,0,0,0,1,0,0,0,0,0,0,0,0,0,0,4,4,0.0,0.0,0.0,0.0,1.0,0.0,0.0,255,255,1.0,0.0,0.0,0.0,0.0,0.0,0.0,0.0,normal,Normal
0,tcp,http,SF,218,9432,0,0,0,0,0,1,0,0,0,0,0,0,0,0,0,0,19,19,0.0,0.0,0.0,0.0,1.0,0.0,0.0,65,250,1.0,0.0,0.02,0.06,0.0,0.0,0.0,0.0,normal,Normal
0,tcp,private,REJ,0,0,0,0,0,0,0,0,0,0,0,0,0,0,0,0,0,0,334,1,0.07,0.0,0.92,1.0,0.0,1.0,0.0,255,1,0.0,1.0,0.0,0.0,0.1,0.0,0.9,1.0,satan,Probe
0,tcp,private,REJ,0,0,0,0,0,0,0,0,0,0,0,0,0,0,0,0,0,0,261,10,0.0,0.0,1.0,1.0,0.04,0.06,0.0,255,10,0.04,0.06,0.0,0.0,0.0,0.0,1.0,1.0,neptune,DoS
4,tcp,smtp,SF,1676,361,0,0,0,0,0,1,0,0,0,0,0,0,0,0,0,0,1,2,0.0,0.0,0.0,0.0,1.0,0.0,1.0,229,173,0.67,0.02,0.0,0.01,0.0,0.0,0.0,0.0,normal,Normal
0,tcp,http,SF,54540,8314,0,0,0,2,0,1,1,0,0,0,0,0,0,0,0,0,3,9,0.0,0.0,0.0,0.0,1.0,0.0,0.22,255,255,1.0,0.0,0.0,0.0,0.0,0.0,0.04,0.04,back,DoS
0,tcp,private,S0,0,0,0,0,0,0,0,0,0,0,0,0,0,0,0,0,0,0,224,17,1.0,1.0,0.0,0.0,0.08,0.06,0.0,255,17,0.07,0.06,0.0,0.0,1.0,1.0,0.0,0.0,neptune,DoS
0,icmp,eco_i,SF,40008,0,0,0,0,0,0,0,0,0,0,0,0,0,0,0,0,0,3,3,0.0,0.0,0.0,0.0,1.0,0.0,0.0,138,145,0.2,0.04,0.2,0.41,0.0,0.0,0.02,0.0,normal,Normal
0,tcp,http,SF,203,2139,0,0,0,0,0,1,0,0,0,0,0,0,0,0,0,0,2,21,0.0,0.0,0.0,0.0,1.0,0.0,0.14,33,255,1.0,0.0,0.03,0.04,0.0,0.0,0.0,0.0,normal,Normal
0,tcp,private,REJ,0,0,0,0,0,0,0,0,0,0,0,0,0,0,0,0,0,0,103,4,0.0,0.0,1.0,1.0,0.04,0.06,0.0,255,4,0.02,0.06,0.0,0.0,0.0,0.0,1.0,1.0,neptune,DoS
0,tcp,http,SF,312,396,0,0,0,0,0,1,0,0,0,0,0,0,0,0,0,0,16,16,0.0,0.0,0.0,0.0,1.0,0.0,0.0,255,255,1.0,0.0,0.0,0.0,0.0,0.0,0.0,0.0,normal,Normal
0,tcp,http,SF,321,622,0,0,0,0,0,1,0,0,0,0,0,0,0,0,0,0,18,23,0.0,0.0,0.0,0.0,1.0,0.0,0.17,255,255,1.0,0.0,0.0,0.0,0.0,0.0,0.0,0.0,normal,Normal
0,tcp,http,RSTR,33580,2920,0,0,0,1,0,1,0,0,0,0,0,0,0,0,0,0,3,3,0.0,0.0,1.0,1.0,1.0,0.0,0.0,255,254,1.0,0.01,0.0,0.0,0.0,0.0,0.05,0.05,back,DoS
0,tcp,other,SF,10073,0,0,0,0,0,0,0,0,0,0,0,0,0,0,0,0,0,11,1,0.0,0.0,0.0,0.0,0.09,1.0,0.0,30,1,0.03,0.43,0.7,0.0,0.0,0.0,0.0,0.0,normal,Normal
0,tcp,private,REJ,0,0,0,0,0,0,0,0,0,0,0,0,0,0,0,0,0,0,211,5,0.0,0.0,1.0,1.0,0.02,0.06,0.0,255,5,0.02,0.06,0.0,0.0,0.0,0.0,1.0,1.0,neptune,DoS
0,icmp,ecr_i,SF,1032,0,0,0,0,0,0,0,0,0,0,0,0,0,0,0,0,0,172,172,0.0,0.0,0.0,0.0,1.0,0.0,0.0,255,254,1.0,0.01,1.0,0.0,0.0,0.0,0.0,0.0,smurf,DoS
0,tcp,http,SF,307,672,0,0,0,0,0,1,0,0,0,0,0,0,0,0,0,0,21,21,0.0,0.0,0.0,0.0,1.0,0.0,0.0,48,255,1.0,0.0,0.02,0.05,0.0,0.0,0.0,0.0,normal,Normal
0,icmp,ecr_i,SF,1032,0,0,0,0,0,0,0,0,0,0,0,0,0,0,0,0,0,72,72,0.0,0.0,0.0,0.0,1.0,0.0,0.0,255,255,1.0,0.0,1.0,0.0,0.0,0.0,0.0,0.0,smurf,DoS
0,tcp,http,SF,220,495,0,0,0,0,0,1,0,0,0,0,0,0,0,0,0,0,24,25,0.0,0.0,0.0,0.0,1.0,0.0,0.08,255,255,1.0,0.0,0.0,0.0,0.0,0.0,0.0,0.0,normal,Normal
0,tcp,private,REJ,0,0,0,0,0,0,0,0,0,0,0,0,0,0,0,0,0,0,148,16,0.0,0.0,1.0,1.0,0.11,0.06,0.0,255,16,0.06,0.06,0.0,0.0,0.0,0.0,1.0,1.0,neptune,DoS
0,tcp,private,REJ,0,0,0,0,0,0,0,0,0,0,0,0,0,0,0,0,0,0,113,20,0.0,0.0,1.0,1.0,0.18,0.06,0.0,255,20,0.08,0.07,0.0,0.0,0.0,0.0,1.0,1.0,neptune,DoS
0,tcp,http,SF,188,308,0,0,0,0,0,1,0,0,0,0,0,0,0,0,0,0,11,15,0.0,0.0,0.0,0.0,1.0,0.0,0.13,153,255,1.0,0.0,0.01,0.04,0.0,0.0,0.0,0.0,normal,Normal
282,tcp,ftp,SF,164,601,0,0,0,2,0,1,0,0,0,0,0,0,0,0,0,1,2,1,0.5,0.0,0.0,0.0,0.5,1.0,0.0,255,10,0.04,0.54,0.0,0.0,0.29,0.0,0.52,0.0,warezmaster,R2L
0,tcp,other,REJ,0,0,0,0,0,0,0,0,0,0,0,0,0,0,0,0,0,0,498,1,0.02,0.0,0.98,1.0,0.0,1.0,0.0,255,1,0.0,1.0,0.0,0.0,0.05,0.0,0.95,1.0,satan,Probe
0,tcp,http,SF,321,709,0,0,0,0,0,1,0,0,0,0,0,0,0,0,0,0,7,13,0.0,0.0,0.0,0.0,1.0,0.0,0.31,145,253,1.0,0.0,0.01,0.04,0.0,0.0,0.0,0.0,normal,Normal
0,tcp,private,REJ,0,0,0,0,0,0,0,0,0,0,0,0,0,0,0,0,0,0,142,10,0.0,0.0,1.0,1.0,0.07,0.06,0.0,255,10,0.04,0.05,0.0,0.0,0.0,0.0,1.0,1.0,neptune,DoS
0,tcp,http,SF,209,5888,0,0,0,0,0,1,0,0,0,0,0,0,0,0,0,0,8,9,0.0,0.0,0.0,0.0,1.0,0.0,0.22,101,255,1.0,0.0,0.01,0.02,0.0,0.0,0.0,0.0,normal,Normal
0,tcp,http,SF,314,358,0,0,0,0,0,1,0,0,0,0,0,0,0,0,0,0,10,10,0.0,0.0,0.0,0.0,1.0,0.0,0.0,231,255,1.0,0.0,0.0,0.02,0.0,0.0,0.0,0.0,normal,Normal
0,tcp,ftp_data,SF,175337,0,0,0,0,0,0,0,0,0,0,0,0,0,0,0,0,0,2,2,0.0,0.0,0.0,0.0,1.0,0.0,0.0,64,18,0.16,0.06,0.16,0.11,0.0,0.0,0.0,0.0,normal,Normal
0,tcp,private,REJ,0,0,0,0,0,0,0,0,0,0,0,0,0,0,0,0,0,0,205,18,0.0,0.0,1.0,1.0,0.09,0.06,0.0,255,18,0.07,0.06,0.0,0.0,0.0,0.0,1.0,1.0,neptune,DoS
0,udp,private,SF,53,50,0,0,0,0,0,0,0,0,0,0,0,0,0,0,0,0,509,509,0.0,0.0,0.0,0.0,1.0,0.0,0.0,255,255,1.0,0.0,1.0,0.0,0.0,0.0,0.0,0.0,normal,Normal
0,tcp,http,SF,298,1047,0,0,0,0,0,1,0,0,0,0,0,0,0,0,0,0,8,11,0.0,0.0,0.0,0.0,1.0,0.0,0.18,8,105,1.0,0.0,0.12,0.07,0.0,0.0,0.0,0.0,normal,Normal
0,tcp,private,S0,0,0,0,0,0,0,0,0,0,0,0,0,0,0,0,0,0,0,286,11,1.0,1.0,0.0,0.0,0.04,0.06,0.0,255,11,0.04,0.07,0.0,0.0,1.0,1.0,0.0,0.0,neptune,DoS
2067,tcp,http,RSTR,88064,0,0,0,0,0,0,1,0,0,0,0,0,0,0,0,0,0,10,10,0.0,0.0,1.0,1.0,1.0,0.0,0.0,255,230,0.9,0.02,0.0,0.0,0.0,0.0,0.04,0.04,apache2,DoS
0,tcp,private,S0,0,0,0,0,0,0,0,0,0,0,0,0,0,0,0,0,0,0,255,13,1.0,1.0,0.0,0.0,0.05,0.06,0.0,255,13,0.05,0.07,0.0,0.0,1.0,1.0,0.0,0.0,neptune,DoS
0,tcp,http,SF,302,258,0,0,0,0,0,1,0,0,0,0,0,0,0,0,0,0,2,2,0.0,0.0,0.0,0.0,1.0,0.0,0.0,255,70,0.27,0.02,0.0,0.0,0.0,0.0,0.02,0.0,normal,Normal
0,tcp,ftp_data,SF,93238,0,0,0,0,0,0,0,0,0,0,0,0,0,0,0,0,0,15,15,0.0,0.0,0.0,0.0,1.0,0.0,0.0,255,52,0.2,0.03,0.2,0.0,0.0,0.0,0.0,0.0,normal,Normal
0,tcp,http,SF,224,7686,0,0,0,0,0,1,0,0,0,0,0,0,0,0,0,0,7,13,0.0,0.0,0.0,0.0,1.0,0.0,0.15,23,251,1.0,0.0,0.04,0.04,0.0,0.0,0.0,0.0,normal,Normal
0,tcp,private,REJ,0,0,0,0,0,0,0,0,0,0,0,0,0,0,0,0,0,0,114,16,0.0,0.0,1.0,1.0,0.14,0.05,0.0,255,16,0.06,0.05,0.0,0.0,0.35,0.0,0.65,1.0,neptune,DoS
0,udp,private,SF,53,55,0,0,0,0,0,0,0,0,0,0,0,0,0,0,0,0,509,509,0.0,0.0,0.0,0.0,1.0,0.0,0.0,255,255,1.0,0.0,0.87,0.0,0.0,0.0,0.0,0.0,normal,Normal
0,tcp,http,SF,326,13330,0,0,0,0,0,1,0,0,0,0,0,0,0,0,0,0,2,2,0.0,0.0,0.0,0.0,1.0,0.0,0.0,129,255,1.0,0.0,0.01,0.01,0.0,0.0,0.0,0.0,normal,Normal
0,tcp,smtp,SF,1201,330,0,0,0,0,0,1,0,0,0,0,0,0,0,0,0,0,1,2,0.0,0.0,0.0,0.0,1.0,0.0,1.0,255,28,0.11,0.03,0.0,0.0,0.0,0.0,0.75,0.0,normal,Normal
0,udp,private,SF,46,0,0,0,0,0,0,0,0,0,0,0,0,0,0,0,0,0,3,3,0.0,0.0,0.0,0.0,1.0,0.0,0.0,255,253,0.99,0.01,0.01,0.0,0.0,0.0,0.0,0.0,snmpguess,R2L
0,tcp,netbios_ns,S0,0,0,0,0,0,0,0,0,0,0,0,0,0,0,0,0,0,0,110,2,1.0,1.0,0.0,0.0,0.02,0.06,0.0,255,2,0.01,0.05,0.0,0.0,1.0,1.0,0.0,0.0,neptune,DoS
0,tcp,private,REJ,0,0,0,0,0,0,0,0,0,0,0,0,0,0,0,0,0,0,171,5,0.0,0.0,1.0,1.0,0.03,0.06,0.0,255,5,0.02,0.06,0.0,0.0,0.0,0.0,1.0,1.0,neptune,DoS
1,tcp,smtp,SF,2599,293,0,0,0,0,0,1,0,0,0,0,0,0,0,0,0,0,3,3,0.0,0.0,0.0,0.0,1.0,0.0,0.0,255,238,0.93,0.07,0.0,0.0,0.0,0.0,0.06,0.0,mailbomb,DoS
0,tcp,private,REJ,0,0,0,0,0,0,0,0,0,0,0,0,0,0,0,0,0,0,141,16,0.0,0.0,1.0,1.0,0.11,0.06,0.0,255,16,0.06,0.06,0.0,0.0,0.0,0.0,0.99,1.0,neptune,DoS
0,tcp,telnet,S0,0,0,0,0,0,0,0,0,0,0,0,0,0,0,0,0,0,0,1,29,1.0,0.14,0.0,0.72,1.0,0.0,0.79,11,78,0.45,0.27,0.09,0.03,1.0,0.06,0.0,0.63,mscan,Probe
280,tcp,ftp_data,SF,283618,0,0,0,0,0,0,0,0,0,0,0,0,0,0,0,0,0,2,2,0.0,0.0,0.0,0.0,1.0,0.0,0.0,4,14,1.0,0.0,1.0,0.21,0.0,0.0,0.0,0.0,warezmaster,R2L
0,udp,private,SF,49,46,0,0,0,0,0,0,0,0,0,0,0,0,0,0,0,0,505,505,0.0,0.0,0.0,0.0,1.0,0.0,0.0,255,255,1.0,0.0,1.0,0.0,0.0,0.0,0.0,0.0,normal,Normal
0,tcp,other,REJ,0,0,0,0,0,0,0,0,0,0,0,0,0,0,0,0,0,0,511,1,0.14,0.0,0.86,1.0,0.0,1.0,0.0,255,1,0.0,0.98,0.0,0.0,0.12,0.0,0.88,1.0,satan,Probe
3,tcp,telnet,RSTO,0,15,0,0,0,0,0,0,0,0,0,0,0,0,0,0,0,0,4,12,0.0,0.08,0.75,0.5,0.5,0.75,0.58,64,86,0.34,0.08,0.02,0.02,0.0,0.0,0.89,0.7,mscan,Probe
0,tcp,ftp,SF,26,157,0,0,0,0,1,0,0,0,0,0,0,0,0,0,0,1,1,1,0.0,0.0,0.0,0.0,1.0,0.0,0.0,226,114,0.5,0.03,0.0,0.0,0.0,0.0,0.0,0.0,guess_passwd,R2L
0,tcp,netstat,REJ,0,0,0,0,0,0,0,0,0,0,0,0,0,0,0,0,0,0,257,17,0.0,0.0,1.0,1.0,0.07,0.06,0.0,255,17,0.07,0.07,0.0,0.0,0.0,0.0,1.0,1.0,neptune,DoS
0,tcp,http,SF,219,1986,0,0,0,0,0,1,0,0,0,0,0,0,0,0,0,0,31,41,0.0,0.0,0.0,0.0,1.0,0.0,0.07,255,255,1.0,0.0,0.01,0.0,0.0,0.0,0.0,0.0,normal,Normal
1,tcp,smtp,SF,1479,327,0,0,0,0,0,1,0,0,0,0,0,0,0,0,0,0,1,2,0.0,0.0,0.0,0.0,1.0,0.0,1.0,105,178,0.42,0.05,0.01,0.01,0.0,0.0,0.0,0.0,normal,Normal
0,udp,domain_u,SF,42,42,0,0,0,0,0,0,0,0,0,0,0,0,0,0,0,0,4,10,0.0,0.0,0.0,0.0,1.0,0.0,0.3,89,89,1.0,0.0,0.01,0.0,0.0,0.0,0.0,0.0,normal,Normal
0,tcp,private,REJ,0,0,0,0,0,0,0,0,0,0,0,0,0,0,0,0,0,0,245,6,0.01,0.0,0.99,1.0,0.02,0.06,0.0,255,6,0.02,0.07,0.0,0.0,0.01,0.0,0.99,1.0,neptune,DoS
0,udp,private,SF,105,146,0,0,0,0,0,0,0,0,0,0,0,0,0,0,0,0,1,1,0.0,0.0,0.0,0.0,1.0,0.0,0.0,255,255,1.0,0.0,0.01,0.0,0.0,0.0,0.0,0.0,snmpgetattack,R2L
0,tcp,http,SF,281,762,0,0,0,0,0,1,0,0,0,0,0,0,0,0,0,0,3,12,0.0,0.0,0.0,0.0,1.0,0.0,0.17,19,255,1.0,0.0,0.05,0.02,0.0,0.0,0.0,0.0,normal,Normal
0,tcp,http,SF,279,877,0,0,0,0,0,1,0,0,0,0,0,0,0,0,0,0,1,1,0.0,0.0,0.0,0.0,1.0,0.0,0.0,26,255,1.0,0.0,0.04,0.03,0.0,0.0,0.0,0.0,normal,Normal
0,tcp,private,REJ,0,0,0,0,0,0,0,0,0,0,0,0,0,0,0,0,0,0,1,1,0.0,0.0,1.0,1.0,1.0,0.0,0.0,255,1,0.0,0.41,0.06,0.0,0.0,0.0,0.07,1.0,portsweep,Probe
0,tcp,http,SF,302,13682,0,0,0,0,0,1,0,0,0,0,0,0,0,0,0,0,7,7,0.0,0.0,0.0,0.0,1.0,0.0,0.0,255,255,1.0,0.0,0.01,0.0,0.0,0.0,0.0,0.0,normal,Normal
0,udp,private,SF,46,0,0,0,0,0,0,0,0,0,0,0,0,0,0,0,0,0,3,3,0.0,0.0,0.0,0.0,1.0,0.0,0.0,255,253,0.99,0.01,0.02,0.0,0.0,0.0,0.0,0.0,snmpguess,R2L
0,udp,private,SF,50,47,0,0,0,0,0,0,0,0,0,0,0,0,0,0,0,0,505,505,0.0,0.0,0.0,0.0,1.0,0.0,0.0,255,255,1.0,0.0,1.0,0.0,0.0,0.0,0.0,0.0,normal,Normal
0,tcp,http,SF,244,519,0,0,0,0,0,1,0,0,0,0,0,0,0,0,0,0,20,27,0.0,0.0,0.0,0.0,1.0,0.0,0.19,255,255,1.0,0.0,0.0,0.0,0.0,0.0,0.0,0.0,normal,Normal
0,udp,domain_u,SF,44,132,0,0,0,0,0,0,0,0,0,0,0,0,0,0,0,0,77,157,0.0,0.0,0.0,0.0,1.0,0.0,0.01,255,255,1.0,0.0,0.0,0.0,0.0,0.0,0.0,0.0,normal,Normal
0,tcp,telnet,SF,123,174,0,0,0,0,1,0,0,0,0,0,0,0,0,0,0,0,1,1,0.0,0.0,0.0,0.0,1.0,0.0,0.0,255,255,1.0,0.0,0.0,0.0,0.0,0.0,0.02,0.02,guess_passwd,R2L
0,tcp,http,SF,210,3946,0,0,0,0,0,1,0,0,0,0,0,0,0,0,0,0,2,2,0.0,0.0,0.0,0.0,1.0,0.0,0.0,102,255,1.0,0.0,0.01,0.04,0.0,0.0,0.0,0.0,normal,Normal
0,tcp,http,SF,222,600,0,0,0,0,0,1,0,0,0,0,0,0,0,0,0,0,10,10,0.0,0.0,0.0,0.0,1.0,0.0,0.0,36,232,1.0,0.0,0.03,0.02,0.0,0.0,0.0,0.0,normal,Normal
0,tcp,supdup,REJ,0,0,0,0,0,0,0,0,0,0,0,0,0,0,0,0,0,0,126,6,0.0,0.0,1.0,1.0,0.05,0.06,0.0,255,6,0.02,0.06,0.0,0.0,0.0,0.0,1.0,1.0,neptune,DoS
1,tcp,smtp,SF,1520,365,0,0,0,0,0,1,0,0,0,0,0,0,0,0,0,0,1,5,0.0,0.0,0.0,0.0,1.0,0.0,1.0,231,172,0.74,0.02,0.0,0.0,0.0,0.0,0.0,0.0,normal,Normal
0,tcp,private,REJ,0,0,0,0,0,0,0,0,0,0,0,0,0,0,0,0,0,0,232,13,0.0,0.0,1.0,1.0,0.06,0.07,0.0,255,13,0.05,0.08,0.0,0.0,0.0,0.0,1.0,1.0,neptune,DoS
0,tcp,private,S0,0,0,0,0,0,0,0,0,0,0,0,0,0,0,0,0,0,0,180,19,1.0,1.0,0.0,0.0,0.11,0.06,0.0,255,19,0.07,0.05,0.0,0.0,1.0,1.0,0.0,0.0,neptune,DoS
0,icmp,ecr_i,SF,1032,0,0,0,0,0,0,0,0,0,0,0,0,0,0,0,0,0,62,62,0.0,0.0,0.0,0.0,1.0,0.0,0.0,255,255,1.0,0.0,1.0,0.0,0.0,0.0,0.0,0.0,smurf,DoS
0,udp,private,SF,54,56,0,0,0,0,0,0,0,0,0,0,0,0,0,0,0,0,511,511,0.0,0.0,0.0,0.0,1.0,0.0,0.0,255,255,1.0,0.0,0.98,0.0,0.0,0.0,0.0,0.0,normal,Normal
0,tcp,imap4,REJ,0,0,0,0,0,0,0,0,0,0,0,0,0,0,0,0,0,0,228,4,0.0,0.0,1.0,1.0,0.02,0.06,0.0,255,4,0.02,0.06,0.0,0.0,0.0,0.0,1.0,1.0,neptune,DoS
0,tcp,http,SF,305,2073,0,0,0,0,0,1,0,0,0,0,0,0,0,0,0,0,32,32,0.0,0.0,0.0,0.0,1.0,0.0,0.0,255,255,1.0,0.0,0.0,0.0,0.0,0.0,0.0,0.0,normal,Normal
0,tcp,smtp,SF,2586,332,0,0,0,0,0,1,0,0,0,0,0,0,0,0,0,0,1,3,0.0,0.0,0.0,0.0,1.0,0.0,1.0,79,59,0.75,0.09,0.03,0.0,0.0,0.0,0.0,0.0,normal,Normal
0,tcp,http,SF,212,8422,0,0,0,0,0,1,0,0,0,0,0,0,0,0,0,0,20,21,0.0,0.0,0.0,0.0,1.0,0.0,0.1,255,255,1.0,0.0,0.0,0.0,0.0,0.0,0.0,0.0,normal,Normal
0,udp,private,SF,45,0,0,0,0,0,0,0,0,0,0,0,0,0,0,0,0,0,3,3,0.0,0.0,0.0,0.0,1.0,0.0,0.0,255,254,1.0,0.01,0.01,0.0,0.0,0.0,0.0,0.0,snmpguess,R2L
0,tcp,iso_tsap,S0,0,0,0,0,0,0,0,0,0,0,0,0,0,0,0,0,0,0,150,7,1.0,1.0,0.0,0.0,0.05,0.09,0.0,255,7,0.03,0.09,0.0,0.0,1.0,1.0,0.0,0.0,neptune,DoS
0,tcp,http,SF,308,375,0,0,0,0,0,1,0,0,0,0,0,0,0,0,0,0,9,12,0.0,0.0,0.0,0.0,1.0,0.0,0.17,255,255,1.0,0.0,0.0,0.0,0.0,0.0,0.0,0.0,normal,Normal
0,tcp,http,SF,234,1016,0,0,0,0,0,1,0,0,0,0,0,0,0,0,0,0,18,22,0.0,0.0,0.0,0.0,1.0,0.0,0.18,255,255,1.0,0.0,0.0,0.0,0.0,0.0,0.0,0.0,normal,Normal
0,tcp,http,SF,222,17437,0,0,0,0,0,1,0,0,0,0,0,0,0,0,0,0,20,20,0.0,0.0,0.0,0.0,1.0,0.0,0.0,44,217,1.0,0.0,0.02,0.08,0.0,0.0,0.0,0.0,normal,Normal
4,tcp,pop_3,SF,30,93,0,0,0,0,0,1,0,0,0,0,0,0,0,0,0,0,1,1,0.0,0.0,0.0,0.0,1.0,0.0,0.0,255,222,0.87,0.04,0.0,0.0,0.0,0.0,0.0,0.0,guess_passwd,R2L
0,tcp,telnet,RSTO,0,0,0,0,0,0,0,0,0,0,0,0,0,0,0,0,0,0,245,18,0.01,0.0,0.99,1.0,0.07,0.06,0.0,255,18,0.07,0.07,0.0,0.0,0.01,0.0,0.99,1.0,neptune,DoS
0,udp,private,SF,54,54,0,0,0,0,0,0,0,0,0,0,0,0,0,0,0,0,511,511,0.0,0.0,0.0,0.0,1.0,0.0,0.0,255,255,1.0,0.0,1.0,0.0,0.0,0.0,0.0,0.0,normal,Normal
0,tcp,http,SF,361,1234,0,0,0,0,0,1,0,0,0,0,0,0,0,0,0,0,24,24,0.0,0.0,0.0,0.0,1.0,0.0,0.0,255,255,1.0,0.0,0.0,0.0,0.0,0.0,0.0,0.0,normal,Normal
0,udp,private,SF,47,0,0,0,0,0,0,0,0,0,0,0,0,0,0,0,0,0,2,2,0.0,0.0,0.0,0.0,1.0,0.0,0.0,255,254,1.0,0.01,0.01,0.0,0.0,0.0,0.0,0.0,snmpguess,R2L
0,udp,private,SF,105,146,0,0,0,0,0,0,0,0,0,0,0,0,0,0,0,0,1,1,0.0,0.0,0.0,0.0,1.0,0.0,0.0,249,248,1.0,0.01,0.0,0.0,0.0,0.0,0.0,0.0,snmpgetattack,R2L
0,tcp,telnet,SF,122,174,0,0,0,0,1,0,0,0,0,0,0,0,0,0,0,0,1,1,0.0,0.0,0.0,0.0,1.0,0.0,0.0,255,253,0.99,0.01,0.0,0.0,0.0,0.0,0.02,0.02,guess_passwd,R2L
281,tcp,ftp,SF,158,593,0,0,0,2,0,1,0,0,0,0,0,0,0,0,0,1,1,1,0.0,0.0,0.0,0.0,1.0,0.0,0.0,255,95,0.37,0.03,0.0,0.0,0.0,0.0,0.0,0.0,warezmaster,R2L
0,tcp,ssh,REJ,0,0,0,0,0,0,0,0,0,0,0,0,0,0,0,0,0,0,230,18,0.0,0.0,1.0,1.0,0.08,0.06,0.0,255,18,0.07,0.07,0.0,0.0,0.0,0.0,1.0,1.0,neptune,DoS
0,tcp,http,SF,289,292,0,0,0,0,0,1,0,0,0,0,0,0,0,0,0,0,7,13,0.0,0.0,0.0,0.0,1.0,0.0,0.31,11,255,1.0,0.0,0.09,0.01,0.0,0.0,0.0,0.0,normal,Normal
0,tcp,private,REJ,0,0,0,0,0,0,0,0,0,0,0,0,0,0,0,0,0,0,35,1,0.06,0.0,0.94,1.0,0.03,1.0,0.0,255,1,0.0,0.09,0.0,0.0,0.02,0.0,0.07,1.0,saint,Probe
126,tcp,ftp,SF,644,1876,0,0,0,11,3,1,0,0,0,0,0,0,0,0,0,0,1,1,0.0,0.0,0.0,0.0,1.0,0.0,0.0,9,3,0.33,0.22,0.11,0.0,0.0,0.0,0.0,0.0,normal,Normal
0,tcp,private,REJ,0,0,0,0,0,0,0,0,0,0,0,0,0,0,0,0,0,0,236,5,0.0,0.0,1.0,1.0,0.02,0.06,0.0,255,5,0.02,0.07,0.0,0.0,0.0,0.0,1.0,1.0,neptune,DoS
0,icmp,ecr_i,SF,1480,0,0,1,0,0,0,0,0,0,0,0,0,0,0,0,0,0,1,3,0.0,0.0,0.0,0.0,1.0,0.0,0.67,1,29,1.0,0.0,1.0,0.52,0.0,0.0,0.0,0.0,pod,DoS
0,tcp,private,S0,0,0,0,0,0,0,0,0,0,0,0,0,0,0,0,0,0,0,230,7,1.0,1.0,0.0,0.0,0.03,0.07,0.0,255,7,0.03,0.08,0.0,0.0,1.0,1.0,0.0,0.0,neptune,DoS
0,tcp,pop_3,SF,66,2809,0,0,0,0,0,1,0,0,0,0,0,0,0,0,0,0,1,1,0.0,0.0,0.0,0.0,1.0,0.0,0.0,194,7,0.02,0.04,0.01,0.29,0.0,0.0,0.09,0.0,normal,Normal
0,tcp,ftp_data,SF,12,0,0,0,0,0,0,0,0,0,0,0,0,0,0,0,0,0,1,1,0.0,0.0,0.0,0.0,1.0,0.0,0.0,1,19,1.0,0.0,1.0,0.16,0.0,0.0,0.0,0.0,warezmaster,R2L
0,udp,private,SF,105,146,0,0,0,0,0,0,0,0,0,0,0,0,0,0,0,0,2,2,0.0,0.0,0.0,0.0,1.0,0.0,0.0,128,128,1.0,0.0,0.01,0.0,0.0,0.0,0.0,0.0,normal,Normal
0,tcp,pop_3,REJ,0,0,0,0,0,0,0,0,0,0,0,0,0,0,0,0,0,0,2,8,0.0,0.0,0.5,1.0,0.5,1.0,1.0,122,64,0.25,0.02,0.01,0.03,0.0,0.0,0.84,1.0,mscan,Probe
0,udp,private,SF,55,53,0,0,0,0,0,0,0,0,0,0,0,0,0,0,0,0,325,325,0.0,0.0,0.0,0.0,1.0,0.0,0.0,255,255,1.0,0.0,0.86,0.0,0.0,0.0,0.0,0.0,normal,Normal
0,udp,domain_u,SF,45,114,0,0,0,0,0,0,0,0,0,0,0,0,0,0,0,0,1,2,0.0,0.0,0.0,0.0,1.0,0.0,1.0,230,226,0.98,0.01,0.0,0.0,0.0,0.0,0.0,0.0,normal,Normal
1,tcp,smtp,SF,2599,261,0,0,0,0,0,1,0,0,0,0,0,0,0,0,0,0,2,2,0.0,0.0,0.0,0.0,1.0,0.0,0.0,255,244,0.96,0.04,0.0,0.0,0.0,0.0,0.04,0.0,mailbomb,DoS
0,udp,domain_u,SF,36,0,0,0,0,0,0,0,0,0,0,0,0,0,0,0,0,0,10,23,0.0,0.0,0.0,0.0,1.0,0.0,0.09,36,101,1.0,0.0,1.0,0.02,0.0,0.0,0.0,0.0,normal,Normal
0,udp,domain_u,SF,44,113,0,0,0,0,0,0,0,0,0,0,0,0,0,0,0,0,1,3,0.0,0.0,0.0,0.0,1.0,0.0,0.67,255,251,0.98,0.01,0.0,0.0,0.0,0.0,0.0,0.0,normal,Normal
0,tcp,http,SF,296,667,0,0,0,0,0,1,0,0,0,0,0,0,0,0,0,0,11,16,0.0,0.0,0.0,0.0,1.0,0.0,0.12,102,255,1.0,0.0,0.01,0.02,0.0,0.0,0.0,0.0,normal,Normal
0,tcp,nntp,RSTO,0,0,0,0,0,0,0,0,0,0,0,0,0,0,0,0,0,0,258,14,0.0,0.0,1.0,1.0,0.05,0.06,0.0,255,14,0.05,0.07,0.0,0.0,0.0,0.0,0.99,1.0,neptune,DoS
0,tcp,http,SF,308,12954,0,0,0,0,0,1,0,0,0,0,0,0,0,0,0,0,24,24,0.0,0.0,0.0,0.0,1.0,0.0,0.0,255,255,1.0,0.0,0.0,0.0,0.0,0.0,0.0,0.0,normal,Normal
32,tcp,ftp,SF,1534,4152,0,0,0,30,0,1,0,0,0,0,0,0,0,0,0,1,1,1,0.0,0.0,0.0,0.0,1.0,0.0,0.0,72,17,0.24,0.04,0.01,0.0,0.0,0.0,0.0,0.0,normal,Normal
0,tcp,telnet,SF,123,174,0,0,0,0,1,0,0,0,0,0,0,0,0,0,0,0,1,1,0.0,0.0,0.0,0.0,1.0,0.0,0.0,255,140,0.55,0.02,0.0,0.0,0.0,0.0,0.02,0.03,guess_passwd,R2L
1,tcp,smtp,SF,2599,293,0,0,0,0,0,1,0,0,0,0,0,0,0,0,0,0,3,3,0.0,0.0,0.0,0.0,1.0,0.0,0.0,255,20,0.08,0.16,0.0,0.0,0.0,0.0,0.9,0.0,mailbomb,DoS
796,tcp,http,RSTR,57964,0,0,0,0,0,0,1,0,0,0,0,0,0,0,0,0,0,72,72,0.03,0.03,0.97,0.97,1.0,0.0,0.0,255,253,0.99,0.01,0.0,0.0,0.01,0.01,0.35,0.35,apache2,DoS
0,tcp,http,SF,337,16255,0,0,0,0,0,1,0,0,0,0,0,0,0,0,0,0,1,1,0.0,0.0,0.0,0.0,1.0,0.0,0.0,3,255,1.0,0.0,0.33,0.04,0.0,0.0,0.0,0.0,normal,Normal
0,tcp,http,SF,261,4868,0,0,0,0,0,1,0,0,0,0,0,0,0,0,0,0,1,13,0.0,0.0,0.0,0.0,1.0,0.0,0.15,194,155,0.8,0.03,0.01,0.0,0.0,0.0,0.01,0.0,normal,Normal
0,udp,private,SF,52,53,0,0,0,0,0,0,0,0,0,0,0,0,0,0,0,0,507,507,0.0,0.0,0.0,0.0,1.0,0.0,0.0,255,255,1.0,0.0,0.83,0.0,0.0,0.0,0.0,0.0,normal,Normal
0,udp,private,SF,41,0,0,0,0,0,0,0,0,0,0,0,0,0,0,0,0,0,1,1,0.0,0.0,0.0,0.0,1.0,0.0,0.0,255,254,1.0,0.01,0.01,0.0,0.0,0.0,0.0,0.0,snmpguess,R2L
10,tcp,pop_3,SF,30,93,0,0,0,0,0,1,0,0,0,0,0,0,0,0,0,0,1,1,0.0,0.0,0.0,0.0,1.0,0.0,0.0,255,248,0.97,0.01,0.0,0.0,0.0,0.0,0.0,0.0,guess_passwd,R2L
0,tcp,private,REJ,0,0,0,0,0,0,0,0,0,0,0,0,0,0,0,0,0,0,127,9,0.0,0.0,1.0,1.0,0.07,0.07,0.0,255,9,0.04,0.06,0.0,0.0,0.0,0.0,1.0,1.0,neptune,DoS
0,tcp,http,SF,249,2965,0,0,0,0,0,1,0,0,0,0,0,0,0,0,0,0,5,6,0.0,0.0,0.0,0.0,1.0,0.0,0.33,255,255,1.0,0.0,0.0,0.0,0.0,0.0,0.0,0.0,normal,Normal
4,tcp,pop_3,SF,32,93,0,0,0,0,0,1,0,0,0,0,0,0,0,0,0,0,1,1,0.0,0.0,0.0,0.0,1.0,0.0,0.0,218,199,0.91,0.01,0.0,0.0,0.0,0.0,0.05,0.0,guess_passwd,R2L
0,tcp,http,S0,0,0,0,0,0,0,0,0,0,0,0,0,0,0,0,0,0,0,20,11,1.0,1.0,0.0,0.0,0.55,0.1,0.0,255,58,0.23,0.02,0.01,0.0,0.97,1.0,0.0,0.0,neptune,DoS
7222,tcp,telnet,SF,0,44,0,0,0,0,0,0,0,0,0,0,0,0,0,0,0,0,1,1,0.0,0.0,0.0,0.0,1.0,0.0,0.0,255,228,0.89,0.11,0.0,0.0,0.49,0.55,0.11,0.01,processtable,DoS
0,tcp,Z39_50,REJ,0,0,0,0,0,0,0,0,0,0,0,0,0,0,0,0,0,0,245,12,0.0,0.0,1.0,1.0,0.05,0.07,0.0,255,12,0.05,0.08,0.0,0.0,0.0,0.0,1.0,1.0,neptune,DoS
0,udp,private,SF,105,145,0,0,0,0,0,0,0,0,0,0,0,0,0,0,0,0,3,3,0.0,0.0,0.0,0.0,1.0,0.0,0.0,255,255,1.0,0.0,0.02,0.0,0.0,0.0,0.0,0.0,normal,Normal
0,tcp,http,SF,236,7133,0,0,0,0,0,1,0,0,0,0,0,0,0,0,0,0,1,2,0.0,0.0,0.0,0.0,1.0,0.0,1.0,2,255,1.0,0.0,0.5,0.07,0.0,0.0,0.0,0.0,normal,Normal
0,tcp,telnet,SF,122,174,0,0,0,0,1,0,0,0,0,0,0,0,0,0,0,0,1,1,0.0,0.0,0.0,0.0,1.0,0.0,0.0,255,179,0.7,0.02,0.0,0.0,0.0,0.0,0.02,0.03,guess_passwd,R2L
0,tcp,smtp,SF,1481,329,0,0,0,0,0,1,0,0,0,0,0,0,0,0,0,0,1,1,0.0,0.0,0.0,0.0,1.0,0.0,0.0,18,163,0.94,0.11,0.06,0.01,0.0,0.0,0.0,0.0,normal,Normal
5,tcp,pop_3,SF,28,93,0,0,0,0,0,1,0,0,0,0,0,0,0,0,0,0,1,1,0.0,0.0,0.0,0.0,1.0,0.0,0.0,4,7,1.0,0.0,0.25,0.43,0.0,0.0,0.0,0.0,guess_passwd,R2L
0,udp,domain_u,SF,44,69,0,0,0,0,0,0,0,0,0,0,0,0,0,0,0,0,228,227,0.0,0.0,0.0,0.0,1.0,0.01,0.0,255,254,1.0,0.01,0.01,0.0,0.0,0.0,0.0,0.0,normal,Normal
0,udp,private,SF,105,146,0,0,0,0,0,0,0,0,0,0,0,0,0,0,0,0,1,1,0.0,0.0,0.0,0.0,1.0,0.0,0.0,255,252,0.99,0.01,0.01,0.0,0.0,0.0,0.0,0.0,snmpgetattack,R2L
0,tcp,http,SF,232,1149,0,0,0,0,0,1,0,0,0,0,0,0,0,0,0,0,12,12,0.0,0.0,0.0,0.0,1.0,0.0,0.0,12,233,1.0,0.0,0.08,0.04,0.0,0.0,0.0,0.0,normal,Normal
0,tcp,imap4,REJ,0,0,0,0,0,0,0,0,0,0,0,0,0,0,0,0,0,0,2,14,0.0,0.0,1.0,0.93,0.5,1.0,1.0,255,19,0.07,0.03,0.0,0.0,0.0,0.0,0.24,0.79,mscan,Probe
0,tcp,http,SF,294,2440,0,0,0,0,0,1,0,0,0,0,0,0,0,0,0,0,11,11,0.0,0.0,0.0,0.0,1.0,0.0,0.0,42,255,1.0,0.0,0.02,0.02,0.0,0.0,0.0,0.0,normal,Normal
0,tcp,http,SF,326,128,0,0,0,0,0,1,0,0,0,0,0,0,0,0,0,0,1,44,0.0,0.0,0.0,0.0,1.0,0.0,0.07,52,255,1.0,0.0,0.02,0.02,0.0,0.0,0.0,0.0,normal,Normal
0,tcp,kshell,REJ,0,0,0,0,0,0,0,0,0,0,0,0,0,0,0,0,0,0,104,4,0.0,0.0,1.0,1.0,0.04,0.06,0.0,255,4,0.02,0.06,0.0,0.0,0.0,0.0,1.0,1.0,neptune,DoS
1,tcp,smtp,SF,2054,328,0,0,0,0,0,1,0,0,0,0,0,0,0,0,0,0,1,3,0.0,0.0,0.0,0.0,1.0,0.0,1.0,237,156,0.59,0.02,0.0,0.01,0.0,0.0,0.01,0.01,normal,Normal
3,tcp,pop_3,SF,28,93,0,0,0,0,0,1,0,0,0,0,0,0,0,0,0,0,1,1,0.0,0.0,0.0,0.0,1.0,0.0,0.0,255,211,0.83,0.02,0.0,0.0,0.0,0.0,0.04,0.0,guess_passwd,R2L
8224,tcp,telnet,SF,0,15,0,0,0,0,0,0,0,0,0,0,0,0,0,0,0,0,1,1,0.0,0.0,0.0,0.0,1.0,0.0,0.0,255,34,0.13,0.04,0.0,0.0,0.0,0.03,0.08,0.29,processtable,DoS
0,tcp,http,SF,54540,8314,0,0,0,2,0,1,1,0,0,0,0,0,0,0,0,0,4,10,0.25,0.1,0.0,0.0,1.0,0.0,0.2,255,254,1.0,0.01,0.0,0.0,0.0,0.0,0.01,0.01,back,DoS
0,udp,private,SF,54,0,0,0,0,0,0,0,0,0,0,0,0,0,0,0,0,0,3,3,0.0,0.0,0.0,0.0,1.0,0.0,0.0,255,255,1.0,0.0,0.02,0.0,0.0,0.0,0.0,0.0,snmpguess,R2L
0,tcp,http,SF,229,1075,0,0,0,0,0,1,0,0,0,0,0,0,0,0,0,0,3,3,0.0,0.0,0.0,0.0,1.0,0.0,0.0,255,234,0.92,0.02,0.0,0.0,0.0,0.0,0.0,0.0,normal,Normal
0,tcp,pop_3,RSTO,0,36,0,0,0,0,0,1,0,0,0,0,0,0,0,0,0,0,3,2,0.0,0.0,1.0,0.5,0.33,1.0,1.0,255,16,0.06,0.02,0.0,0.0,0.0,0.0,0.24,1.0,mscan,Probe
4,tcp,pop_3,SF,32,93,0,0,0,0,0,1,0,0,0,0,0,0,0,0,0,0,1,1,0.0,0.0,0.0,0.0,1.0,0.0,0.0,150,132,0.87,0.02,0.01,0.02,0.0,0.0,0.07,0.0,guess_passwd,R2L
0,tcp,private,S0,0,0,0,0,0,0,0,0,0,0,0,0,0,0,0,0,0,0,262,18,1.0,1.0,0.0,0.0,0.07,0.06,0.0,255,18,0.07,0.07,0.0,0.0,1.0,1.0,0.0,0.0,neptune,DoS
0,tcp,private,S0,0,0,0,0,0,0,0,0,0,0,0,0,0,0,0,0,0,0,232,15,1.0,1.0,0.0,0.0,0.06,0.07,0.0,255,15,0.06,0.08,0.0,0.0,1.0,1.0,0.0,0.0,neptune,DoS
0,tcp,ftp_data,SF,1698,0,0,0,0,0,0,0,0,0,0,0,0,0,0,0,0,0,2,2,0.0,0.0,0.0,0.0,1.0,0.0,0.0,191,9,0.05,0.03,0.05,0.0,0.01,0.0,0.01,0.0,normal,Normal
0,udp,private,SF,53,51,0,0,0,0,0,0,0,0,0,0,0,0,0,0,0,0,505,505,0.0,0.0,0.0,0.0,1.0,0.0,0.0,255,255,1.0,0.0,0.93,0.0,0.0,0.0,0.0,0.0,normal,Normal
0,tcp,pop_3,S0,0,0,0,0,0,0,0,0,0,0,0,0,0,0,0,0,0,0,1,1,1.0,1.0,0.0,0.0,1.0,0.0,0.0,96,85,0.33,0.03,0.01,0.02,1.0,1.0,0.0,0.0,mscan,Probe
0,tcp,other,REJ,0,0,0,0,0,0,0,0,0,0,0,0,0,0,0,0,0,0,511,1,0.04,0.0,0.96,1.0,0.0,1.0,0.0,255,1,0.0,1.0,0.0,0.0,0.0,0.0,1.0,1.0,satan,Probe
1,tcp,pop_3,RSTO,0,36,0,0,0,0,0,1,0,0,0,0,0,0,0,0,0,0,3,6,0.0,0.0,1.0,1.0,0.33,1.0,1.0,255,25,0.1,0.03,0.0,0.0,0.0,0.0,0.33,0.96,mscan,Probe
8097,tcp,telnet,S3,1,15,0,0,0,0,0,0,0,0,0,0,0,0,0,0,0,0,1,1,1.0,1.0,0.0,0.0,1.0,0.0,0.0,255,37,0.15,0.75,0.0,0.0,0.05,0.32,0.74,0.0,processtable,DoS
899,tcp,http,RSTR,61504,0,0,0,0,0,0,1,0,0,0,0,0,0,0,0,0,0,32,32,0.0,0.0,1.0,1.0,1.0,0.0,0.0,255,255,1.0,0.0,0.0,0.0,0.0,0.0,0.57,0.57,apache2,DoS
0,tcp,private,REJ,0,0,0,0,0,0,0,0,0,0,0,0,0,0,0,0,0,0,99,11,0.0,0.0,1.0,1.0,0.11,0.06,0.0,255,11,0.04,0.06,0.0,0.0,0.0,0.0,1.0,1.0,neptune,DoS
0,tcp,http,SF,336,1304,0,0,0,0,0,1,0,0,0,0,0,0,0,0,0,0,4,24,0.0,0.83,0.0,0.0,1.0,0.0,0.08,255,255,1.0,0.0,0.0,0.0,0.0,0.0,0.0,0.0,normal,Normal
2077,tcp,http,RSTR,72564,0,0,0,0,0,0,1,0,0,0,0,0,0,0,0,0,0,9,9,0.0,0.0,1.0,1.0,1.0,0.0,0.0,255,232,0.91,0.02,0.0,0.0,0.0,0.0,0.1,0.11,apache2,DoS
300,tcp,other,SF,244,620,0,0,0,0,0,0,0,0,0,0,0,0,0,0,0,0,3,1,0.0,0.0,0.0,0.0,0.33,0.67,0.0,255,13,0.05,0.01,0.0,0.0,0.0,0.0,0.03,0.62,httptunnel,R2L
0,udp,domain_u,SF,42,0,0,0,0,0,0,0,0,0,0,0,0,0,0,0,0,0,1,21,0.0,0.0,0.0,0.0,1.0,0.0,0.14,27,233,0.52,0.07,0.52,0.01,0.04,0.0,0.37,0.0,normal,Normal
0,tcp,http,SF,331,242,0,0,0,0,0,1,0,0,0,0,0,0,0,0,0,0,2,4,0.0,0.0,0.0,0.0,1.0,0.0,0.5,73,255,1.0,0.0,0.01,0.02,0.0,0.0,0.0,0.0,normal,Normal
0,tcp,telnet,REJ,0,0,0,0,0,0,0,0,0,0,0,0,0,0,0,0,0,0,1,8,0.0,0.0,1.0,0.88,1.0,0.0,0.88,96,84,0.33,0.05,0.01,0.02,0.0,0.0,0.89,0.69,mscan,Probe
1,tcp,smtp,SF,2599,293,0,0,0,0,0,1,0,0,0,0,0,0,0,0,0,0,3,3,0.0,0.0,0.0,0.0,1.0,0.0,0.0,255,7,0.03,0.16,0.0,0.0,0.0,0.0,0.95,0.0,mailbomb,DoS
0,tcp,http,S0,0,0,0,0,0,0,0,0,0,0,0,0,0,0,0,0,0,0,104,104,1.0,1.0,0.0,0.0,1.0,0.0,0.0,255,255,1.0,0.0,0.0,0.0,0.54,0.54,0.44,0.44,apache2,DoS
0,tcp,http,SF,344,6055,0,0,0,0,0,1,0,0,0,0,0,0,0,0,0,0,2,2,0.0,0.0,0.0,0.0,1.0,0.0,0.0,16,255,1.0,0.0,0.06,0.03,0.0,0.0,0.0,0.0,normal,Normal
0,tcp,http,SF,324,276,0,0,0,0,0,1,0,0,0,0,0,0,0,0,0,0,3,3,0.0,0.0,0.0,0.0,1.0,0.0,0.0,255,236,0.93,0.02,0.0,0.0,0.0,0.0,0.0,0.0,normal,Normal
282,tcp,ftp,SF,158,595,0,0,0,2,0,1,0,0,0,0,0,0,0,0,0,1,1,1,0.0,0.0,0.0,0.0,1.0,0.0,0.0,255,102,0.4,0.03,0.0,0.0,0.02,0.0,0.01,0.0,warezmaster,R2L
0,tcp,netbios_ssn,REJ,0,0,0,0,0,0,0,0,0,0,0,0,0,0,0,0,0,0,216,8,0.0,0.0,1.0,1.0,0.04,0.06,0.0,255,8,0.03,0.07,0.0,0.0,0.0,0.0,1.0,1.0,neptune,DoS
4,tcp,pop_3,SF,27,93,0,0,0,0,0,1,0,0,0,0,0,0,0,0,0,0,1,1,0.0,0.0,0.0,0.0,1.0,0.0,0.0,255,212,0.83,0.02,0.0,0.0,0.0,0.0,0.04,0.0,guess_passwd,R2L
0,tcp,whois,S0,0,0,0,0,0,0,0,0,0,0,0,0,0,0,0,0,0,0,167,13,1.0,1.0,0.0,0.0,0.08,0.09,0.0,255,13,0.05,0.09,0.0,0.0,1.0,1.0,0.0,0.0,neptune,DoS
0,tcp,http,SF,302,2507,0,0,0,0,0,1,0,0,0,0,0,0,0,0,0,0,5,5,0.0,0.0,0.0,0.0,1.0,0.0,0.0,74,73,0.99,0.03,0.01,0.0,0.0,0.0,0.03,0.03,normal,Normal
1,tcp,telnet,RSTO,0,15,0,0,0,0,0,0,0,0,0,0,0,0,0,0,0,0,1,3,0.0,0.0,1.0,0.67,1.0,0.0,0.67,142,88,0.3,0.04,0.01,0.02,0.01,0.0,0.91,0.66,mscan,Probe
0,udp,private,SF,46,0,0,0,0,0,0,0,0,0,0,0,0,0,0,0,0,0,4,4,0.0,0.0,0.0,0.0,1.0,0.0,0.0,255,255,1.0,0.0,0.0,0.0,0.0,0.0,0.0,0.0,snmpguess,R2L
281,tcp,ftp,SF,164,599,0,0,0,2,0,1,0,0,0,0,0,0,0,0,0,1,1,1,0.0,0.0,0.0,0.0,1.0,0.0,0.0,210,69,0.33,0.03,0.0,0.0,0.0,0.0,0.0,0.0,warezmaster,R2L
0,tcp,http,SF,286,1529,0,0,0,0,0,1,0,0,0,0,0,0,0,0,0,0,5,5,0.0,0.0,0.0,0.0,1.0,0.0,0.0,5,255,1.0,0.0,0.2,0.03,0.0,0.0,0.0,0.0,normal,Normal
0,tcp,ftp_data,SF,12,0,0,0,0,0,0,0,0,0,0,0,0,0,0,0,0,0,1,1,0.0,0.0,0.0,0.0,1.0,0.0,0.0,1,11,1.0,0.0,1.0,0.18,0.0,0.0,0.0,0.0,warezmaster,R2L
0,udp,domain_u,SF,42,42,0,0,0,0,0,0,0,0,0,0,0,0,0,0,0,0,7,11,0.0,0.0,0.0,0.0,1.0,0.0,0.18,202,201,1.0,0.01,0.0,0.0,0.0,0.0,0.0,0.0,normal,Normal
0,tcp,other,S0,0,0,0,0,0,0,0,0,0,0,0,0,0,0,0,0,0,0,436,1,0.04,1.0,0.96,0.0,0.0,1.0,0.0,255,1,0.0,1.0,0.0,0.0,0.05,1.0,0.95,0.0,saint,Probe
0,tcp,http,SF,231,4665,0,0,0,0,0,1,0,0,0,0,0,0,0,0,0,0,13,13,0.0,0.0,0.0,0.0,1.0,0.0,0.0,13,255,1.0,0.0,0.08,0.07,0.0,0.0,0.0,0.0,normal,Normal
0,udp,private,SF,28,0,0,3,0,0,0,0,0,0,0,0,0,0,0,0,0,0,80,80,0.0,0.0,0.0,0.0,1.0,0.0,0.0,255,80,0.31,0.02,0.31,0.0,0.0,0.0,0.0,0.0,normal,Normal
0,udp,private,SF,52,49,0,0,0,0,0,0,0,0,0,0,0,0,0,0,0,0,511,511,0.0,0.0,0.0,0.0,1.0,0.0,0.0,255,255,1.0,0.0,1.0,0.0,0.0,0.0,0.0,0.0,normal,Normal
0,tcp,http,SF,207,897,0,0,0,0,0,1,0,0,0,0,0,0,0,0,0,0,10,10,0.0,0.0,0.0,0.0,1.0,0.0,0.0,255,255,1.0,0.0,0.0,0.0,0.0,0.0,0.0,0.0,normal,Normal
0,tcp,telnet,SF,123,174,0,0,0,0,1,0,0,0,0,0,0,0,0,0,0,0,1,1,0.0,0.0,0.0,0.0,1.0,0.0,0.0,255,255,1.0,0.0,0.0,0.0,0.01,0.01,0.02,0.02,guess_passwd,R2L
0,tcp,http,SF,305,1228,0,0,0,0,0,1,0,0,0,0,0,0,0,0,0,0,1,1,0.0,0.0,0.0,0.0,1.0,0.0,0.0,115,255,1.0,0.0,0.01,0.01,0.0,0.0,0.0,0.0,normal,Normal
898,tcp,http,RSTR,57964,0,0,0,0,0,0,1,0,0,0,0,0,0,0,0,0,0,21,21,0.0,0.0,1.0,1.0,1.0,0.0,0.0,255,255,1.0,0.0,0.0,0.0,0.0,0.0,0.49,0.49,apache2,DoS
0,tcp,private,REJ,0,0,0,0,0,0,0,0,0,0,0,0,0,0,0,0,0,0,165,5,0.0,0.0,1.0,1.0,0.03,0.07,0.0,255,5,0.02,0.07,0.0,0.0,0.0,0.0,1.0,1.0,neptune,DoS
0,udp,domain_u,SF,44,135,0,0,0,0,0,0,0,0,0,0,0,0,0,0,0,0,133,213,0.0,0.0,0.0,0.0,1.0,0.0,0.01,255,254,1.0,0.01,0.0,0.0,0.0,0.0,0.0,0.0,normal,Normal
7212,tcp,telnet,SF,0,44,0,0,0,0,0,0,0,0,0,0,0,0,0,0,0,0,1,1,0.0,0.0,0.0,0.0,1.0,0.0,0.0,255,228,0.89,0.11,0.0,0.0,0.48,0.54,0.11,0.01,processtable,DoS
0,tcp,http_443,REJ,0,0,0,0,0,0,0,0,0,0,0,0,0,0,0,0,0,0,142,20,0.0,0.0,1.0,1.0,0.14,0.06,0.0,255,20,0.08,0.05,0.0,0.0,0.0,0.0,1.0,1.0,neptune,DoS
0,tcp,http,SF,324,2456,0,0,0,0,0,1,0,0,0,0,0,0,0,0,0,0,5,6,0.0,0.0,0.0,0.0,1.0,0.0,0.33,46,255,1.0,0.0,0.02,0.04,0.0,0.0,0.0,0.0,normal,Normal
0,tcp,telnet,S3,0,44,0,0,0,0,0,0,0,0,0,0,0,0,0,0,0,0,1,1,1.0,1.0,0.0,0.0,1.0,0.0,0.0,255,82,0.32,0.03,0.0,0.0,0.01,0.04,0.11,0.16,processtable,DoS
0,tcp,http,SF,313,383,0,0,0,0,0,1,0,0,0,0,0,0,0,0,0,0,10,15,0.0,0.0,0.0,0.0,1.0,0.0,0.33,255,255,1.0,0.0,0.0,0.0,0.0,0.0,0.0,0.0,normal,Normal
0,tcp,http,SF,338,331,0,0,0,0,0,1,0,0,0,0,0,0,0,0,0,0,10,25,0.0,0.0,0.0,0.0,1.0,0.0,0.16,255,255,1.0,0.0,0.0,0.0,0.0,0.0,0.0,0.0,normal,Normal
0,tcp,http,SF,214,498,0,0,0,0,0,1,0,0,0,0,0,0,0,0,0,0,9,9,0.0,0.0,0.0,0.0,1.0,0.0,0.0,25,255,1.0,0.0,0.04,0.02,0.0,0.0,0.0,0.0,normal,Normal
0,tcp,http,SF,54540,8314,0,0,0,2,0,1,1,0,0,0,0,0,0,0,0,0,5,16,0.0,0.0,0.0,0.0,1.0,0.0,0.19,255,252,0.99,0.01,0.0,0.0,0.0,0.0,0.01,0.01,back,DoS
0,udp,private,SF,55,56,0,0,0,0,0,0,0,0,0,0,0,0,0,0,0,0,510,510,0.0,0.0,0.0,0.0,1.0,0.0,0.0,255,255,1.0,0.0,0.86,0.0,0.0,0.0,0.0,0.0,normal,Normal
0,tcp,private,REJ,0,0,0,0,0,0,0,0,0,0,0,0,0,0,0,0,0,0,115,1,0.15,0.0,0.84,1.0,0.01,1.0,0.0,255,1,0.0,0.4,0.0,0.0,0.07,0.0,0.32,1.0,saint,Probe
0,icmp,eco_i,SF,20,0,0,0,0,0,0,0,0,0,0,0,0,0,0,0,0,0,1,75,0.0,0.0,0.0,0.0,1.0,0.0,1.0,3,147,1.0,0.0,1.0,0.25,0.0,0.0,0.0,0.0,saint,Probe
0,icmp,ecr_i,SF,1032,0,0,0,0,0,0,0,0,0,0,0,0,0,0,0,0,0,475,475,0.0,0.0,0.0,0.0,1.0,0.0,0.0,255,255,1.0,0.0,1.0,0.0,0.0,0.0,0.0,0.0,smurf,DoS
0,tcp,http,SF,327,6356,0,0,0,0,0,1,0,0,0,0,0,0,0,0,0,0,15,18,0.0,0.0,0.0,0.0,1.0,0.0,0.11,255,255,1.0,0.0,0.0,0.0,0.0,0.0,0.0,0.0,normal,Normal
7418,tcp,telnet,SF,0,44,0,0,0,0,0,0,0,0,0,0,0,0,0,0,0,0,1,1,0.0,0.0,0.0,0.0,1.0,0.0,0.0,255,210,0.82,0.02,0.0,0.0,0.29,0.33,0.01,0.01,processtable,DoS
0,icmp,eco_i,SF,18,0,0,0,0,0,0,0,0,0,0,0,0,0,0,0,0,0,1,1,0.0,0.0,0.0,0.0,1.0,0.0,0.0,1,40,1.0,0.0,1.0,1.0,0.0,0.0,0.0,0.0,ipsweep,Probe
0,tcp,private,REJ,0,0,0,0,0,0,0,0,0,0,0,0,0,0,0,0,0,0,231,6,0.0,0.0,1.0,1.0,0.03,0.07,0.0,255,6,0.02,0.07,0.0,0.0,0.0,0.0,1.0,1.0,neptune,DoS
0,tcp,whois,REJ,0,0,0,0,0,0,0,0,0,0,0,0,0,0,0,0,0,0,105,8,0.0,0.0,1.0,1.0,0.08,0.08,0.0,255,8,0.03,0.06,0.0,0.0,0.0,0.0,1.0,1.0,neptune,DoS
0,tcp,http,SF,217,270,0,0,0,0,0,1,0,0,0,0,0,0,0,0,0,0,2,3,0.0,0.0,0.0,0.0,1.0,0.0,0.67,255,255,1.0,0.0,0.0,0.0,0.0,0.0,0.0,0.0,normal,Normal
0,tcp,http,SF,321,741,0,0,0,0,0,1,0,0,0,0,0,0,0,0,0,0,25,30,0.0,0.0,0.0,0.0,1.0,0.0,0.1,255,255,1.0,0.0,0.01,0.0,0.0,0.0,0.0,0.0,normal,Normal
0,tcp,other,S0,0,0,0,0,0,0,0,0,0,0,0,0,0,0,0,0,0,0,220,9,1.0,1.0,0.0,0.0,0.04,0.06,0.0,255,9,0.04,0.07,0.0,0.0,1.0,1.0,0.0,0.0,neptune,DoS
71,tcp,telnet,SF,184,14497,0,0,0,0,0,1,0,0,0,0,0,0,0,0,0,0,1,1,0.0,0.0,0.0,0.0,1.0,0.0,0.0,86,85,0.01,0.05,0.01,0.02,0.0,0.0,0.0,0.74,normal,Normal
0,udp,private,SF,1,1,0,0,0,0,0,0,0,0,0,0,0,0,0,0,0,0,113,1,0.0,0.0,0.0,0.0,0.01,0.65,0.0,255,1,0.0,0.86,1.0,0.0,0.0,0.0,0.0,0.0,satan,Probe
0,icmp,ecr_i,SF,1008,0,0,0,0,0,0,0,0,0,0,0,0,0,0,0,0,0,262,262,0.0,0.0,0.0,0.0,1.0,0.0,0.0,255,255,1.0,0.0,1.0,0.0,0.0,0.0,0.0,0.0,smurf,DoS
57715,tcp,X11,SF,39224,511712,0,0,0,0,0,0,0,0,0,0,0,0,0,0,0,0,1,1,0.0,0.0,0.0,0.0,1.0,0.0,0.0,1,1,1.0,0.0,1.0,0.0,0.0,0.0,0.0,0.0,named,R2L
0,tcp,http,SF,218,1751,0,0,0,0,0,1,0,0,0,0,0,0,0,0,0,0,15,23,0.0,0.0,0.0,0.0,1.0,0.0,0.13,15,245,1.0,0.0,0.07,0.11,0.0,0.0,0.0,0.0,normal,Normal
0,tcp,http,SF,232,1380,0,0,0,0,0,1,0,0,0,0,0,0,0,0,0,0,2,43,0.0,0.0,0.0,0.0,1.0,0.0,0.07,255,178,0.7,0.14,0.0,0.0,0.01,0.01,0.27,0.01,normal,Normal
0,tcp,ftp_data,SF,12,0,0,0,0,0,0,0,0,0,0,0,0,0,0,0,0,0,1,1,0.0,0.0,0.0,0.0,1.0,0.0,0.0,8,9,0.88,0.25,0.88,0.22,0.0,0.0,0.0,0.0,warezmaster,R2L
0,tcp,private,S0,0,0,0,0,0,0,0,0,0,0,0,0,0,0,0,0,0,0,140,16,1.0,1.0,0.0,0.0,0.11,0.06,0.0,255,16,0.06,0.06,0.0,0.0,1.0,1.0,0.0,0.0,neptune,DoS
0,udp,domain_u,SF,44,78,0,0,0,0,0,0,0,0,0,0,0,0,0,0,0,0,211,211,0.0,0.0,0.0,0.0,1.0,0.0,0.0,255,255,1.0,0.0,0.01,0.0,0.0,0.0,0.0,0.0,normal,Normal
0,udp,domain_u,SF,45,135,0,0,0,0,0,0,0,0,0,0,0,0,0,0,0,0,67,146,0.0,0.0,0.0,0.0,1.0,0.0,0.01,255,255,1.0,0.0,0.0,0.0,0.0,0.0,0.0,0.0,normal,Normal
0,tcp,private,SH,0,0,0,0,0,0,0,0,0,0,0,0,0,0,0,0,0,0,1,1,1.0,1.0,0.0,0.0,1.0,0.0,0.0,105,1,0.01,1.0,1.0,0.0,1.0,1.0,0.0,0.0,nmap,Probe
0,udp,private,SF,105,146,0,0,0,0,0,0,0,0,0,0,0,0,0,0,0,0,2,2,0.0,0.0,0.0,0.0,1.0,0.0,0.0,255,254,1.0,0.01,0.02,0.0,0.0,0.0,0.0,0.0,normal,Normal
0,udp,private,SF,53,54,0,0,0,0,0,0,0,0,0,0,0,0,0,0,0,0,511,511,0.0,0.0,0.0,0.0,1.0,0.0,0.0,255,255,1.0,0.0,0.83,0.0,0.0,0.0,0.0,0.0,normal,Normal
0,icmp,ecr_i,SF,40008,0,0,0,0,0,0,0,0,0,0,0,0,0,0,0,0,0,3,3,0.0,0.0,0.0,0.0,1.0,0.0,0.0,68,68,1.0,0.0,1.0,0.0,0.0,0.0,0.0,0.0,normal,Normal
0,tcp,http,SF,220,638,0,0,0,0,0,1,0,0,0,0,0,0,0,0,0,0,22,28,0.0,0.0,0.0,0.0,1.0,0.0,0.14,52,255,1.0,0.0,0.02,0.01,0.0,0.0,0.0,0.0,normal,Normal
0,tcp,http,SF,54540,8314,0,0,0,2,0,1,1,0,0,0,0,0,0,0,0,0,6,6,0.0,0.0,0.17,0.17,1.0,0.0,0.0,255,229,0.9,0.01,0.0,0.0,0.0,0.0,0.01,0.0,back,DoS
0,tcp,http,SF,54540,8314,0,0,0,2,0,1,1,0,0,0,0,0,0,0,0,0,4,20,0.0,0.0,0.0,0.0,1.0,0.0,0.15,255,255,1.0,0.0,0.0,0.0,0.0,0.0,0.07,0.07,back,DoS
1,tcp,smtp,SF,2599,293,0,0,0,0,0,1,0,0,0,0,0,0,0,0,0,0,2,2,0.0,0.0,0.0,0.0,1.0,0.0,0.0,255,202,0.79,0.13,0.0,0.0,0.0,0.0,0.2,0.0,mailbomb,DoS
0,icmp,ecr_i,SF,1032,0,0,0,0,0,0,0,0,0,0,0,0,0,0,0,0,0,136,136,0.0,0.0,0.0,0.0,1.0,0.0,0.0,255,130,0.51,0.46,0.51,0.0,0.1,0.0,0.39,0.0,smurf,DoS
8144,tcp,telnet,SF,0,15,0,0,0,0,0,0,0,0,0,0,0,0,0,0,0,0,1,1,0.0,0.0,0.0,0.0,1.0,0.0,0.0,255,77,0.3,0.02,0.0,0.0,0.7,0.62,0.01,0.03,processtable,DoS
0,tcp,private,REJ,0,0,0,0,0,0,0,0,0,0,0,0,0,0,0,0,0,0,218,5,0.0,0.0,1.0,1.0,0.02,0.07,0.0,255,5,0.02,0.08,0.0,0.0,0.0,0.0,1.0,1.0,neptune,DoS
0,tcp,http,SF,230,7834,0,0,0,0,0,1,0,0,0,0,0,0,0,0,0,0,7,7,0.0,0.0,0.0,0.0,1.0,0.0,0.0,19,255,1.0,0.0,0.05,0.03,0.0,0.0,0.0,0.0,normal,Normal
0,tcp,smtp,SF,1627,330,0,0,0,0,0,1,0,0,0,0,0,0,0,0,0,0,1,1,0.0,0.0,0.0,0.0,1.0,0.0,0.0,109,190,0.78,0.05,0.01,0.01,0.0,0.0,0.0,0.0,normal,Normal
0,tcp,private,REJ,0,0,0,0,0,0,0,0,0,0,0,0,0,0,0,0,0,0,267,3,0.0,0.0,1.0,1.0,0.01,0.06,0.0,255,3,0.01,0.06,0.0,0.0,0.0,0.0,1.0,1.0,neptune,DoS
0,tcp,http,SF,187,474,0,0,0,0,0,1,0,0,0,0,0,0,0,0,0,0,3,39,0.0,0.03,0.0,0.0,1.0,0.0,0.1,119,255,1.0,0.0,0.01,0.03,0.0,0.0,0.0,0.0,normal,Normal
0,tcp,other,S0,0,0,0,0,0,0,0,0,0,0,0,0,0,0,0,0,0,0,472,1,0.03,1.0,0.97,0.0,0.0,1.0,0.0,255,1,0.0,1.0,0.0,0.0,0.05,1.0,0.95,0.0,satan,Probe
281,tcp,ftp,SF,160,595,0,0,0,2,0,1,0,0,0,0,0,0,0,0,0,1,1,1,0.0,0.0,0.0,0.0,1.0,0.0,0.0,255,8,0.03,0.41,0.0,0.0,0.0,0.0,0.4,0.0,warezmaster,R2L
0,tcp,http,SF,214,5354,0,0,0,0,0,1,0,0,0,0,0,0,0,0,0,0,1,10,0.0,0.0,0.0,0.0,1.0,0.0,0.2,96,255,1.0,0.0,0.01,0.01,0.0,0.0,0.0,0.0,normal,Normal
0,tcp,private,REJ,0,0,0,0,0,0,0,0,0,0,0,0,0,0,0,0,0,0,257,1,0.0,0.0,1.0,1.0,0.0,0.06,0.0,255,1,0.0,0.06,0.0,0.0,0.0,0.0,1.0,1.0,neptune,DoS
282,tcp,ftp,SF,160,597,0,0,0,2,0,1,0,0,0,0,0,0,0,0,0,1,1,1,0.0,0.0,0.0,0.0,1.0,0.0,0.0,255,50,0.2,0.02,0.0,0.0,0.0,0.0,0.55,0.0,warezmaster,R2L
5,tcp,pop_3,SF,32,93,0,0,0,0,0,1,0,0,0,0,0,0,0,0,0,0,1,1,0.0,0.0,0.0,0.0,1.0,0.0,0.0,137,120,0.87,0.02,0.01,0.02,0.0,0.0,0.07,0.0,guess_passwd,R2L
9,tcp,telnet,SF,118,2380,0,0,0,0,0,1,0,0,0,0,0,0,0,0,0,0,1,1,0.0,0.0,0.0,0.0,1.0,0.0,0.0,32,14,0.44,0.09,0.03,0.0,0.0,0.0,0.12,0.29,guess_passwd,R2L
0,tcp,private,REJ,0,0,0,0,0,0,0,0,0,0,0,0,0,0,0,0,0,0,214,10,0.0,0.0,1.0,1.0,0.05,0.06,0.0,255,10,0.04,0.05,0.0,0.0,0.0,0.0,1.0,1.0,neptune,DoS
0,udp,domain_u,SF,42,42,0,0,0,0,0,0,0,0,0,0,0,0,0,0,0,0,15,20,0.0,0.0,0.0,0.0,1.0,0.0,0.1,255,255,1.0,0.0,0.0,0.0,0.0,0.0,0.0,0.0,normal,Normal
0,udp,private,SF,54,51,0,0,0,0,0,0,0,0,0,0,0,0,0,0,0,0,509,509,0.0,0.0,0.0,0.0,1.0,0.0,0.0,255,255,1.0,0.0,0.86,0.0,0.0,0.0,0.0,0.0,normal,Normal
96,tcp,http,SF,292,182,0,0,0,0,0,1,0,0,0,0,0,0,0,0,0,0,34,34,0.0,0.0,0.0,0.0,1.0,0.0,0.0,35,255,1.0,0.0,0.03,0.01,0.0,0.0,0.0,0.0,normal,Normal
0,tcp,http,SF,171,4539,0,0,0,0,0,1,0,0,0,0,0,0,0,0,0,0,1,1,0.0,0.0,0.0,0.0,1.0,0.0,0.0,185,185,1.0,0.0,0.01,0.0,0.0,0.0,0.0,0.0,normal,Normal
0,tcp,other,REJ,0,0,0,0,0,0,0,0,0,0,0,0,0,0,0,0,0,0,508,1,0.04,0.0,0.96,1.0,0.0,1.0,0.0,255,1,0.0,1.0,0.0,0.0,0.03,0.0,0.97,1.0,satan,Probe
0,icmp,ecr_i,SF,1008,0,0,0,0,0,0,0,0,0,0,0,0,0,0,0,0,0,441,441,0.0,0.0,0.0,0.0,1.0,0.0,0.0,255,255,1.0,0.0,1.0,0.0,0.0,0.0,0.0,0.0,smurf,DoS
0,tcp,http,SF,312,1410,0,0,0,0,0,1,0,0,0,0,0,0,0,0,0,0,6,7,0.0,0.0,0.0,0.0,1.0,0.0,0.29,255,255,1.0,0.0,0.0,0.0,0.0,0.0,0.0,0.0,normal,Normal
281,tcp,ftp,SF,156,595,0,0,0,2,0,1,0,0,0,0,0,0,0,0,0,1,1,1,0.0,0.0,0.0,0.0,1.0,0.0,0.0,73,29,0.4,0.23,0.01,0.0,0.0,0.0,0.07,0.0,warezmaster,R2L
0,tcp,private,REJ,0,0,0,0,0,0,0,0,0,0,0,0,0,0,0,0,0,0,126,10,0.0,0.0,1.0,1.0,0.08,0.06,0.0,255,10,0.04,0.05,0.0,0.0,0.0,0.0,1.0,1.0,neptune,DoS
0,tcp,telnet,S3,0,44,0,0,0,0,0,0,0,0,0,0,0,0,0,0,0,0,1,1,1.0,1.0,0.0,0.0,1.0,0.0,0.0,255,132,0.52,0.44,0.0,0.0,0.41,0.79,0.43,0.02,processtable,DoS
0,tcp,private,REJ,0,0,0,0,0,0,0,0,0,0,0,0,0,0,0,0,0,0,235,8,0.0,0.0,1.0,1.0,0.03,0.07,0.0,255,8,0.03,0.07,0.0,0.0,0.0,0.0,1.0,1.0,neptune,DoS
0,tcp,http,SF,211,5451,0,0,0,0,0,1,0,0,0,0,0,0,0,0,0,0,9,9,0.0,0.0,0.0,0.0,1.0,0.0,0.0,10,244,1.0,0.0,0.1,0.05,0.0,0.0,0.0,0.0,normal,Normal
283,tcp,ftp,SF,158,595,0,0,0,2,0,1,0,0,0,0,0,0,0,0,0,1,1,1,0.0,0.0,0.0,0.0,1.0,0.0,0.0,255,98,0.38,0.03,0.0,0.0,0.02,0.0,0.01,0.0,warezmaster,R2L
0,tcp,http,SF,251,8645,0,0,0,0,0,1,0,0,0,0,0,0,0,0,0,0,2,2,0.0,0.0,0.0,0.0,1.0,0.0,0.0,32,255,1.0,0.0,0.03,0.01,0.0,0.0,0.0,0.0,normal,Normal
0,tcp,finger,SF,7,222,0,0,0,0,0,0,0,0,0,0,0,0,0,0,0,0,1,1,0.0,0.0,0.0,0.0,1.0,0.0,0.0,20,12,0.15,0.15,0.05,0.25,0.0,0.0,0.0,0.0,normal,Normal
0,tcp,time,S0,0,0,0,0,0,0,0,0,0,0,0,0,0,0,0,0,0,0,195,19,1.0,1.0,0.0,0.0,0.1,0.09,0.0,255,19,0.07,0.09,0.0,0.0,1.0,1.0,0.0,0.0,neptune,DoS
0,tcp,http,SF,202,2996,0,0,0,0,0,1,0,0,0,0,0,0,0,0,0,0,32,52,0.0,0.0,0.0,0.0,1.0,0.0,0.06,255,255,1.0,0.0,0.0,0.0,0.0,0.0,0.0,0.0,normal,Normal
0,tcp,http,SF,292,683,0,0,0,0,0,1,0,0,0,0,0,0,0,0,0,0,10,15,0.0,0.0,0.0,0.0,1.0,0.0,0.13,29,251,1.0,0.0,0.03,0.01,0.0,0.0,0.0,0.0,normal,Normal
0,tcp,http,SF,299,2672,0,0,0,0,0,1,0,0,0,0,0,0,0,0,0,0,18,18,0.0,0.0,0.0,0.0,1.0,0.0,0.0,255,255,1.0,0.0,0.0,0.0,0.0,0.0,0.0,0.0,normal,Normal
0,tcp,http,SF,231,7517,0,0,0,0,0,1,0,0,0,0,0,0,0,0,0,0,2,14,0.0,0.0,0.0,0.0,1.0,0.0,0.14,20,255,1.0,0.0,0.05,0.02,0.0,0.0,0.0,0.0,normal,Normal
0,tcp,http,SF,217,1164,0,0,0,0,0,1,0,0,0,0,0,0,0,0,0,0,29,29,0.0,0.0,0.0,0.0,1.0,0.0,0.0,29,255,1.0,0.0,0.03,0.04,0.0,0.0,0.0,0.0,normal,Normal
0,udp,private,SF,105,146,0,0,0,0,0,0,0,0,0,0,0,0,0,0,0,0,1,1,0.0,0.0,0.0,0.0,1.0,0.0,0.0,9,9,1.0,0.0,0.11,0.0,0.0,0.0,0.0,0.0,normal,Normal
5,tcp,pop_3,SF,32,93,0,0,0,0,0,1,0,0,0,0,0,0,0,0,0,0,1,1,0.0,0.0,0.0,0.0,1.0,0.0,0.0,56,54,0.95,0.04,0.02,0.04,0.0,0.0,0.0,0.0,guess_passwd,R2L
0,udp,domain_u,SF,44,44,0,0,0,0,0,0,0,0,0,0,0,0,0,0,0,0,6,13,0.0,0.0,0.0,0.0,1.0,0.0,0.15,255,252,0.99,0.01,0.01,0.0,0.0,0.0,0.0,0.0,normal,Normal
0,tcp,finger,RSTO,0,0,0,0,0,0,0,0,0,0,0,0,0,0,0,0,0,0,238,6,0.0,0.0,1.0,1.0,0.03,0.07,0.0,255,6,0.02,0.06,0.0,0.0,0.0,0.0,1.0,1.0,neptune,DoS
0,udp,private,SF,1,1,0,0,0,0,0,0,0,0,0,0,0,0,0,0,0,0,136,1,0.0,0.0,0.0,0.0,0.01,1.0,0.0,255,1,0.0,0.78,1.0,0.0,0.0,0.0,0.0,0.0,satan,Probe
0,udp,private,SF,50,0,0,0,0,0,0,0,0,0,0,0,0,0,0,0,0,0,3,3,0.0,0.0,0.0,0.0,1.0,0.0,0.0,255,254,1.0,0.01,0.01,0.0,0.0,0.0,0.0,0.0,snmpguess,R2L
0,tcp,http,SF,324,370,0,0,0,0,0,1,0,0,0,0,0,0,0,0,0,0,8,21,0.0,0.0,0.0,0.0,1.0,0.0,0.14,255,255,1.0,0.0,0.0,0.0,0.0,0.0,0.0,0.0,normal,Normal
0,tcp,private,REJ,0,0,0,0,0,0,0,0,0,0,0,0,0,0,0,0,0,0,237,14,0.0,0.0,1.0,1.0,0.06,0.06,0.0,255,14,0.05,0.07,0.0,0.0,0.0,0.0,1.0,1.0,neptune,DoS
0,tcp,private,REJ,0,0,0,0,0,0,0,0,0,0,0,0,0,0,0,0,0,0,214,7,0.0,0.0,1.0,1.0,0.03,0.07,0.0,255,7,0.03,0.07,0.0,0.0,0.0,0.0,1.0,1.0,neptune,DoS
0,tcp,telnet,RSTO,125,176,0,0,0,0,1,0,0,0,0,0,0,0,0,0,0,0,1,1,0.0,0.0,1.0,1.0,1.0,0.0,0.0,255,126,0.49,0.02,0.0,0.0,0.0,0.0,0.02,0.03,guess_passwd,R2L
0,tcp,private,S0,0,0,0,0,0,0,0,0,0,0,0,0,0,0,0,0,0,0,283,6,1.0,1.0,0.0,0.0,0.02,0.06,0.0,255,6,0.02,0.06,0.0,0.0,1.0,1.0,0.0,0.0,neptune,DoS
0,tcp,sunrpc,REJ,0,0,0,0,0,0,0,0,0,0,0,0,0,0,0,0,0,0,2,3,0.0,0.0,0.5,1.0,0.5,1.0,1.0,191,48,0.18,0.03,0.01,0.04,0.01,0.0,0.88,1.0,mscan,Probe
0,tcp,other,REJ,0,0,0,0,0,0,0,0,0,0,0,0,0,0,0,0,0,0,511,1,0.05,0.0,0.95,1.0,0.0,1.0,0.0,255,1,0.0,1.0,0.0,0.0,0.05,0.0,0.95,1.0,saint,Probe
0,tcp,http,SF,306,1380,0,0,0,0,0,1,0,0,0,0,0,0,0,0,0,0,2,2,0.0,0.0,0.0,0.0,1.0,0.0,0.0,252,124,0.49,0.4,0.0,0.0,0.01,0.0,0.44,0.01,normal,Normal
0,tcp,http,SF,250,273,0,0,0,0,0,1,0,0,0,0,0,0,0,0,0,0,3,5,0.0,0.0,0.0,0.0,1.0,0.0,0.6,255,178,0.7,0.02,0.0,0.0,0.0,0.0,0.0,0.0,normal,Normal
0,tcp,http,SF,359,15204,0,0,0,0,0,1,0,0,0,0,0,0,0,0,0,0,8,31,0.0,0.03,0.0,0.0,1.0,0.0,0.1,255,255,1.0,0.0,0.0,0.0,0.0,0.0,0.0,0.0,normal,Normal
0,tcp,http,SF,301,3414,0,0,0,0,0,1,0,0,0,0,0,0,0,0,0,0,3,3,0.0,0.0,0.0,0.0,1.0,0.0,0.0,3,3,1.0,0.0,0.33,0.0,0.0,0.0,0.0,0.0,normal,Normal
0,tcp,pop_3,SF,30,217,0,0,0,0,0,1,0,0,0,0,0,0,0,0,0,0,1,1,0.0,0.0,0.0,0.0,1.0,0.0,0.0,34,5,0.15,0.15,0.03,0.0,0.0,0.0,0.0,0.0,guess_passwd,R2L
0,tcp,ftp_data,SF,641,0,0,0,0,0,0,0,0,0,0,0,0,0,0,0,0,0,2,2,0.0,0.0,0.0,0.0,1.0,0.0,0.0,79,19,0.24,0.04,0.24,0.0,0.0,0.0,0.0,0.0,normal,Normal
0,udp,private,SF,1,0,0,0,0,0,0,0,0,0,0,0,0,0,0,0,0,0,106,3,0.0,0.0,0.0,0.0,0.03,0.98,0.0,255,3,0.01,0.82,1.0,0.0,0.0,0.0,0.0,0.0,normal,Normal
0,tcp,http,S0,0,0,0,0,0,0,0,0,0,0,0,0,0,0,0,0,0,0,106,106,1.0,1.0,0.0,0.0,1.0,0.0,0.0,255,255,1.0,0.0,0.0,0.0,0.55,0.55,0.43,0.43,apache2,DoS
0,udp,domain_u,SF,46,46,0,0,0,0,0,0,0,0,0,0,0,0,0,0,0,0,145,145,0.0,0.0,0.0,0.0,1.0,0.0,0.0,255,255,1.0,0.0,0.01,0.0,0.0,0.0,0.0,0.0,normal,Normal
0,tcp,private,REJ,0,0,0,0,0,0,0,0,0,0,0,0,0,0,0,0,0,0,107,3,0.0,0.0,1.0,1.0,0.03,0.07,0.0,255,3,0.01,0.07,0.0,0.0,0.0,0.0,1.0,1.0,neptune,DoS
7316,tcp,telnet,SF,0,44,0,0,0,0,0,0,0,0,0,0,0,0,0,0,0,0,1,1,0.0,0.0,0.0,0.0,1.0,0.0,0.0,255,238,0.93,0.02,0.0,0.0,0.33,0.36,0.08,0.04,processtable,DoS
0,tcp,http,SF,252,14325,0,0,0,0,0,1,0,0,0,0,0,0,0,0,0,0,1,1,0.0,0.0,0.0,0.0,1.0,0.0,0.0,3,255,1.0,0.0,0.33,0.04,0.0,0.0,0.0,0.0,normal,Normal
1,tcp,finger,SF,6,25,0,0,0,0,0,0,0,0,0,0,0,0,0,0,0,0,2,2,0.0,0.0,0.0,0.0,1.0,0.0,0.0,16,11,0.12,0.75,0.06,0.18,0.0,0.0,0.19,0.0,saint,Probe
0,tcp,http,SF,305,2728,0,0,0,0,0,1,0,0,0,0,0,0,0,0,0,0,9,9,0.0,0.0,0.0,0.0,1.0,0.0,0.0,51,255,1.0,0.0,0.02,0.04,0.0,0.0,0.0,0.0,normal,Normal
8056,tcp,telnet,S3,1,15,0,0,0,0,0,0,0,0,0,0,0,0,0,0,0,0,1,1,1.0,1.0,0.0,0.0,1.0,0.0,0.0,255,45,0.18,0.73,0.0,0.0,0.08,0.44,0.71,0.0,processtable,DoS
0,tcp,private,S0,0,0,0,0,0,0,0,0,0,0,0,0,0,0,0,0,0,0,255,6,1.0,1.0,0.0,0.0,0.02,0.07,0.0,255,6,0.02,0.07,0.0,0.0,1.0,1.0,0.0,0.0,neptune,DoS
0,tcp,private,S0,0,0,0,0,0,0,0,0,0,0,0,0,0,0,0,0,0,0,240,17,1.0,1.0,0.0,0.0,0.07,0.07,0.0,255,17,0.07,0.07,0.0,0.0,1.0,1.0,0.0,0.0,neptune,DoS
0,tcp,ftp_data,SF,12,0,0,0,0,0,0,0,0,0,0,0,0,0,0,0,0,0,1,1,0.0,0.0,0.0,0.0,1.0,0.0,0.0,3,9,1.0,0.0,1.0,0.22,0.0,0.0,0.0,0.0,warezmaster,R2L
0,tcp,http,SF,295,278,0,0,0,0,0,1,0,0,0,0,0,0,0,0,0,0,15,17,0.0,0.0,0.0,0.0,1.0,0.0,0.18,255,255,1.0,0.0,0.0,0.0,0.0,0.0,0.0,0.0,normal,Normal
0,tcp,bgp,REJ,0,0,0,0,0,0,0,0,0,0,0,0,0,0,0,0,0,0,233,15,0.0,0.0,1.0,1.0,0.06,0.07,0.0,255,15,0.06,0.07,0.0,0.0,0.0,0.0,1.0,1.0,neptune,DoS
0,tcp,ftp,SF,26,157,0,0,0,0,1,0,0,0,0,0,0,0,0,0,0,1,1,1,0.0,0.0,0.0,0.0,1.0,0.0,0.0,243,122,0.5,0.02,0.0,0.0,0.0,0.0,0.0,0.0,guess_passwd,R2L
0,udp,private,SF,1,1,0,0,0,0,0,0,0,0,0,0,0,0,0,0,0,0,43,1,0.0,0.0,0.0,0.0,0.02,0.93,0.0,255,1,0.0,0.72,1.0,0.0,0.0,0.0,0.0,0.0,satan,Probe
1,tcp,telnet,SF,121,174,0,0,0,0,1,0,0,0,0,0,0,0,0,0,0,0,3,3,0.0,0.0,0.33,0.33,1.0,0.0,0.0,255,59,0.23,0.02,0.0,0.0,0.0,0.0,0.01,0.05,guess_passwd,R2L
0,icmp,eco_i,SF,8,0,0,0,0,0,0,0,0,0,0,0,0,0,0,0,0,0,1,31,0.0,0.0,0.0,0.0,1.0,0.0,1.0,1,48,1.0,0.0,1.0,0.52,0.0,0.0,0.0,0.0,ipsweep,Probe
1,tcp,telnet,RSTO,15,94,0,0,0,0,0,0,0,0,0,0,0,0,0,0,0,0,4,22,0.0,0.18,0.75,0.73,0.5,0.75,0.91,36,127,0.5,0.08,0.03,0.02,0.0,0.0,0.83,0.37,mscan,Probe
1,tcp,smtp,SF,2599,293,0,0,0,0,0,1,0,0,0,0,0,0,0,0,0,0,3,3,0.0,0.0,0.0,0.0,1.0,0.0,0.0,255,204,0.8,0.13,0.0,0.0,0.0,0.0,0.19,0.0,mailbomb,DoS
0,tcp,shell,RSTO,0,0,0,0,0,0,0,0,0,0,0,0,0,0,0,0,0,0,138,19,0.0,0.0,1.0,1.0,0.14,0.06,0.0,255,19,0.07,0.06,0.0,0.0,0.0,0.0,1.0,1.0,neptune,DoS
0,tcp,private,REJ,0,0,0,0,0,0,0,0,0,0,0,0,0,0,0,0,0,0,219,3,0.0,0.0,1.0,1.0,0.01,0.06,0.0,255,3,0.01,0.06,0.0,0.0,0.0,0.0,1.0,1.0,neptune,DoS
0,tcp,http,SF,233,1963,0,0,0,0,0,1,0,0,0,0,0,0,0,0,0,0,1,1,0.0,0.0,0.0,0.0,1.0,0.0,0.0,46,255,1.0,0.0,0.02,0.01,0.0,0.0,0.0,0.0,normal,Normal
0,tcp,http,SF,356,1359,0,0,0,0,0,1,0,0,0,0,0,0,0,0,0,0,2,3,0.0,0.0,0.0,0.0,1.0,0.0,0.67,255,255,1.0,0.0,0.0,0.0,0.0,0.0,0.0,0.0,normal,Normal
7404,tcp,telnet,SF,0,44,0,0,0,0,0,0,0,0,0,0,0,0,0,0,0,0,1,1,0.0,0.0,0.0,0.0,1.0,0.0,0.0,255,223,0.87,0.02,0.0,0.0,0.33,0.38,0.12,0.06,processtable,DoS
0,tcp,ftp_data,SF,8173,0,0,0,0,0,0,0,0,0,0,0,0,0,0,0,0,0,5,6,0.0,0.0,0.0,0.0,1.0,0.0,0.33,45,21,0.38,0.07,0.38,0.1,0.0,0.0,0.0,0.0,normal,Normal
0,tcp,private,RSTR,0,0,0,0,0,0,0,0,0,0,0,0,0,0,0,0,0,0,1,1,0.0,0.0,1.0,1.0,1.0,0.0,0.0,255,1,0.0,0.09,0.07,0.0,0.0,0.0,0.99,1.0,portsweep,Probe
0,tcp,private,REJ,0,0,0,0,0,0,0,0,0,0,0,0,0,0,0,0,0,0,247,12,0.0,0.0,1.0,1.0,0.05,0.06,0.0,255,12,0.05,0.06,0.0,0.0,0.0,0.0,0.99,1.0,neptune,DoS
0,tcp,telnet,S0,0,0,0,0,0,0,0,0,0,0,0,0,0,0,0,0,0,0,1,6,1.0,0.33,0.0,0.33,1.0,0.0,0.67,7,3,0.43,0.43,0.14,0.0,1.0,1.0,0.0,0.0,mscan,Probe
0,icmp,ecr_i,SF,1032,0,0,0,0,0,0,0,0,0,0,0,0,0,0,0,0,0,440,440,0.0,0.0,0.0,0.0,1.0,0.0,0.0,255,255,1.0,0.0,1.0,0.0,0.0,0.0,0.0,0.0,smurf,DoS
0,tcp,http,SF,342,2631,0,0,0,0,0,1,0,0,0,0,0,0,0,0,0,0,19,38,0.0,0.0,0.0,0.0,1.0,0.0,0.11,255,255,1.0,0.0,0.0,0.0,0.0,0.0,0.0,0.0,normal,Normal
0,icmp,ecr_i,SF,1480,0,0,1,0,0,0,0,0,0,0,0,0,0,0,0,0,0,1,3,0.0,0.0,0.0,0.0,1.0,0.0,0.67,1,25,1.0,0.0,1.0,0.52,0.0,0.0,0.0,0.0,pod,DoS
281,tcp,ftp,SF,162,597,0,0,0,2,0,1,0,0,0,0,0,0,0,0,0,1,1,1,0.0,0.0,0.0,0.0,1.0,0.0,0.0,38,15,0.39,0.11,0.03,0.0,0.0,0.0,0.0,0.0,warezmaster,R2L
0,icmp,ecr_i,SF,1008,0,0,0,0,0,0,0,0,0,0,0,0,0,0,0,0,0,334,334,0.0,0.0,0.0,0.0,1.0,0.0,0.0,255,255,1.0,0.0,1.0,0.0,0.0,0.0,0.0,0.0,smurf,DoS
0,tcp,http,SF,211,63112,0,0,0,0,0,1,0,0,0,0,0,0,0,0,0,0,5,5,0.0,0.0,0.0,0.0,1.0,0.0,0.0,54,255,1.0,0.0,0.02,0.04,0.0,0.0,0.0,0.0,normal,Normal
4,tcp,pop_3,SF,28,93,0,0,0,0,0,1,0,0,0,0,0,0,0,0,0,0,1,1,0.0,0.0,0.0,0.0,1.0,0.0,0.0,255,223,0.87,0.02,0.0,0.0,0.0,0.0,0.06,0.0,guess_passwd,R2L
0,tcp,klogin,REJ,0,0,0,0,0,0,0,0,0,0,0,0,0,0,0,0,0,0,133,16,0.0,0.0,1.0,1.0,0.12,0.06,0.0,255,16,0.06,0.06,0.0,0.0,0.0,0.0,1.0,1.0,neptune,DoS
0,tcp,csnet_ns,REJ,0,0,0,0,0,0,0,0,0,0,0,0,0,0,0,0,0,0,272,11,0.0,0.0,1.0,1.0,0.04,0.06,0.0,255,11,0.04,0.07,0.0,0.0,0.0,0.0,1.0,1.0,neptune,DoS
0,tcp,http,SF,321,2120,0,0,0,0,0,1,0,0,0,0,0,0,0,0,0,0,26,27,0.0,0.0,0.0,0.0,1.0,0.0,0.07,255,255,1.0,0.0,0.0,0.0,0.0,0.0,0.0,0.0,normal,Normal
0,tcp,private,REJ,0,0,0,0,0,0,0,0,0,0,0,0,0,0,0,0,0,0,109,5,0.0,0.0,1.0,1.0,0.05,0.07,0.0,255,5,0.02,0.07,0.0,0.0,0.0,0.0,1.0,1.0,neptune,DoS
0,tcp,private,REJ,0,0,0,0,0,0,0,0,0,0,0,0,0,0,0,0,0,0,219,8,0.0,0.0,1.0,1.0,0.04,0.06,0.0,255,8,0.03,0.06,0.0,0.0,0.0,0.0,1.0,1.0,neptune,DoS
0,tcp,http,SF,289,1551,0,0,0,0,0,1,0,0,0,0,0,0,0,0,0,0,13,13,0.0,0.0,0.0,0.0,1.0,0.0,0.0,60,255,1.0,0.0,0.02,0.03,0.0,0.0,0.0,0.0,normal,Normal
0,tcp,telnet,S3,0,44,0,0,0,0,0,0,0,0,0,0,0,0,0,0,0,0,1,1,1.0,1.0,0.0,0.0,1.0,0.0,0.0,255,139,0.55,0.02,0.0,0.0,0.53,0.47,0.01,0.01,processtable,DoS
0,tcp,telnet,SF,124,174,0,0,0,0,1,0,0,0,0,0,0,0,0,0,0,0,2,2,0.0,0.0,0.0,0.0,1.0,0.0,0.0,255,34,0.13,0.02,0.0,0.0,0.0,0.0,0.0,0.03,guess_passwd,R2L
7586,tcp,telnet,SF,0,44,0,0,0,0,0,0,0,0,0,0,0,0,0,0,0,0,1,1,0.0,0.0,0.0,0.0,1.0,0.0,0.0,255,177,0.69,0.02,0.0,0.0,0.44,0.43,0.01,0.01,processtable,DoS
0,tcp,smtp,SF,5072,327,0,0,0,0,0,1,0,0,0,0,0,0,0,0,0,0,1,1,0.0,0.0,0.0,0.0,1.0,0.0,0.0,226,106,0.47,0.04,0.0,0.0,0.0,0.0,0.0,0.0,normal,Normal
0,tcp,http,SF,327,337,0,0,0,0,0,1,0,0,0,0,0,0,0,0,0,0,8,17,0.0,0.0,0.0,0.0,1.0,0.0,0.24,196,255,1.0,0.0,0.01,0.01,0.0,0.0,0.0,0.0,normal,Normal
0,tcp,http,SF,151,429,0,0,0,0,0,1,0,0,0,0,0,0,0,0,0,0,1,14,0.0,0.0,0.0,0.0,1.0,0.0,0.21,17,255,1.0,0.0,0.06,0.09,0.0,0.0,0.0,0.0,normal,Normal
0,tcp,telnet,S3,0,44,0,0,0,0,0,0,0,0,0,0,0,0,0,0,0,0,1,1,1.0,1.0,0.0,0.0,1.0,0.0,0.0,255,99,0.39,0.03,0.0,0.0,0.08,0.2,0.11,0.13,processtable,DoS
0,tcp,private,REJ,0,0,0,0,0,0,0,0,0,0,0,0,0,0,0,0,0,0,270,18,0.0,0.0,1.0,1.0,0.07,0.06,0.0,255,18,0.07,0.07,0.0,0.0,0.0,0.0,1.0,1.0,neptune,DoS
0,icmp,ecr_i,SF,1032,0,0,0,0,0,0,0,0,0,0,0,0,0,0,0,0,0,510,510,0.0,0.0,0.0,0.0,1.0,0.0,0.0,255,97,0.38,0.02,0.38,0.0,0.0,0.0,0.0,0.0,smurf,DoS
0,tcp,courier,REJ,0,0,0,0,0,0,0,0,0,0,0,0,0,0,0,0,0,0,141,18,0.0,0.0,1.0,1.0,0.13,0.06,0.0,255,18,0.07,0.05,0.0,0.0,0.0,0.0,1.0,1.0,neptune,DoS
0,tcp,telnet,S3,0,44,0,0,0,0,0,0,0,0,0,0,0,0,0,0,0,0,1,1,1.0,1.0,0.0,0.0,1.0,0.0,0.0,255,148,0.58,0.03,0.0,0.0,0.29,0.5,0.11,0.09,processtable,DoS
3,tcp,telnet,SF,24,715,0,0,0,0,0,0,0,0,0,0,0,0,0,0,0,0,4,9,0.0,0.0,0.75,0.44,0.5,0.75,0.56,167,85,0.34,0.03,0.01,0.02,0.0,0.0,0.88,0.69,mscan,Probe
0,tcp,http,SF,222,12933,0,0,0,0,0,1,0,0,0,0,0,0,0,0,0,0,7,7,0.0,0.0,0.0,0.0,1.0,0.0,0.0,88,190,1.0,0.0,0.01,0.03,0.0,0.0,0.0,0.0,normal,Normal
0,tcp,other,REJ,0,0,0,0,0,0,0,0,0,0,0,0,0,0,0,0,0,0,1,1,0.0,0.0,1.0,1.0,1.0,0.0,0.0,255,9,0.04,0.02,0.0,0.0,0.0,0.0,0.05,1.0,httptunnel,R2L
0,tcp,http,SF,230,64498,0,0,0,0,0,1,0,0,0,0,0,0,0,0,0,0,1,20,0.0,0.0,0.0,0.0,1.0,0.0,0.1,255,255,1.0,0.0,0.0,0.0,0.0,0.0,0.0,0.0,normal,Normal
0,icmp,ecr_i,SF,1008,0,0,0,0,0,0,0,0,0,0,0,0,0,0,0,0,0,209,209,0.0,0.0,0.0,0.0,1.0,0.0,0.0,255,255,1.0,0.0,1.0,0.0,0.0,0.0,0.0,0.0,smurf,DoS
0,tcp,imap4,RSTO,0,44,0,0,0,0,0,0,0,0,0,0,0,0,0,0,0,0,3,4,0.0,0.0,0.67,1.0,0.33,1.0,1.0,177,59,0.24,0.03,0.01,0.03,0.0,0.0,0.89,0.97,mscan,Probe
0,tcp,private,REJ,0,0,0,0,0,0,0,0,0,0,0,0,0,0,0,0,0,0,115,15,0.0,0.0,1.0,1.0,0.13,0.07,0.0,164,15,0.09,0.07,0.01,0.0,0.0,0.0,1.0,1.0,neptune,DoS
0,tcp,other,REJ,0,0,0,0,0,0,0,0,0,0,0,0,0,0,0,0,0,0,487,1,0.08,0.0,0.92,1.0,0.0,1.0,0.0,255,1,0.0,1.0,0.0,0.0,0.07,0.0,0.93,1.0,satan,Probe
0,tcp,other,REJ,0,0,0,0,0,0,0,0,0,0,0,0,0,0,0,0,0,0,437,1,0.06,0.0,0.94,1.0,0.0,1.0,0.0,255,1,0.0,1.0,0.0,0.0,0.05,0.0,0.95,1.0,saint,Probe
1,tcp,smtp,SF,2599,293,0,0,0,0,0,1,0,0,0,0,0,0,0,0,0,0,3,3,0.0,0.0,0.0,0.0,1.0,0.0,0.0,255,72,0.28,0.14,0.0,0.0,0.0,0.0,0.7,0.0,mailbomb,DoS
0,icmp,eco_i,SF,8,0,0,0,0,0,0,0,0,0,0,0,0,0,0,0,0,0,1,45,0.0,0.0,0.0,0.0,1.0,0.0,1.0,1,25,1.0,0.0,1.0,0.52,0.0,0.0,0.0,0.0,ipsweep,Probe
0,tcp,http,SF,200,52020,0,0,0,0,0,1,0,0,0,0,0,0,0,0,0,0,2,2,0.0,0.0,0.0,0.0,1.0,0.0,0.0,10,255,1.0,0.0,0.1,0.02,0.0,0.0,0.0,0.0,normal,Normal
0,tcp,private,REJ,0,0,0,0,0,0,0,0,0,0,0,0,0,0,0,0,0,0,124,11,0.67,0.64,0.33,0.36,0.09,0.06,0.0,255,11,0.04,0.06,0.0,0.0,0.33,0.64,0.67,0.36,neptune,DoS
0,udp,private,SF,28,0,0,3,0,0,0,0,0,0,0,0,0,0,0,0,0,0,51,51,0.0,0.0,0.0,0.0,1.0,0.0,0.0,76,51,0.67,0.05,0.67,0.0,0.0,0.0,0.0,0.0,teardrop,DoS
0,tcp,ftp_data,SF,8737,0,0,0,0,0,0,0,0,0,0,0,0,0,0,0,0,0,15,15,0.0,0.0,0.0,0.0,1.0,0.0,0.0,249,157,0.63,0.02,0.63,0.0,0.0,0.0,0.0,0.0,normal,Normal
0,tcp,ssh,REJ,0,0,0,0,0,0,0,0,0,0,0,0,0,0,0,0,0,0,275,15,0.01,0.0,0.99,1.0,0.05,0.06,0.0,255,15,0.06,0.06,0.0,0.0,0.01,0.0,0.99,1.0,neptune,DoS
0,tcp,other,RSTR,0,0,0,0,0,0,0,0,0,0,0,0,0,0,0,0,0,0,1,1,0.0,0.0,1.0,1.0,1.0,0.0,0.0,255,1,0.0,0.81,0.8,0.0,0.0,0.0,0.8,1.0,normal,Normal
0,tcp,http,SF,54540,8314,0,0,0,2,0,1,1,0,0,0,0,0,0,0,0,0,4,7,0.0,0.0,0.0,0.0,1.0,0.0,0.43,255,253,0.99,0.01,0.0,0.0,0.0,0.0,0.01,0.01,back,DoS
0,tcp,smtp,S0,0,0,0,0,0,0,0,0,0,0,0,0,0,0,0,0,0,0,183,1,1.0,1.0,0.0,0.0,0.01,0.08,0.0,255,1,0.0,0.09,0.0,0.0,1.0,1.0,0.0,0.0,neptune,DoS
0,tcp,private,REJ,0,0,0,0,0,0,0,0,0,0,0,0,0,0,0,0,0,0,144,8,0.0,0.0,1.0,1.0,0.06,0.06,0.0,255,8,0.03,0.06,0.0,0.0,0.0,0.0,1.0,1.0,neptune,DoS
0,udp,domain_u,SF,42,42,0,0,0,0,0,0,0,0,0,0,0,0,0,0,0,0,8,9,0.0,0.0,0.0,0.0,1.0,0.0,0.22,255,255,1.0,0.0,0.01,0.0,0.0,0.0,0.0,0.0,normal,Normal
0,udp,domain_u,SF,43,43,0,0,0,0,0,0,0,0,0,0,0,0,0,0,0,0,142,221,0.0,0.0,0.0,0.0,1.0,0.0,0.01,255,255,1.0,0.0,0.01,0.0,0.0,0.0,0.0,0.0,normal,Normal
282,tcp,ftp,SF,156,593,0,0,0,2,0,1,0,0,0,0,0,0,0,0,0,1,2,1,0.0,0.0,0.0,0.0,0.5,1.0,0.0,255,1,0.0,0.04,0.0,0.0,0.0,0.0,0.03,0.0,warezmaster,R2L
0,tcp,private,S0,0,0,0,0,0,0,0,0,0,0,0,0,0,0,0,0,0,0,145,15,1.0,1.0,0.0,0.0,0.1,0.1,0.0,255,15,0.06,0.09,0.0,0.0,1.0,1.0,0.0,0.0,neptune,DoS
0,udp,domain_u,SF,44,44,0,0,0,0,0,0,0,0,0,0,0,0,0,0,0,0,212,212,0.0,0.0,0.0,0.0,1.0,0.0,0.0,255,255,1.0,0.0,0.0,0.0,0.0,0.0,0.0,0.0,normal,Normal
2,tcp,telnet,SF,24,109,0,0,0,0,0,0,0,0,0,0,0,0,0,0,0,0,3,6,0.0,0.0,0.67,0.5,0.67,0.67,0.5,45,85,0.33,0.11,0.02,0.02,0.0,0.0,0.87,0.69,mscan,Probe
0,tcp,pop_3,REJ,0,0,0,0,0,0,0,0,0,0,0,0,0,0,0,0,0,0,3,3,0.0,0.0,1.0,1.0,0.33,1.0,1.0,199,50,0.25,0.02,0.01,0.0,0.0,0.0,0.64,1.0,mscan,Probe
0,tcp,private,REJ,0,0,0,0,0,0,0,0,0,0,0,0,0,0,0,0,0,0,511,1,0.05,0.0,0.95,1.0,0.0,1.0,0.0,255,1,0.0,1.0,0.0,0.0,0.05,0.0,0.95,1.0,saint,Probe
0,tcp,private,REJ,0,0,0,0,0,0,0,0,0,0,0,0,0,0,0,0,0,0,273,7,0.0,0.0,1.0,1.0,0.03,0.05,0.0,255,7,0.03,0.06,0.0,0.0,0.0,0.0,1.0,1.0,neptune,DoS
0,tcp,http,SF,221,1585,0,0,0,0,0,1,0,0,0,0,0,0,0,0,0,0,11,11,0.0,0.0,0.0,0.0,1.0,0.0,0.0,255,255,1.0,0.0,0.0,0.0,0.0,0.0,0.0,0.0,normal,Normal
4,tcp,pop_3,SF,32,93,0,0,0,0,0,1,0,0,0,0,0,0,0,0,0,0,1,1,0.0,0.0,0.0,0.0,1.0,0.0,0.0,13,14,1.0,0.0,0.08,0.14,0.0,0.0,0.0,0.0,guess_passwd,R2L
4,tcp,pop_3,SF,31,93,0,0,0,0,0,1,0,0,0,0,0,0,0,0,0,0,1,1,0.0,0.0,0.0,0.0,1.0,0.0,0.0,255,249,0.98,0.01,0.0,0.0,0.0,0.0,0.0,0.0,guess_passwd,R2L
2,tcp,pop_3,RSTO,0,36,0,0,0,0,0,1,0,0,0,0,0,0,0,0,0,0,1,3,0.0,0.0,1.0,1.0,1.0,0.0,1.0,255,36,0.14,0.03,0.0,0.0,0.0,0.0,0.49,0.89,mscan,Probe
0,tcp,private,S0,0,0,0,0,0,0,0,0,0,0,0,0,0,0,0,0,0,0,144,2,1.0,1.0,0.0,0.0,0.01,0.1,0.0,255,2,0.01,0.09,0.0,0.0,1.0,1.0,0.0,0.0,neptune,DoS
0,tcp,private,REJ,0,0,0,0,0,0,0,0,0,0,0,0,0,0,0,0,0,0,249,11,0.0,0.0,1.0,1.0,0.04,0.07,0.0,255,11,0.04,0.08,0.0,0.0,0.0,0.0,1.0,1.0,neptune,DoS
0,tcp,private,S0,0,0,0,0,0,0,0,0,0,0,0,0,0,0,0,0,0,0,260,8,1.0,1.0,0.0,0.0,0.03,0.06,0.0,255,8,0.03,0.05,0.0,0.0,1.0,1.0,0.0,0.0,neptune,DoS
0,tcp,http,SF,245,4016,0,0,0,0,0,1,0,0,0,0,0,0,0,0,0,0,10,11,0.0,0.0,0.0,0.0,1.0,0.0,0.18,57,255,1.0,0.0,0.02,0.03,0.0,0.0,0.0,0.0,normal,Normal
0,tcp,http,SF,211,769,0,0,0,0,0,1,0,0,0,0,0,0,0,0,0,0,16,16,0.0,0.0,0.0,0.0,1.0,0.0,0.0,136,255,1.0,0.0,0.01,0.05,0.0,0.0,0.0,0.0,normal,Normal
0,tcp,private,REJ,0,0,0,0,0,0,0,0,0,0,0,0,0,0,0,0,0,0,117,8,0.0,0.0,1.0,1.0,0.07,0.06,0.0,255,8,0.03,0.05,0.0,0.0,0.0,0.0,1.0,1.0,neptune,DoS
0,tcp,http,SF,250,1301,0,0,0,0,0,1,0,0,0,0,0,0,0,0,0,0,34,34,0.0,0.0,0.0,0.0,1.0,0.0,0.0,255,255,1.0,0.0,0.0,0.0,0.0,0.0,0.0,0.0,normal,Normal
0,tcp,private,REJ,0,0,0,0,0,0,0,0,0,0,0,0,0,0,0,0,0,0,287,17,0.16,0.0,0.84,1.0,0.06,0.06,0.0,255,17,0.07,0.06,0.0,0.0,0.13,0.0,0.87,1.0,neptune,DoS
0,tcp,telnet,S3,0,44,0,0,0,0,0,0,0,0,0,0,0,0,0,0,0,0,1,1,1.0,1.0,0.0,0.0,1.0,0.0,0.0,255,72,0.28,0.64,0.0,0.0,0.18,0.65,0.62,0.0,processtable,DoS
4,tcp,pop_3,SF,26,93,0,0,0,0,0,1,0,0,0,0,0,0,0,0,0,0,1,1,0.0,0.0,0.0,0.0,1.0,0.0,0.0,255,236,0.93,0.01,0.0,0.0,0.0,0.0,0.04,0.0,guess_passwd,R2L
792,tcp,http,RSTR,61504,1,0,0,0,0,0,1,0,0,0,0,0,0,0,0,0,0,39,39,0.03,0.03,0.97,0.97,1.0,0.0,0.0,255,253,0.99,0.01,0.0,0.0,0.01,0.01,0.66,0.66,apache2,DoS
0,tcp,private,REJ,0,0,0,0,0,0,0,0,0,0,0,0,0,0,0,0,0,0,239,17,0.0,0.0,1.0,1.0,0.07,0.07,0.0,255,17,0.07,0.06,0.0,0.0,0.0,0.0,1.0,1.0,neptune,DoS
0,tcp,http,SF,225,736,0,0,0,0,0,1,0,0,0,0,0,0,0,0,0,0,3,6,0.0,0.0,0.0,0.0,1.0,0.0,0.33,176,255,1.0,0.0,0.01,0.04,0.0,0.0,0.0,0.0,normal,Normal
0,udp,private,SF,105,145,0,0,0,0,0,0,0,0,0,0,0,0,0,0,0,0,1,1,0.0,0.0,0.0,0.0,1.0,0.0,0.0,255,252,0.99,0.01,0.0,0.0,0.0,0.0,0.0,0.0,snmpgetattack,R2L
0,tcp,http,SF,324,1093,0,0,0,0,0,1,0,0,0,0,0,0,0,0,0,0,5,8,0.0,0.0,0.0,0.0,1.0,0.0,0.38,69,255,1.0,0.0,0.01,0.01,0.0,0.0,0.0,0.0,normal,Normal
0,icmp,ecr_i,SF,1032,0,0,0,0,0,0,0,0,0,0,0,0,0,0,0,0,0,510,510,0.0,0.0,0.0,0.0,1.0,0.0,0.0,214,197,0.92,0.01,0.92,0.0,0.0,0.0,0.0,0.0,smurf,DoS
0,tcp,http,SF,311,3729,0,0,0,0,0,1,0,0,0,0,0,0,0,0,0,0,2,2,0.0,0.0,0.0,0.0,1.0,0.0,0.0,255,255,1.0,0.0,0.0,0.0,0.01,0.01,0.0,0.0,normal,Normal
0,tcp,private,REJ,0,0,0,0,0,0,0,0,0,0,0,0,0,0,0,0,0,0,143,2,0.0,0.0,1.0,1.0,0.01,0.06,0.0,255,2,0.01,0.05,0.0,0.0,0.0,0.0,1.0,1.0,neptune,DoS
0,tcp,http,SF,297,9302,0,0,0,0,0,1,0,0,0,0,0,0,0,0,0,0,1,1,0.0,0.0,0.0,0.0,1.0,0.0,0.0,1,255,1.0,0.0,1.0,0.06,0.0,0.0,0.0,0.0,normal,Normal
0,tcp,http,SF,240,386,0,0,0,0,0,1,0,0,0,0,0,0,0,0,0,0,32,37,0.0,0.0,0.0,0.0,1.0,0.0,0.11,255,255,1.0,0.0,0.0,0.0,0.0,0.0,0.0,0.0,normal,Normal
0,tcp,http,SF,297,1141,0,0,0,0,0,1,0,0,0,0,0,0,0,0,0,0,20,20,0.0,0.0,0.0,0.0,1.0,0.0,0.0,20,255,1.0,0.0,0.05,0.02,0.0,0.0,0.0,0.0,normal,Normal
0,tcp,http,SF,329,309,0,0,0,0,0,1,0,0,0,0,0,0,0,0,0,0,3,3,0.0,0.0,0.0,0.0,1.0,0.0,0.0,202,255,1.0,0.0,0.0,0.02,0.0,0.0,0.0,0.0,normal,Normal
0,tcp,other,REJ,0,0,0,0,0,0,0,0,0,0,0,0,0,0,0,0,0,0,2,1,0.0,0.0,0.5,1.0,0.5,1.0,0.0,255,23,0.09,0.01,0.0,0.0,0.0,0.0,0.07,0.74,httptunnel,R2L
0,icmp,ecr_i,SF,508,0,0,0,0,0,0,0,0,0,0,0,0,0,0,0,0,0,511,511,0.0,0.0,0.0,0.0,1.0,0.0,0.0,137,14,0.1,0.04,0.1,0.0,0.0,0.0,0.82,0.0,smurf,DoS
0,tcp,http,SF,243,1624,0,0,0,0,0,1,0,0,0,0,0,0,0,0,0,0,2,2,0.0,0.0,0.0,0.0,1.0,0.0,0.0,255,255,1.0,0.0,0.0,0.0,0.0,0.0,0.0,0.0,normal,Normal
0,tcp,private,S0,0,0,0,0,0,0,0,0,0,0,0,0,0,0,0,0,0,0,119,9,1.0,1.0,0.0,0.0,0.08,0.07,0.0,255,9,0.04,0.06,0.0,0.0,1.0,1.0,0.0,0.0,neptune,DoS
0,tcp,http,SF,299,820,0,0,0,0,0,1,0,0,0,0,0,0,0,0,0,0,16,38,0.0,0.0,0.0,0.0,1.0,0.0,0.11,43,255,1.0,0.0,0.02,0.02,0.0,0.0,0.0,0.0,normal,Normal
0,tcp,exec,S0,0,0,0,0,0,0,0,0,0,0,0,0,0,0,0,0,0,0,148,3,1.0,1.0,0.0,0.0,0.02,0.06,0.0,255,3,0.01,0.05,0.0,0.0,1.0,1.0,0.0,0.0,neptune,DoS
0,tcp,telnet,SF,122,174,0,0,0,0,1,0,0,0,0,0,0,0,0,0,0,0,1,1,0.0,0.0,0.0,0.0,1.0,0.0,0.0,255,255,1.0,0.0,0.0,0.0,0.01,0.01,0.02,0.02,guess_passwd,R2L
0,tcp,ssh,REJ,0,0,0,0,0,0,0,0,0,0,0,0,0,0,0,0,0,0,275,8,0.0,0.0,1.0,1.0,0.03,0.06,0.0,255,8,0.03,0.06,0.0,0.0,0.0,0.0,1.0,1.0,neptune,DoS
0,udp,domain_u,SF,44,115,0,0,0,0,0,0,0,0,0,0,0,0,0,0,0,0,2,4,0.0,0.0,0.0,0.0,1.0,0.0,0.5,255,253,0.99,0.01,0.0,0.0,0.0,0.0,0.0,0.0,normal,Normal
281,tcp,ftp,SF,159,597,0,0,0,2,0,1,0,0,0,0,0,0,0,0,0,1,1,1,0.0,0.0,0.0,0.0,1.0,0.0,0.0,193,63,0.33,0.04,0.01,0.0,0.0,0.0,0.0,0.0,warezmaster,R2L
0,tcp,http,SF,217,3718,0,0,0,0,0,1,0,0,0,0,0,0,0,0,0,0,15,15,0.0,0.0,0.0,0.0,1.0,0.0,0.0,15,255,1.0,0.0,0.07,0.06,0.0,0.0,0.0,0.0,normal,Normal
7582,tcp,telnet,SF,0,44,0,0,0,0,0,0,0,0,0,0,0,0,0,0,0,0,1,1,0.0,0.0,0.0,0.0,1.0,0.0,0.0,255,178,0.7,0.02,0.0,0.0,0.44,0.43,0.01,0.01,processtable,DoS
0,tcp,finger,RSTO,0,0,0,0,0,0,0,0,0,0,0,0,0,0,0,0,0,0,243,3,0.0,0.0,1.0,1.0,0.01,0.06,0.0,255,3,0.01,0.06,0.0,0.0,0.0,0.0,1.0,1.0,neptune,DoS
0,tcp,http,SF,312,2908,0,0,0,0,0,1,0,0,0,0,0,0,0,0,0,0,5,6,0.0,0.0,0.0,0.0,1.0,0.0,0.33,5,241,1.0,0.0,0.2,0.04,0.0,0.0,0.0,0.0,normal,Normal
3,tcp,telnet,SF,0,48,0,0,0,0,0,0,0,0,0,0,0,0,0,0,0,0,4,13,0.0,0.08,0.5,0.38,0.5,0.75,0.54,184,92,0.5,0.02,0.01,0.0,0.0,0.0,0.64,0.27,mscan,Probe
0,tcp,private,REJ,0,0,0,0,0,0,0,0,0,0,0,0,0,0,0,0,0,0,145,18,0.0,0.0,1.0,1.0,0.12,0.06,0.0,144,18,0.12,0.06,0.01,0.0,0.0,0.0,1.0,1.0,neptune,DoS
31,tcp,ftp,SF,189,541,0,0,0,3,0,1,0,0,0,0,0,0,0,0,1,0,1,1,0.0,0.0,0.0,0.0,1.0,0.0,0.0,1,1,1.0,0.0,1.0,0.0,0.0,0.0,0.0,0.0,rootkit,U2R
0,tcp,http,SF,284,1227,0,0,0,0,0,1,0,0,0,0,0,0,0,0,0,0,2,2,0.0,0.0,0.0,0.0,1.0,0.0,0.0,255,255,1.0,0.0,0.0,0.0,0.0,0.0,0.0,0.0,normal,Normal
0,udp,private,SF,105,105,0,0,0,0,0,0,0,0,0,0,0,0,0,0,0,0,2,2,0.0,0.0,0.0,0.0,1.0,0.0,0.0,255,254,1.0,0.01,0.0,0.0,0.0,0.0,0.0,0.0,snmpgetattack,R2L
0,tcp,http,SF,286,2515,0,0,0,0,0,1,0,0,0,0,0,0,0,0,0,0,16,16,0.0,0.0,0.0,0.0,1.0,0.0,0.0,16,135,1.0,0.0,0.06,0.05,0.0,0.0,0.0,0.0,normal,Normal
0,tcp,http,SF,246,2012,0,0,0,0,0,1,0,0,0,0,0,0,0,0,0,0,1,56,0.0,0.0,0.0,0.0,1.0,0.0,0.09,222,222,1.0,0.0,0.0,0.0,0.0,0.0,0.0,0.0,normal,Normal
0,tcp,private,REJ,0,0,0,0,0,0,0,0,0,0,0,0,0,0,0,0,0,0,299,18,0.0,0.0,1.0,1.0,0.06,0.06,0.0,255,18,0.07,0.06,0.0,0.0,0.0,0.0,1.0,1.0,neptune,DoS
0,tcp,http,SF,225,702,0,0,0,0,0,1,0,0,0,0,0,0,0,0,0,0,8,9,0.0,0.0,0.0,0.0,1.0,0.0,0.22,228,255,1.0,0.0,0.0,0.01,0.0,0.0,0.0,0.0,normal,Normal
0,tcp,http,SF,226,785,0,0,0,0,0,1,0,0,0,0,0,0,0,0,0,0,26,30,0.0,0.0,0.0,0.0,1.0,0.0,0.1,255,255,1.0,0.0,0.0,0.0,0.0,0.0,0.0,0.0,normal,Normal
0,tcp,http,SF,305,1075,0,0,0,0,0,1,0,0,0,0,0,0,0,0,0,0,3,3,0.0,0.0,0.0,0.0,1.0,0.0,0.0,42,40,0.95,0.05,0.02,0.0,0.0,0.0,0.0,0.0,normal,Normal
0,tcp,other,S0,0,0,0,0,0,0,0,0,0,0,0,0,0,0,0,0,0,0,414,1,0.15,1.0,0.83,0.0,0.0,1.0,0.0,255,1,0.0,0.95,0.0,0.0,0.11,1.0,0.88,0.0,satan,Probe
0,tcp,private,REJ,0,0,0,0,0,0,0,0,0,0,0,0,0,0,0,0,0,0,139,16,0.0,0.0,1.0,1.0,0.12,0.06,0.0,255,16,0.06,0.05,0.0,0.0,0.0,0.0,1.0,1.0,neptune,DoS
0,tcp,http,SF,291,2979,0,0,0,0,0,1,0,0,0,0,0,0,0,0,0,0,45,50,0.0,0.0,0.0,0.0,1.0,0.0,0.04,255,255,1.0,0.0,0.0,0.0,0.0,0.0,0.0,0.0,normal,Normal
0,udp,private,SF,53,52,0,0,0,0,0,0,0,0,0,0,0,0,0,0,0,0,511,511,0.0,0.0,0.0,0.0,1.0,0.0,0.0,255,255,1.0,0.0,0.89,0.0,0.0,0.0,0.0,0.0,normal,Normal
0,udp,private,SF,53,50,0,0,0,0,0,0,0,0,0,0,0,0,0,0,0,0,325,325,0.0,0.0,0.0,0.0,1.0,0.0,0.0,255,255,1.0,0.0,0.93,0.0,0.0,0.0,0.0,0.0,normal,Normal
0,tcp,http,SF,227,10683,0,0,0,0,0,1,0,0,0,0,0,0,0,0,0,0,8,16,0.0,0.0,0.0,0.0,1.0,0.0,0.19,9,206,1.0,0.0,0.11,0.05,0.0,0.0,0.0,0.0,normal,Normal
282,tcp,ftp,SF,155,593,0,0,0,2,0,1,0,0,0,0,0,0,0,0,0,1,1,1,0.0,0.0,0.0,0.0,1.0,0.0,0.0,255,13,0.05,0.83,0.0,0.0,0.0,0.0,0.82,0.0,warezmaster,R2L
0,tcp,http,SF,211,59205,0,0,0,0,0,1,0,0,0,0,0,0,0,0,0,0,21,21,0.0,0.0,0.0,0.0,1.0,0.0,0.0,105,255,1.0,0.0,0.01,0.05,0.01,0.0,0.0,0.0,normal,Normal
0,tcp,private,REJ,0,0,0,0,0,0,0,0,0,0,0,0,0,0,0,0,0,0,103,16,0.0,0.0,1.0,1.0,0.16,0.07,0.0,255,16,0.06,0.06,0.0,0.0,0.0,0.0,1.0,1.0,neptune,DoS
0,tcp,smtp,SF,1382,328,0,0,0,0,0,1,0,0,0,0,0,0,0,0,0,0,1,2,0.0,0.0,0.0,0.0,1.0,0.0,1.0,169,153,0.57,0.03,0.01,0.01,0.0,0.0,0.0,0.0,normal,Normal
0,tcp,http,SF,297,4897,0,0,0,0,0,1,0,0,0,0,0,0,0,0,0,0,16,18,0.0,0.0,0.0,0.0,1.0,0.0,0.17,255,255,1.0,0.0,0.0,0.0,0.0,0.0,0.0,0.0,normal,Normal
0,tcp,http,SF,345,3138,0,0,0,0,0,1,0,0,0,0,0,0,0,0,0,0,15,15,0.0,0.0,0.0,0.0,1.0,0.0,0.0,54,255,1.0,0.0,0.02,0.05,0.0,0.0,0.0,0.0,normal,Normal
0,tcp,http,SF,296,2510,0,0,0,0,0,1,0,0,0,0,0,0,0,0,0,0,3,3,0.0,0.0,0.0,0.0,1.0,0.0,0.0,10,255,1.0,0.0,0.1,0.03,0.0,0.0,0.0,0.0,normal,Normal
0,tcp,private,S0,0,0,0,0,0,0,0,0,0,0,0,0,0,0,0,0,0,0,240,12,1.0,1.0,0.0,0.0,0.05,0.07,0.0,255,12,0.05,0.07,0.0,0.0,1.0,1.0,0.0,0.0,neptune,DoS
0,tcp,other,REJ,0,0,0,0,0,0,0,0,0,0,0,0,0,0,0,0,0,0,511,1,0.13,0.0,0.87,1.0,0.0,1.0,0.0,255,1,0.0,0.93,0.0,0.0,0.13,0.0,0.87,1.0,satan,Probe
0,tcp,private,REJ,0,0,0,0,0,0,0,0,0,0,0,0,0,0,0,0,0,0,136,4,0.0,0.0,1.0,1.0,0.03,0.07,0.0,255,4,0.02,0.07,0.0,0.0,0.0,0.0,1.0,1.0,neptune,DoS
0,tcp,echo,S0,0,0,0,0,0,0,0,0,0,0,0,0,0,0,0,0,0,0,183,14,1.0,1.0,0.0,0.0,0.08,0.08,0.0,255,14,0.05,0.11,0.0,0.0,1.0,1.0,0.0,0.0,neptune,DoS
0,tcp,http,SF,206,334,0,0,0,0,0,1,0,0,0,0,0,0,0,0,0,0,8,8,0.0,0.0,0.0,0.0,1.0,0.0,0.0,46,255,1.0,0.0,0.02,0.02,0.0,0.0,0.0,0.0,normal,Normal
0,tcp,http,SF,223,1738,0,0,0,0,0,1,0,0,0,0,0,0,0,0,0,0,15,15,0.0,0.0,0.0,0.0,1.0,0.0,0.0,255,255,1.0,0.0,0.0,0.0,0.0,0.0,0.0,0.0,normal,Normal
0,tcp,http,SF,54540,8314,0,0,0,2,0,1,1,0,0,0,0,0,0,0,0,0,4,4,0.0,0.0,0.0,0.0,1.0,0.0,0.0,255,255,1.0,0.0,0.0,0.0,0.0,0.0,0.05,0.05,back,DoS
0,tcp,http,SF,288,558,0,0,0,0,0,1,0,0,0,0,0,0,0,0,0,0,9,13,0.0,0.0,0.0,0.0,1.0,0.0,0.15,30,255,1.0,0.0,0.03,0.04,0.0,0.0,0.0,0.0,normal,Normal
0,icmp,eco_i,SF,30,0,0,0,0,0,0,0,0,0,0,0,0,0,0,0,0,0,4,1,0.0,0.0,0.0,0.0,0.25,0.5,0.0,255,1,0.0,0.01,0.0,0.0,0.0,0.0,0.0,0.0,normal,Normal
0,tcp,private,S0,0,0,0,0,0,0,0,0,0,0,0,0,0,0,0,0,0,0,246,11,1.0,1.0,0.0,0.0,0.04,0.07,0.0,255,11,0.04,0.07,0.0,0.0,1.0,1.0,0.0,0.0,neptune,DoS
0,tcp,private,REJ,0,0,0,0,0,0,0,0,0,0,0,0,0,0,0,0,0,0,286,1,0.0,0.0,1.0,1.0,0.0,0.06,0.0,255,1,0.0,0.06,0.0,0.0,0.0,0.0,1.0,1.0,neptune,DoS
0,tcp,other,REJ,0,0,0,0,0,0,0,0,0,0,0,0,0,0,0,0,0,0,511,1,0.07,0.0,0.93,1.0,0.0,1.0,0.0,255,1,0.0,1.0,0.0,0.0,0.08,0.0,0.91,1.0,saint,Probe
0,tcp,ftp_data,SF,59,0,0,0,0,0,0,0,0,0,0,0,0,0,0,0,0,0,12,12,0.0,0.0,0.0,0.0,1.0,0.0,0.0,152,60,0.39,0.03,0.39,0.0,0.0,0.0,0.0,0.0,normal,Normal
0,tcp,http,SF,224,9703,0,0,0,0,0,1,0,0,0,0,0,0,0,0,0,0,13,14,0.0,0.0,0.0,0.0,1.0,0.0,0.14,255,255,1.0,0.0,0.0,0.0,0.0,0.0,0.0,0.0,normal,Normal
0,tcp,supdup,S0,0,0,0,0,0,0,0,0,0,0,0,0,0,0,0,0,0,0,150,20,1.0,1.0,0.0,0.0,0.13,0.05,0.0,255,20,0.08,0.05,0.0,0.0,1.0,1.0,0.0,0.0,neptune,DoS
4,tcp,pop_3,SF,32,93,0,0,0,0,0,1,0,0,0,0,0,0,0,0,0,0,1,1,0.0,0.0,0.0,0.0,1.0,0.0,0.0,82,74,0.89,0.04,0.01,0.03,0.0,0.0,0.06,0.0,guess_passwd,R2L
0,tcp,private,REJ,0,0,0,0,0,0,0,0,0,0,0,0,0,0,0,0,0,0,218,20,0.0,0.0,1.0,1.0,0.09,0.06,0.0,255,20,0.08,0.07,0.0,0.0,0.0,0.0,1.0,1.0,neptune,DoS
0,tcp,http,REJ,0,0,0,0,0,0,0,0,0,0,0,0,0,0,0,0,0,0,283,14,0.0,0.0,1.0,1.0,0.05,0.06,0.0,255,14,0.05,0.06,0.0,0.0,0.0,0.0,1.0,1.0,neptune,DoS
0,udp,domain_u,SF,44,44,0,0,0,0,0,0,0,0,0,0,0,0,0,0,0,0,230,230,0.0,0.0,0.0,0.0,1.0,0.0,0.0,255,255,1.0,0.0,0.0,0.0,0.0,0.0,0.0,0.0,normal,Normal
0,tcp,telnet,REJ,0,0,0,0,0,0,0,0,0,0,0,0,0,0,0,0,0,0,1,24,0.0,0.12,1.0,0.75,1.0,0.0,0.83,45,87,0.33,0.11,0.02,0.02,0.0,0.0,0.84,0.7,mscan,Probe
280,tcp,ftp_data,SF,283618,0,0,0,0,0,0,0,0,0,0,0,0,0,0,0,0,0,2,2,0.0,0.0,0.0,0.0,1.0,0.0,0.0,10,26,1.0,0.0,1.0,0.12,0.0,0.0,0.0,0.0,warezmaster,R2L
0,tcp,nnsp,REJ,0,0,0,0,0,0,0,0,0,0,0,0,0,0,0,0,0,0,104,4,0.0,0.0,1.0,1.0,0.04,0.07,0.0,255,4,0.02,0.06,0.0,0.0,0.0,0.0,1.0,1.0,neptune,DoS
0,tcp,private,REJ,0,0,0,0,0,0,0,0,0,0,0,0,0,0,0,0,0,0,229,11,0.0,0.0,1.0,1.0,0.05,0.07,0.0,255,11,0.04,0.08,0.0,0.0,0.0,0.0,1.0,1.0,neptune,DoS
0,tcp,private,S0,0,0,0,0,0,0,0,0,0,0,0,0,0,0,0,0,0,0,243,6,1.0,1.0,0.0,0.0,0.02,0.07,0.0,255,6,0.02,0.07,0.0,0.0,1.0,1.0,0.0,0.0,neptune,DoS
0,tcp,smtp,SF,1319,277,0,0,0,0,0,1,0,0,0,0,0,0,0,0,0,0,1,1,0.0,0.0,0.0,0.0,1.0,0.0,0.0,255,144,0.56,0.03,0.0,0.0,0.0,0.0,0.01,0.01,normal,Normal
0,udp,private,SF,51,0,0,0,0,0,0,0,0,0,0,0,0,0,0,0,0,0,3,3,0.0,0.0,0.0,0.0,1.0,0.0,0.0,255,254,1.0,0.01,0.01,0.0,0.0,0.0,0.0,0.0,snmpguess,R2L
0,tcp,http,SF,286,5989,0,0,0,0,0,1,0,0,0,0,0,0,0,0,0,0,6,6,0.0,0.0,0.0,0.0,1.0,0.0,0.0,6,251,1.0,0.0,0.17,0.07,0.0,0.0,0.0,0.0,normal,Normal
0,udp,domain_u,SF,45,45,0,0,0,0,0,0,0,0,0,0,0,0,0,0,0,0,222,222,0.0,0.0,0.0,0.0,1.0,0.0,0.0,255,255,1.0,0.0,0.0,0.0,0.0,0.0,0.0,0.0,normal,Normal
0,tcp,private,REJ,0,0,0,0,0,0,0,0,0,0,0,0,0,0,0,0,0,0,97,20,0.0,0.0,1.0,1.0,0.21,0.06,0.0,255,20,0.08,0.06,0.0,0.0,0.0,0.0,1.0,1.0,neptune,DoS
0,icmp,eco_i,SF,18,0,0,0,0,0,0,0,0,0,0,0,0,0,0,0,0,0,1,1,0.0,0.0,0.0,0.0,1.0,0.0,0.0,1,117,1.0,0.0,1.0,1.0,0.0,0.0,0.0,0.0,ipsweep,Probe
0,tcp,pop_3,SF,35,130,0,0,0,0,0,1,0,0,0,0,0,0,0,0,0,0,1,1,0.0,0.0,0.0,0.0,1.0,0.0,0.0,114,8,0.04,0.05,0.01,0.25,0.0,0.0,0.0,0.0,normal,Normal
0,tcp,private,REJ,0,0,0,0,0,0,0,0,0,0,0,0,0,0,0,0,0,0,440,1,0.05,0.0,0.92,1.0,0.0,1.0,0.0,255,1,0.0,1.0,0.0,0.0,0.03,0.0,0.93,1.0,saint,Probe
0,udp,private,SF,105,146,0,0,0,0,0,0,0,0,0,0,0,0,0,0,0,0,2,2,0.0,0.0,0.0,0.0,1.0,0.0,0.0,255,255,1.0,0.0,0.0,0.0,0.0,0.0,0.0,0.0,snmpgetattack,R2L
0,tcp,private,REJ,0,0,0,0,0,0,0,0,0,0,0,0,0,0,0,0,0,0,217,5,0.0,0.0,1.0,1.0,0.02,0.08,0.0,255,5,0.02,0.09,0.0,0.0,0.0,0.0,1.0,1.0,neptune,DoS
0,tcp,http,SF,224,1158,0,0,0,0,0,1,0,0,0,0,0,0,0,0,0,0,13,23,0.0,0.0,0.0,0.0,1.0,0.0,0.13,127,255,1.0,0.0,0.01,0.02,0.0,0.0,0.0,0.0,normal,Normal
0,tcp,telnet,SF,126,174,0,0,0,0,1,0,0,0,0,0,0,0,0,0,0,0,1,1,0.0,0.0,0.0,0.0,1.0,0.0,0.0,255,111,0.44,0.02,0.0,0.0,0.0,0.0,0.01,0.03,guess_passwd,R2L
0,tcp,http,SF,299,4058,0,0,0,0,0,1,0,0,0,0,0,0,0,0,0,0,1,1,0.0,0.0,0.0,0.0,1.0,0.0,0.0,91,255,1.0,0.0,0.01,0.02,0.0,0.0,0.0,0.0,normal,Normal
0,tcp,http,SF,352,383,0,0,0,0,0,1,0,0,0,0,0,0,0,0,0,0,18,18,0.0,0.0,0.0,0.0,1.0,0.0,0.0,39,253,1.0,0.0,0.03,0.05,0.0,0.0,0.0,0.0,normal,Normal
0,tcp,private,REJ,0,0,0,0,0,0,0,0,0,0,0,0,0,0,0,0,0,0,202,18,0.0,0.0,1.0,1.0,0.09,0.06,0.0,255,18,0.07,0.07,0.0,0.0,0.0,0.0,1.0,1.0,neptune,DoS
0,tcp,private,S0,0,0,0,0,0,0,0,0,0,0,0,0,0,0,0,0,0,0,121,16,1.0,1.0,0.0,0.0,0.13,0.07,0.0,255,16,0.06,0.06,0.0,0.0,1.0,1.0,0.0,0.0,neptune,DoS
0,icmp,ecr_i,SF,1032,0,0,0,0,0,0,0,0,0,0,0,0,0,0,0,0,0,26,26,0.0,0.0,0.0,0.0,1.0,0.0,0.0,255,255,1.0,0.0,1.0,0.0,0.0,0.0,0.0,0.0,smurf,DoS
0,tcp,ftp_data,SF,12,0,0,0,0,0,0,0,0,0,0,0,0,0,0,0,0,0,2,2,0.0,0.0,0.0,0.0,1.0,0.0,0.0,23,10,0.17,0.09,0.17,0.3,0.0,0.0,0.0,0.0,warezmaster,R2L
0,tcp,http,SF,218,3376,0,0,0,0,0,1,0,0,0,0,0,0,0,0,0,0,2,2,0.0,0.0,0.0,0.0,1.0,0.0,0.0,255,255,1.0,0.0,0.0,0.0,0.0,0.0,0.0,0.0,normal,Normal
0,tcp,ftp_data,SF,12,0,0,0,0,0,0,0,0,0,0,0,0,0,0,0,0,0,1,1,0.0,0.0,0.0,0.0,1.0,0.0,0.0,7,29,1.0,0.0,1.0,0.17,0.0,0.0,0.0,0.0,warezmaster,R2L
0,tcp,http,SF,229,1733,0,0,0,0,0,1,0,0,0,0,0,0,0,0,0,0,25,48,0.0,0.0,0.0,0.0,1.0,0.0,0.12,191,255,1.0,0.0,0.01,0.01,0.0,0.0,0.0,0.0,normal,Normal
0,tcp,klogin,REJ,0,0,0,0,0,0,0,0,0,0,0,0,0,0,0,0,0,0,140,19,0.0,0.0,1.0,1.0,0.14,0.06,0.0,255,19,0.07,0.05,0.0,0.0,0.0,0.0,1.0,1.0,neptune,DoS
0,tcp,http,REJ,0,0,0,0,0,0,0,0,0,0,0,0,0,0,0,0,0,0,21,20,0.0,0.0,1.0,1.0,0.95,0.1,0.0,255,20,0.08,0.75,0.0,0.0,0.0,0.0,0.8,1.0,neptune,DoS
0,tcp,http,SF,305,733,0,0,0,0,0,1,0,0,0,0,0,0,0,0,0,0,5,5,0.0,0.0,0.0,0.0,1.0,0.0,0.0,255,255,1.0,0.0,0.0,0.0,0.0,0.0,0.0,0.0,normal,Normal
0,tcp,private,REJ,0,0,0,0,0,0,0,0,0,0,0,0,0,0,0,0,0,0,116,18,0.0,0.0,1.0,1.0,0.16,0.06,0.0,255,18,0.07,0.05,0.0,0.0,0.0,0.0,1.0,1.0,neptune,DoS
0,tcp,netstat,REJ,0,0,0,0,0,0,0,0,0,0,0,0,0,0,0,0,0,0,205,3,0.0,0.0,1.0,1.0,0.01,0.07,0.0,255,3,0.01,0.08,0.0,0.0,0.0,0.0,1.0,1.0,neptune,DoS
0,tcp,http,REJ,0,0,0,0,0,0,0,0,0,0,0,0,0,0,0,0,0,0,20,8,0.0,0.0,1.0,1.0,0.4,0.2,0.0,255,28,0.11,0.58,0.01,0.0,0.0,0.0,0.94,1.0,neptune,DoS
0,tcp,hostnames,S0,0,0,0,0,0,0,0,0,0,0,0,0,0,0,0,0,0,0,180,18,1.0,1.0,0.0,0.0,0.1,0.08,0.0,255,18,0.07,0.08,0.0,0.0,1.0,1.0,0.0,0.0,neptune,DoS
0,tcp,http,SF,228,695,0,0,0,0,0,1,0,0,0,0,0,0,0,0,0,0,14,19,0.0,0.0,0.0,0.0,1.0,0.0,0.11,144,246,1.0,0.0,0.01,0.02,0.0,0.0,0.0,0.0,normal,Normal
0,tcp,private,REJ,0,0,0,0,0,0,0,0,0,0,0,0,0,0,0,0,0,0,204,16,0.04,0.0,0.96,1.0,0.08,0.06,0.0,255,16,0.06,0.06,0.0,0.0,0.04,0.0,0.96,1.0,neptune,DoS
0,tcp,http,SF,332,327,0,0,0,0,0,1,0,0,0,0,0,0,0,0,0,0,3,14,0.0,0.0,0.0,0.0,1.0,0.0,0.21,255,255,1.0,0.0,0.0,0.0,0.0,0.0,0.0,0.0,normal,Normal
0,udp,private,SF,55,52,0,0,0,0,0,0,0,0,0,0,0,0,0,0,0,0,171,171,0.0,0.0,0.0,0.0,1.0,0.0,0.0,255,255,1.0,0.0,0.85,0.0,0.0,0.0,0.0,0.0,normal,Normal
0,tcp,http,SF,259,7080,0,0,0,0,0,1,0,0,0,0,0,0,0,0,0,0,3,3,0.0,0.0,0.0,0.0,1.0,0.0,0.0,11,203,1.0,0.0,0.09,0.03,0.09,0.0,0.0,0.0,normal,Normal
0,tcp,http,SF,297,2729,0,0,0,0,0,1,0,0,0,0,0,0,0,0,0,0,48,48,0.0,0.0,0.0,0.0,1.0,0.0,0.0,255,255,1.0,0.0,0.0,0.0,0.0,0.0,0.0,0.0,normal,Normal
0,tcp,private,RSTR,0,0,0,0,0,0,0,0,0,0,0,0,0,0,0,0,0,0,1,1,0.0,0.0,1.0,1.0,1.0,0.0,0.0,255,1,0.0,0.93,0.92,0.0,0.0,0.0,0.91,1.0,portsweep,Probe
0,tcp,http,SF,35,255,0,0,0,0,0,1,0,0,0,0,0,0,0,0,0,0,1,1,0.0,0.0,0.0,0.0,1.0,0.0,0.0,255,227,0.89,0.02,0.0,0.0,0.0,0.0,0.0,0.0,apache2,DoS
0,tcp,finger,SF,9,179,0,0,0,0,0,0,0,0,0,0,0,0,0,0,0,0,1,2,0.0,0.0,0.0,0.0,1.0,0.0,1.0,176,9,0.05,0.02,0.01,0.0,0.0,0.0,0.0,0.0,normal,Normal
0,tcp,finger,RSTO,0,0,0,0,0,0,0,0,0,0,0,0,0,0,0,0,0,0,202,11,0.0,0.0,1.0,1.0,0.05,0.06,0.0,255,11,0.04,0.07,0.0,0.0,0.0,0.0,1.0,1.0,neptune,DoS
282,tcp,ftp,SF,159,597,0,0,0,2,0,1,0,0,0,0,0,0,0,0,0,1,1,1,0.0,0.0,0.0,0.0,1.0,0.0,0.0,255,18,0.07,0.93,0.0,0.0,0.0,0.06,0.91,0.0,warezmaster,R2L
0,udp,other,SF,516,0,0,0,0,0,0,0,0,0,0,0,0,0,0,0,0,0,1,1,0.0,0.0,0.0,0.0,1.0,0.0,0.0,3,1,0.33,0.67,0.33,0.0,0.0,0.0,0.0,0.0,multihop,R2L
0,tcp,private,REJ,0,0,0,0,0,0,0,0,0,0,0,0,0,0,0,0,0,0,510,1,0.05,0.0,0.93,1.0,0.0,1.0,0.0,255,1,0.0,1.0,0.0,0.0,0.01,0.0,0.95,1.0,satan,Probe
0,tcp,telnet,SF,129,174,0,0,0,0,1,0,0,0,0,0,0,0,0,0,0,0,1,1,0.0,0.0,0.0,0.0,1.0,0.0,0.0,255,255,1.0,0.0,0.0,0.0,0.0,0.0,0.02,0.02,guess_passwd,R2L
0,tcp,http,SF,328,277,0,0,0,0,0,1,0,0,0,0,0,0,0,0,0,0,3,3,0.0,0.0,0.0,0.0,1.0,0.0,0.0,255,11,0.04,0.01,0.0,0.0,0.01,0.0,0.02,0.0,normal,Normal
0,tcp,http,SF,212,884,0,0,0,0,0,1,0,0,0,0,0,0,0,0,0,0,12,12,0.0,0.0,0.0,0.0,1.0,0.0,0.0,12,245,1.0,0.0,0.08,0.02,0.0,0.0,0.0,0.0,normal,Normal
284,tcp,ftp,SF,162,597,0,0,0,2,0,1,0,0,0,0,0,0,0,0,0,1,1,1,0.0,0.0,0.0,0.0,1.0,0.0,0.0,255,90,0.35,0.03,0.0,0.0,0.02,0.0,0.01,0.0,warezmaster,R2L
0,tcp,private,REJ,0,0,0,0,0,0,0,0,0,0,0,0,0,0,0,0,0,0,113,4,0.0,0.0,1.0,1.0,0.04,0.08,0.0,255,4,0.02,0.06,0.0,0.0,0.0,0.0,1.0,1.0,neptune,DoS
0,tcp,private,S0,0,0,0,0,0,0,0,0,0,0,0,0,0,0,0,0,0,0,284,13,1.0,1.0,0.0,0.0,0.05,0.06,0.0,255,13,0.05,0.07,0.0,0.0,1.0,1.0,0.0,0.0,neptune,DoS
0,tcp,http,SF,299,824,0,0,0,0,0,1,0,0,0,0,0,0,0,0,0,0,11,11,0.0,0.0,0.0,0.0,1.0,0.0,0.0,138,255,1.0,0.0,0.01,0.03,0.0,0.0,0.0,0.0,normal,Normal
0,tcp,http,SF,289,1743,0,0,0,0,0,1,0,0,0,0,0,0,0,0,0,0,9,13,0.0,0.0,0.0,0.0,1.0,0.0,0.23,255,255,1.0,0.0,0.0,0.0,0.0,0.0,0.0,0.0,normal,Normal
0,tcp,private,REJ,0,0,0,0,0,0,0,0,0,0,0,0,0,0,0,0,0,0,272,13,0.08,0.0,0.92,1.0,0.05,0.06,0.0,255,13,0.05,0.06,0.0,0.0,0.09,0.0,0.91,1.0,neptune,DoS
0,udp,private,SF,28,0,0,3,0,0,0,0,0,0,0,0,0,0,0,0,0,0,38,38,0.0,0.0,0.0,0.0,1.0,0.0,0.0,255,38,0.15,0.02,0.15,0.0,0.21,0.0,0.37,0.0,normal,Normal
0,udp,private,SF,105,146,0,0,0,0,0,0,0,0,0,0,0,0,0,0,0,0,1,1,0.0,0.0,0.0,0.0,1.0,0.0,0.0,190,188,0.99,0.01,0.01,0.0,0.0,0.0,0.0,0.0,normal,Normal
0,tcp,http,SF,54540,8314,0,0,0,2,0,1,1,0,0,0,0,0,0,0,0,0,4,15,0.0,0.0,0.0,0.0,1.0,0.0,0.13,255,232,0.91,0.01,0.0,0.0,0.0,0.0,0.02,0.02,back,DoS
0,tcp,systat,S0,0,0,0,0,0,0,0,0,0,0,0,0,0,0,0,0,0,0,266,5,1.0,1.0,0.0,0.0,0.02,0.06,0.0,255,5,0.02,0.06,0.0,0.0,1.0,1.0,0.0,0.0,neptune,DoS
0,tcp,http,SF,222,1022,0,0,0,0,0,1,0,0,0,0,0,0,0,0,0,0,6,6,0.0,0.0,0.0,0.0,1.0,0.0,0.0,38,255,1.0,0.0,0.03,0.06,0.0,0.0,0.0,0.0,normal,Normal
0,tcp,http,SF,54540,8314,0,0,0,2,0,1,1,0,0,0,0,0,0,0,0,0,5,5,0.0,0.0,0.2,0.2,1.0,0.0,0.0,255,255,1.0,0.0,0.0,0.0,0.0,0.0,0.07,0.07,back,DoS
0,tcp,http,SF,395,421,0,0,0,0,0,1,0,0,0,0,0,0,0,0,0,0,1,1,0.0,0.0,0.0,0.0,1.0,0.0,0.0,91,255,1.0,0.0,0.01,0.05,0.0,0.0,0.0,0.0,normal,Normal
0,tcp,http,SF,311,825,0,0,0,0,0,1,0,0,0,0,0,0,0,0,0,0,7,7,0.0,0.0,0.0,0.0,1.0,0.0,0.0,58,255,1.0,0.0,0.02,0.03,0.0,0.0,0.0,0.0,normal,Normal
0,tcp,http,SF,230,1064,0,0,0,0,0,1,0,0,0,0,0,0,0,0,0,0,26,28,0.0,0.0,0.0,0.0,1.0,0.0,0.11,58,255,1.0,0.0,0.02,0.02,0.0,0.0,0.0,0.0,normal,Normal
0,tcp,http,SF,300,882,0,0,0,0,0,1,0,0,0,0,0,0,0,0,0,0,20,20,0.0,0.0,0.0,0.0,1.0,0.0,0.0,228,255,1.0,0.0,0.0,0.01,0.0,0.0,0.0,0.0,normal,Normal
0,udp,domain_u,SF,45,128,0,0,0,0,0,0,0,0,0,0,0,0,0,0,0,0,90,170,0.0,0.0,0.0,0.0,0.99,0.02,0.01,255,253,0.99,0.01,0.0,0.0,0.0,0.0,0.0,0.0,normal,Normal
0,tcp,http,S0,0,0,0,0,0,0,0,0,0,0,0,0,0,0,0,0,0,0,125,125,1.0,1.0,0.0,0.0,1.0,0.0,0.0,255,255,1.0,0.0,0.0,0.0,0.71,0.71,0.26,0.26,apache2,DoS
0,tcp,private,REJ,0,0,0,0,0,0,0,0,0,0,0,0,0,0,0,0,0,0,251,3,0.0,0.0,1.0,1.0,0.01,0.07,0.0,255,3,0.01,0.07,0.0,0.0,0.0,0.0,1.0,1.0,neptune,DoS
9,tcp,telnet,SF,4209,7872,0,0,0,0,0,1,0,0,0,0,0,0,0,0,0,0,1,1,0.0,0.0,0.0,0.0,1.0,0.0,0.0,71,1,0.01,0.07,0.01,0.0,0.0,0.0,0.0,0.0,worm,DoS
281,tcp,ftp,SF,160,599,0,0,0,2,0,1,0,0,0,0,0,0,0,0,0,1,1,1,0.0,0.0,0.0,0.0,1.0,0.0,0.0,255,2,0.01,0.02,0.0,0.0,0.97,0.0,0.0,0.0,warezmaster,R2L
0,tcp,http,SF,307,1745,0,0,0,0,0,1,0,0,0,0,0,0,0,0,0,0,29,34,0.0,0.0,0.0,0.0,1.0,0.0,0.09,255,255,1.0,0.0,0.0,0.0,0.0,0.0,0.0,0.0,normal,Normal
0,tcp,http,SF,216,1175,0,0,0,0,0,1,0,0,0,0,0,0,0,0,0,0,7,13,0.0,0.0,0.0,0.0,1.0,0.0,0.15,7,255,1.0,0.0,0.14,0.06,0.0,0.0,0.0,0.0,normal,Normal
0,tcp,http,SF,209,3784,0,0,0,0,0,1,0,0,0,0,0,0,0,0,0,0,3,31,0.0,0.0,0.0,0.0,1.0,0.0,0.06,3,253,1.0,0.0,0.33,0.02,0.0,0.01,0.0,0.0,normal,Normal
0,tcp,http,SF,335,14497,0,0,0,0,0,1,0,0,0,0,0,0,0,0,0,0,8,8,0.12,0.12,0.0,0.0,1.0,0.0,0.0,255,255,1.0,0.0,0.0,0.0,0.0,0.0,0.0,0.0,normal,Normal
0,udp,private,SF,1,1,0,0,0,0,0,0,0,0,0,0,0,0,0,0,0,0,112,1,0.0,0.0,0.0,0.0,0.01,0.96,0.0,255,1,0.0,0.84,1.0,0.0,0.0,0.0,0.0,0.0,satan,Probe
0,tcp,http,S0,0,0,0,0,0,0,0,0,0,0,0,0,0,0,0,0,0,0,34,34,0.24,0.24,0.76,0.76,1.0,0.0,0.0,255,255,1.0,0.0,0.0,0.0,0.04,0.04,0.68,0.68,apache2,DoS
282,tcp,ftp,SF,160,597,0,0,0,2,0,1,0,0,0,0,0,0,0,0,0,1,1,1,0.0,0.0,0.0,0.0,1.0,0.0,0.0,207,68,0.33,0.03,0.0,0.0,0.0,0.0,0.0,0.0,warezmaster,R2L
0,tcp,whois,REJ,0,0,0,0,0,0,0,0,0,0,0,0,0,0,0,0,0,0,252,11,0.0,0.0,1.0,1.0,0.04,0.06,0.0,255,11,0.04,0.07,0.0,0.0,0.0,0.0,1.0,1.0,neptune,DoS
0,tcp,http,SF,211,1423,0,0,0,0,0,1,0,0,0,0,0,0,0,0,0,0,5,12,0.0,0.0,0.0,0.0,1.0,0.0,0.42,255,255,1.0,0.0,0.0,0.0,0.0,0.0,0.0,0.0,normal,Normal
0,tcp,private,REJ,0,0,0,0,0,0,0,0,0,0,0,0,0,0,0,0,0,0,204,15,0.0,0.0,1.0,1.0,0.07,0.07,0.0,255,15,0.06,0.07,0.0,0.0,0.0,0.0,1.0,1.0,neptune,DoS
6103,tcp,IRC,RSTR,583,7308,0,0,0,0,0,0,0,0,0,0,0,0,0,0,0,0,2,1,0.0,0.0,0.5,1.0,0.5,1.0,0.0,46,20,0.43,0.04,0.02,0.0,0.0,0.0,0.26,0.6,normal,Normal
0,icmp,ecr_i,SF,1008,0,0,0,0,0,0,0,0,0,0,0,0,0,0,0,0,0,99,99,0.0,0.0,0.0,0.0,1.0,0.0,0.0,255,255,1.0,0.0,1.0,0.0,0.0,0.0,0.0,0.0,smurf,DoS
0,tcp,private,REJ,0,0,0,0,0,0,0,0,0,0,0,0,0,0,0,0,0,0,271,6,0.0,0.0,1.0,1.0,0.02,0.06,0.0,255,6,0.02,0.06,0.0,0.0,0.0,0.0,1.0,1.0,neptune,DoS
0,tcp,http_443,S0,0,0,0,0,0,0,0,0,0,0,0,0,0,0,0,0,0,0,118,2,1.0,1.0,0.0,0.0,0.02,0.07,0.0,255,2,0.01,0.06,0.0,0.0,1.0,1.0,0.0,0.0,neptune,DoS
906,tcp,http,RSTR,59424,0,0,0,0,0,0,1,0,0,0,0,0,0,0,0,0,0,18,18,0.06,0.06,0.89,0.89,1.0,0.0,0.0,255,255,1.0,0.0,0.0,0.0,0.0,0.0,0.06,0.06,apache2,DoS
0,tcp,private,REJ,0,0,0,0,0,0,0,0,0,0,0,0,0,0,0,0,0,0,188,1,0.01,0.0,0.99,1.0,0.01,0.07,0.0,255,1,0.0,0.07,0.0,0.0,0.01,0.0,0.99,1.0,neptune,DoS
0,tcp,http,SF,253,253,0,0,0,0,0,1,0,0,0,0,0,0,0,0,0,0,9,9,0.0,0.0,0.0,0.0,1.0,0.0,0.0,18,255,1.0,0.0,0.06,0.01,0.0,0.0,0.0,0.0,normal,Normal
0,udp,private,SF,55,51,0,0,0,0,0,0,0,0,0,0,0,0,0,0,0,0,318,318,0.0,0.0,0.0,0.0,1.0,0.0,0.0,255,255,1.0,0.0,0.93,0.0,0.0,0.0,0.0,0.0,normal,Normal
0,tcp,telnet,RSTO,0,0,0,0,0,0,0,0,0,0,0,0,0,0,0,0,0,0,244,10,0.0,0.0,1.0,1.0,0.04,0.07,0.0,255,10,0.04,0.07,0.0,0.0,0.0,0.0,1.0,1.0,neptune,DoS
0,tcp,ftp_data,SF,201,0,0,0,0,0,0,0,0,0,0,0,0,0,0,0,0,0,1,1,0.0,0.0,0.0,0.0,1.0,0.0,0.0,209,96,0.37,0.02,0.37,0.02,0.0,0.0,0.01,0.0,normal,Normal
0,tcp,telnet,RSTO,0,15,0,0,0,0,0,0,0,0,0,0,0,0,0,0,0,0,2,4,0.0,0.0,0.5,0.5,1.0,0.0,0.5,67,90,0.34,0.07,0.01,0.02,0.0,0.11,0.87,0.6,mscan,Probe
0,tcp,http,SF,209,449,0,0,0,0,0,1,0,0,0,0,0,0,0,0,0,0,1,1,0.0,0.0,0.0,0.0,1.0,0.0,0.0,43,255,1.0,0.0,0.02,0.03,0.0,0.0,0.0,0.0,normal,Normal
0,tcp,private,S0,0,0,0,0,0,0,0,0,0,0,0,0,0,0,0,0,0,0,108,1,1.0,1.0,0.0,0.0,0.01,0.06,0.0,255,1,0.0,0.06,0.0,0.0,1.0,1.0,0.0,0.0,neptune,DoS
1,tcp,smtp,SF,2599,261,0,0,0,0,0,1,0,0,0,0,0,0,0,0,0,0,2,2,0.0,0.0,0.0,0.0,1.0,0.0,0.0,255,245,0.96,0.04,0.0,0.0,0.0,0.0,0.04,0.0,mailbomb,DoS
0,tcp,telnet,S0,0,0,0,0,0,0,0,0,0,0,0,0,0,0,0,0,0,0,150,150,1.0,1.0,0.0,0.0,1.0,0.0,0.0,255,201,0.79,0.07,0.0,0.0,0.75,0.96,0.02,0.0,neptune,DoS
0,icmp,eco_i,SF,20,0,0,0,0,0,0,0,0,0,0,0,0,0,0,0,0,0,1,56,0.0,0.0,0.0,0.0,1.0,0.0,1.0,4,164,1.0,0.0,1.0,0.25,0.0,0.0,0.0,0.0,saint,Probe
0,tcp,private,REJ,0,0,0,0,0,0,0,0,0,0,0,0,0,0,0,0,0,0,106,5,0.0,0.0,1.0,1.0,0.05,0.08,0.0,255,5,0.02,0.07,0.0,0.0,0.0,0.0,1.0,1.0,neptune,DoS
0,tcp,http,SF,335,11832,0,0,0,0,0,1,0,0,0,0,0,0,0,0,0,0,5,25,0.0,0.0,0.0,0.0,1.0,0.0,0.16,255,255,1.0,0.0,0.0,0.0,0.0,0.0,0.0,0.0,normal,Normal
0,tcp,private,REJ,0,0,0,0,0,0,0,0,0,0,0,0,0,0,0,0,0,0,196,4,0.0,0.0,1.0,1.0,0.02,0.07,0.0,8,4,0.5,0.38,0.12,0.0,0.0,0.0,1.0,1.0,neptune,DoS
0,tcp,http,SF,274,5812,0,0,0,0,0,1,0,0,0,0,0,0,0,0,0,0,18,20,0.0,0.0,0.0,0.0,1.0,0.0,0.1,62,253,1.0,0.0,0.02,0.02,0.0,0.01,0.0,0.0,normal,Normal
0,tcp,ssh,S0,0,0,0,0,0,0,0,0,0,0,0,0,0,0,0,0,0,0,179,16,1.0,1.0,0.0,0.0,0.09,0.08,0.0,255,16,0.06,0.09,0.0,0.0,1.0,1.0,0.0,0.0,neptune,DoS
0,tcp,http,SF,329,1604,0,0,0,0,0,1,0,0,0,0,0,0,0,0,0,0,1,11,0.0,0.0,0.0,0.0,1.0,0.0,0.18,1,255,1.0,0.0,1.0,0.01,0.0,0.0,0.0,0.0,normal,Normal
0,tcp,http,SF,231,1848,0,0,0,0,0,1,0,0,0,0,0,0,0,0,0,0,1,1,0.0,0.0,0.0,0.0,1.0,0.0,0.0,173,255,1.0,0.0,0.01,0.02,0.0,0.0,0.0,0.0,normal,Normal
0,tcp,private,REJ,0,0,0,0,0,0,0,0,0,0,0,0,0,0,0,0,0,0,120,12,0.0,0.0,1.0,1.0,0.1,0.06,0.0,255,12,0.05,0.06,0.0,0.0,0.0,0.0,1.0,1.0,neptune,DoS
0,tcp,ftp_data,SF,1342,0,0,0,0,0,0,0,0,0,0,0,0,0,0,0,0,0,4,4,0.0,0.0,0.0,0.0,1.0,0.0,0.0,94,84,0.62,0.04,0.62,0.02,0.0,0.0,0.0,0.0,normal,Normal
0,tcp,http,SF,210,776,0,0,0,0,0,1,0,0,0,0,0,0,0,0,0,0,1,1,0.0,0.0,0.0,0.0,1.0,0.0,0.0,255,246,0.96,0.01,0.0,0.0,0.0,0.0,0.0,0.0,normal,Normal
0,udp,private,SF,54,54,0,0,0,0,0,0,0,0,0,0,0,0,0,0,0,0,511,511,0.0,0.0,0.0,0.0,1.0,0.0,0.0,255,255,1.0,0.0,0.87,0.0,0.0,0.0,0.0,0.0,normal,Normal
0,udp,domain_u,SF,43,71,0,0,0,0,0,0,0,0,0,0,0,0,0,0,0,0,113,113,0.0,0.0,0.0,0.0,1.0,0.0,0.0,255,254,1.0,0.01,0.0,0.0,0.0,0.0,0.0,0.0,normal,Normal
0,tcp,Z39_50,REJ,0,0,0,0,0,0,0,0,0,0,0,0,0,0,0,0,0,0,245,13,0.0,0.0,1.0,1.0,0.05,0.07,0.0,255,13,0.05,0.07,0.0,0.0,0.0,0.0,1.0,1.0,neptune,DoS
0,tcp,sunrpc,REJ,0,0,0,0,0,0,0,0,0,0,0,0,0,0,0,0,0,0,5,3,0.0,0.0,0.8,1.0,0.2,0.8,1.0,240,51,0.2,0.02,0.0,0.04,0.01,0.0,0.87,1.0,mscan,Probe
0,tcp,private,S0,0,0,0,0,0,0,0,0,0,0,0,0,0,0,0,0,0,0,259,5,0.8,1.0,0.2,0.0,0.02,0.06,0.0,255,5,0.02,0.07,0.0,0.0,0.79,1.0,0.21,0.0,neptune,DoS
0,udp,other,SF,1,0,0,0,0,0,0,0,0,0,0,0,0,0,0,0,0,0,67,10,0.0,0.0,0.0,0.0,0.15,0.87,0.0,255,10,0.04,0.56,0.96,0.0,0.0,0.0,0.04,0.0,normal,Normal
6,tcp,smtp,SF,128,238,0,0,0,0,0,1,0,0,0,0,0,0,0,0,0,0,1,1,0.0,0.0,0.0,0.0,1.0,0.0,0.0,100,109,0.7,0.04,0.01,0.03,0.0,0.0,0.0,0.0,normal,Normal
0,tcp,telnet,REJ,0,0,0,0,0,0,0,0,0,0,0,0,0,0,0,0,0,0,1,9,0.0,0.0,1.0,0.89,1.0,0.0,0.89,117,84,0.32,0.04,0.01,0.02,0.0,0.0,0.91,0.71,mscan,Probe
2065,tcp,http,RSTR,56504,0,0,0,0,0,0,1,0,0,0,0,0,0,0,0,0,0,8,8,0.0,0.0,1.0,1.0,1.0,0.0,0.0,255,243,0.95,0.01,0.0,0.0,0.02,0.02,0.35,0.37,apache2,DoS
4,tcp,pop_3,SF,28,93,0,0,0,0,0,1,0,0,0,0,0,0,0,0,0,0,1,1,0.0,0.0,0.0,0.0,1.0,0.0,0.0,171,153,0.89,0.02,0.01,0.01,0.0,0.0,0.06,0.0,guess_passwd,R2L
0,tcp,private,REJ,0,0,0,0,0,0,0,0,0,0,0,0,0,0,0,0,0,0,259,2,0.0,0.0,1.0,1.0,0.01,0.07,0.0,255,2,0.01,0.07,0.0,0.0,0.0,0.0,1.0,1.0,neptune,DoS
0,tcp,http,SF,338,2473,0,0,0,0,0,1,0,0,0,0,0,0,0,0,0,0,7,14,0.0,0.0,0.0,0.0,1.0,0.0,0.36,255,255,1.0,0.0,0.0,0.0,0.0,0.0,0.0,0.0,normal,Normal
0,tcp,telnet,S0,0,0,0,0,0,0,0,0,0,0,0,0,0,0,0,0,0,0,260,17,1.0,1.0,0.0,0.0,0.07,0.06,0.0,255,17,0.07,0.06,0.0,0.0,1.0,1.0,0.0,0.0,neptune,DoS
0,tcp,http,SF,205,616,0,0,0,0,0,1,0,0,0,0,0,0,0,0,0,0,11,15,0.0,0.0,0.0,0.0,1.0,0.0,0.13,255,255,1.0,0.0,0.0,0.0,0.0,0.0,0.0,0.0,normal,Normal
0,tcp,http,SF,224,6859,0,0,0,0,0,1,0,0,0,0,0,0,0,0,0,0,2,4,0.0,0.0,0.0,0.0,1.0,0.0,0.5,255,255,1.0,0.0,0.0,0.0,0.0,0.0,0.0,0.0,normal,Normal
0,tcp,http,SF,208,3376,0,0,0,0,0,1,0,0,0,0,0,0,0,0,0,0,13,25,0.0,0.0,0.0,0.0,1.0,0.0,0.08,27,255,1.0,0.0,0.04,0.02,0.0,0.0,0.0,0.0,normal,Normal
0,tcp,http,SF,250,611,0,0,0,0,0,1,0,0,0,0,0,0,0,0,0,0,4,4,0.0,0.0,0.0,0.0,1.0,0.0,0.0,4,255,1.0,0.0,0.25,0.02,0.0,0.0,0.0,0.0,normal,Normal
0,tcp,ftp_data,SF,687,0,0,0,0,0,0,0,0,0,0,0,0,0,0,0,0,0,1,1,0.0,0.0,0.0,0.0,1.0,0.0,0.0,176,42,0.24,0.03,0.24,0.0,0.0,0.0,0.01,0.0,normal,Normal
0,tcp,http,SF,306,3313,0,0,0,0,0,1,0,0,0,0,0,0,0,0,0,0,1,1,0.0,0.0,0.0,0.0,1.0,0.0,0.0,104,255,1.0,0.0,0.01,0.01,0.0,0.0,0.0,0.0,normal,Normal
3,tcp,smtp,SF,11786,1360,0,0,0,0,0,1,0,0,0,0,0,0,0,0,0,0,1,2,0.0,0.0,0.0,0.0,1.0,0.0,1.0,35,36,0.74,0.06,0.03,0.06,0.0,0.0,0.0,0.0,normal,Normal
4,tcp,pop_3,SF,30,93,0,0,0,0,0,1,0,0,0,0,0,0,0,0,0,0,1,1,0.0,0.0,0.0,0.0,1.0,0.0,0.0,255,226,0.89,0.04,0.0,0.0,0.0,0.0,0.0,0.0,guess_passwd,R2L
0,tcp,http,SF,305,2196,0,0,0,0,0,1,0,0,0,0,0,0,0,0,0,0,3,3,0.0,0.0,0.0,0.0,1.0,0.0,0.0,255,255,1.0,0.0,0.0,0.0,0.0,0.0,0.0,0.0,normal,Normal
0,udp,private,SF,52,47,0,0,0,0,0,0,0,0,0,0,0,0,0,0,0,0,511,511,0.0,0.0,0.0,0.0,1.0,0.0,0.0,255,255,1.0,0.0,0.92,0.0,0.0,0.0,0.0,0.0,normal,Normal
0,tcp,http,SF,223,514,0,0,0,0,0,1,0,0,0,0,0,0,0,0,0,0,4,4,0.0,0.0,0.0,0.0,1.0,0.0,0.0,135,255,1.0,0.0,0.01,0.01,0.0,0.0,0.0,0.0,normal,Normal
0,tcp,private,REJ,0,0,0,0,0,0,0,0,0,0,0,0,0,0,0,0,0,0,120,20,0.0,0.0,1.0,1.0,0.17,0.08,0.0,255,20,0.08,0.06,0.0,0.0,0.0,0.0,1.0,1.0,neptune,DoS
0,tcp,other,REJ,0,0,0,0,0,0,0,0,0,0,0,0,0,0,0,0,0,0,477,1,0.08,0.0,0.92,1.0,0.0,1.0,0.0,255,1,0.0,1.0,0.0,0.0,0.07,0.0,0.93,1.0,satan,Probe
0,udp,domain_u,SF,44,44,0,0,0,0,0,0,0,0,0,0,0,0,0,0,0,0,231,231,0.0,0.0,0.0,0.0,1.0,0.0,0.0,255,254,1.0,0.01,0.0,0.0,0.0,0.0,0.0,0.0,normal,Normal
0,tcp,ftp_data,SF,12,0,0,0,0,0,0,0,0,0,0,0,0,0,0,0,0,0,1,1,0.0,0.0,0.0,0.0,1.0,0.0,0.0,7,29,1.0,0.0,1.0,0.14,0.0,0.0,0.0,0.0,warezmaster,R2L
0,tcp,http,SF,319,327,0,0,0,0,0,1,0,0,0,0,0,0,0,0,0,0,1,9,0.0,0.0,0.0,0.0,1.0,0.0,0.44,20,249,1.0,0.0,0.05,0.06,0.0,0.0,0.0,0.0,normal,Normal
0,tcp,private,RSTR,0,0,0,0,0,0,0,0,0,0,0,0,0,0,0,0,0,0,1,1,0.0,0.0,1.0,1.0,1.0,0.0,0.0,255,1,0.0,0.8,0.78,0.0,0.0,0.0,0.76,1.0,portsweep,Probe
0,tcp,imap4,RSTO,0,44,0,0,0,0,0,0,0,0,0,0,0,0,0,0,0,0,2,2,0.0,0.0,1.0,1.0,0.5,1.0,1.0,185,59,0.24,0.03,0.01,0.03,0.01,0.0,0.89,0.95,mscan,Probe
0,tcp,private,S0,0,0,0,0,0,0,0,0,0,0,0,0,0,0,0,0,0,0,220,1,1.0,1.0,0.0,0.0,0.0,0.07,0.0,255,1,0.0,0.07,0.0,0.0,1.0,1.0,0.0,0.0,neptune,DoS
0,tcp,http,SF,310,1512,0,0,0,0,0,1,0,0,0,0,0,0,0,0,0,0,11,11,0.0,0.0,0.0,0.0,1.0,0.0,0.0,173,255,1.0,0.0,0.01,0.01,0.0,0.0,0.0,0.0,normal,Normal
0,tcp,http,SF,234,1565,0,0,0,0,0,1,0,0,0,0,0,0,0,0,0,0,5,5,0.0,0.0,0.0,0.0,1.0,0.0,0.0,255,255,1.0,0.0,0.0,0.0,0.0,0.0,0.0,0.0,normal,Normal
0,tcp,http,SF,203,651,0,0,0,0,0,1,0,0,0,0,0,0,0,0,0,0,19,19,0.0,0.0,0.0,0.0,1.0,0.0,0.0,255,255,1.0,0.0,0.0,0.0,0.0,0.0,0.0,0.0,normal,Normal
281,tcp,ftp,SF,162,599,0,0,0,2,0,1,0,0,0,0,0,0,0,0,0,1,1,1,0.0,0.0,0.0,0.0,1.0,0.0,0.0,255,18,0.07,0.02,0.0,0.0,0.58,0.0,0.02,0.0,warezmaster,R2L
4,tcp,pop_3,SF,31,93,0,0,0,0,0,1,0,0,0,0,0,0,0,0,0,0,1,1,0.0,0.0,0.0,0.0,1.0,0.0,0.0,255,208,0.82,0.02,0.0,0.0,0.0,0.0,0.07,0.0,guess_passwd,R2L
0,tcp,http,SF,577,3124,0,0,0,0,0,1,0,0,0,0,0,0,0,0,0,0,1,2,0.0,0.0,0.0,0.0,1.0,0.0,1.0,20,255,1.0,0.0,0.05,0.03,0.0,0.0,0.0,0.0,normal,Normal
0,tcp,private,S0,0,0,0,0,0,0,0,0,0,0,0,0,0,0,0,0,0,0,142,18,1.0,1.0,0.0,0.0,0.13,0.06,0.0,255,18,0.07,0.1,0.0,0.0,1.0,1.0,0.0,0.0,neptune,DoS
0,tcp,http,SF,211,692,0,0,0,0,0,1,0,0,0,0,0,0,0,0,0,0,6,6,0.0,0.0,0.0,0.0,1.0,0.0,0.0,80,255,1.0,0.0,0.01,0.05,0.0,0.0,0.0,0.0,normal,Normal
0,tcp,kshell,REJ,0,0,0,0,0,0,0,0,0,0,0,0,0,0,0,0,0,0,140,2,0.0,0.0,1.0,1.0,0.01,0.06,0.0,255,2,0.01,0.06,0.0,0.0,0.0,0.0,1.0,1.0,neptune,DoS
0,tcp,systat,S0,0,0,0,0,0,0,0,0,0,0,0,0,0,0,0,0,0,0,271,1,1.0,1.0,0.0,0.0,0.0,0.07,0.0,255,1,0.0,0.07,0.0,0.0,1.0,1.0,0.0,0.0,neptune,DoS
0,tcp,Z39_50,S0,0,0,0,0,0,0,0,0,0,0,0,0,0,0,0,0,0,0,157,2,1.0,1.0,0.0,0.0,0.01,0.1,0.0,255,2,0.01,0.1,0.0,0.0,1.0,1.0,0.0,0.0,neptune,DoS
1,tcp,uucp,SF,6,0,0,0,0,0,0,1,0,0,0,0,0,0,0,0,0,0,8,1,0.0,0.0,0.25,0.0,0.12,1.0,0.0,255,1,0.0,0.88,0.0,0.0,0.0,0.0,0.01,0.0,satan,Probe
0,tcp,ftp_data,SF,6932,0,0,0,0,0,0,0,0,0,0,0,0,0,0,0,0,0,2,2,0.0,0.0,0.0,0.0,1.0,0.0,0.0,133,59,0.44,0.04,0.44,0.0,0.0,0.0,0.01,0.0,normal,Normal
0,tcp,private,REJ,0,0,0,0,0,0,0,0,0,0,0,0,0,0,0,0,0,0,206,7,0.0,0.0,1.0,1.0,0.03,0.07,0.0,255,7,0.03,0.07,0.0,0.0,0.0,0.0,1.0,1.0,neptune,DoS
2061,tcp,http,RSTR,72564,0,0,0,0,0,0,1,0,0,0,0,0,0,0,0,0,0,11,11,0.0,0.0,1.0,1.0,1.0,0.0,0.0,255,243,0.95,0.01,0.0,0.0,0.02,0.02,0.29,0.3,apache2,DoS
0,tcp,finger,S0,0,0,0,0,0,0,0,0,0,0,0,0,0,0,0,0,0,0,76,20,1.0,1.0,0.0,0.0,0.26,0.05,0.0,255,61,0.24,0.02,0.01,0.0,0.98,0.98,0.0,0.0,neptune,DoS
0,tcp,http,SF,326,2445,0,0,0,0,0,1,0,0,0,0,0,0,0,0,0,0,1,16,0.0,0.0,0.0,0.0,1.0,0.0,0.12,255,255,1.0,0.0,0.0,0.0,0.0,0.0,0.0,0.0,normal,Normal
0,udp,private,SF,1,0,0,0,0,0,0,0,0,0,0,0,0,0,0,0,0,0,31,7,0.0,0.0,0.0,0.0,0.23,0.26,0.0,255,7,0.03,0.9,0.13,0.0,0.0,0.0,0.87,0.0,normal,Normal
0,udp,domain_u,SF,43,126,0,0,0,0,0,0,0,0,0,0,0,0,0,0,0,0,85,165,0.0,0.0,0.0,0.0,1.0,0.0,0.01,255,255,1.0,0.0,0.0,0.0,0.0,0.0,0.0,0.0,normal,Normal
0,tcp,private,REJ,0,0,0,0,0,0,0,0,0,0,0,0,0,0,0,0,0,0,199,13,0.0,0.0,1.0,1.0,0.07,0.06,0.0,255,13,0.05,0.05,0.0,0.0,0.0,0.0,1.0,1.0,neptune,DoS
0,tcp,smtp,SF,1734,481,0,0,0,0,0,1,0,0,0,0,0,0,0,0,0,0,1,1,0.0,0.0,0.0,0.0,1.0,0.0,0.0,255,18,0.07,0.01,0.0,0.0,0.0,0.0,0.0,0.0,normal,Normal
0,tcp,systat,REJ,0,0,0,0,0,0,0,0,0,0,0,0,0,0,0,0,0,0,226,10,0.0,0.0,1.0,1.0,0.04,0.07,0.0,255,10,0.04,0.08,0.0,0.0,0.0,0.0,1.0,1.0,neptune,DoS
6,tcp,pop_3,SF,28,93,0,0,0,0,0,1,0,0,0,0,0,0,0,0,0,0,1,1,0.0,0.0,0.0,0.0,1.0,0.0,0.0,255,158,0.62,0.02,0.0,0.0,0.0,0.0,0.13,0.0,guess_passwd,R2L
0,tcp,private,REJ,0,0,0,0,0,0,0,0,0,0,0,0,0,0,0,0,0,0,299,16,0.0,0.0,1.0,1.0,0.05,0.05,0.0,255,16,0.06,0.06,0.0,0.0,0.0,0.0,1.0,1.0,neptune,DoS
282,tcp,ftp,SF,158,597,0,0,0,2,0,1,0,0,0,0,0,0,0,0,0,1,1,1,0.0,0.0,0.0,0.0,1.0,0.0,0.0,255,37,0.15,0.03,0.0,0.0,0.33,0.0,0.02,0.0,warezmaster,R2L
1,tcp,imap4,RSTO,0,44,0,0,0,0,0,0,0,0,0,0,0,0,0,0,0,0,2,11,0.0,0.0,1.0,0.73,0.5,1.0,1.0,255,55,0.22,0.02,0.0,0.0,0.02,0.05,0.79,0.91,mscan,Probe
0,tcp,http,SF,254,5572,0,0,0,0,0,1,0,0,0,0,0,0,0,0,0,0,15,16,0.0,0.0,0.0,0.0,1.0,0.0,0.12,171,255,1.0,0.0,0.01,0.02,0.0,0.0,0.0,0.0,normal,Normal
0,tcp,http,SF,254,2062,0,0,0,0,0,1,0,0,0,0,0,0,0,0,0,0,1,1,0.0,0.0,0.0,0.0,1.0,0.0,0.0,255,255,1.0,0.0,0.0,0.0,0.0,0.0,0.0,0.0,normal,Normal
7565,tcp,telnet,SF,0,44,0,0,0,0,0,0,0,0,0,0,0,0,0,0,0,0,1,1,0.0,0.0,0.0,0.0,1.0,0.0,0.0,255,185,0.73,0.03,0.0,0.0,0.33,0.46,0.12,0.08,processtable,DoS
7257,tcp,telnet,SF,0,44,0,0,0,0,0,0,0,0,0,0,0,0,0,0,0,0,1,1,0.0,0.0,0.0,0.0,1.0,0.0,0.0,255,245,0.96,0.02,0.0,0.0,0.27,0.28,0.01,0.0,processtable,DoS
281,tcp,ftp,SF,156,593,0,0,0,2,0,1,0,0,0,0,0,0,0,0,0,1,1,1,0.0,0.0,0.0,0.0,1.0,0.0,0.0,255,3,0.01,0.02,0.0,0.0,0.33,0.0,0.04,0.0,warezmaster,R2L
0,tcp,pop_3,REJ,0,0,0,0,0,0,0,0,0,0,0,0,0,0,0,0,0,0,3,10,0.0,0.0,1.0,0.9,0.33,1.0,1.0,17,60,0.24,0.29,0.06,0.03,0.0,0.0,0.82,1.0,mscan,Probe
0,tcp,http,SF,194,794,0,0,0,0,0,1,0,0,0,0,0,0,0,0,0,0,14,15,0.0,0.0,0.0,0.07,1.0,0.0,0.13,14,255,1.0,0.0,0.07,0.05,0.0,0.0,0.0,0.0,normal,Normal
0,tcp,other,REJ,0,0,0,0,0,0,0,0,0,0,0,0,0,0,0,0,0,0,398,1,0.17,0.0,0.83,1.0,0.0,1.0,0.0,255,1,0.0,0.91,0.0,0.0,0.13,0.0,0.87,1.0,satan,Probe
0,tcp,private,S0,0,0,0,0,0,0,0,0,0,0,0,0,0,0,0,0,0,0,240,17,1.0,1.0,0.0,0.0,0.07,0.07,0.0,255,17,0.07,0.08,0.0,0.0,1.0,1.0,0.0,0.0,neptune,DoS
281,tcp,ftp,SF,160,597,0,0,0,2,0,1,0,0,0,0,0,0,0,0,0,1,1,1,0.0,0.0,0.0,0.0,1.0,0.0,0.0,255,5,0.02,0.36,0.0,0.0,0.0,0.0,0.96,0.0,warezmaster,R2L
0,tcp,http,SF,228,29412,0,0,0,0,0,1,0,0,0,0,0,0,0,0,0,0,4,6,0.0,0.0,0.0,0.0,1.0,0.0,0.33,147,255,1.0,0.0,0.01,0.02,0.0,0.0,0.0,0.0,normal,Normal
0,tcp,hostnames,REJ,0,0,0,0,0,0,0,0,0,0,0,0,0,0,0,0,0,0,269,17,0.0,0.0,1.0,1.0,0.06,0.06,0.0,255,17,0.07,0.07,0.0,0.0,0.0,0.0,1.0,1.0,neptune,DoS
0,tcp,http,SF,233,17743,0,0,0,0,0,1,0,0,0,0,0,0,0,0,0,0,1,1,0.0,0.0,0.0,0.0,1.0,0.0,0.0,95,255,1.0,0.0,0.01,0.04,0.0,0.0,0.0,0.0,normal,Normal
0,tcp,http,SF,212,765,0,0,0,0,0,1,0,0,0,0,0,0,0,0,0,0,4,5,0.0,0.0,0.0,0.0,1.0,0.0,0.4,255,255,1.0,0.0,0.0,0.0,0.0,0.0,0.0,0.0,normal,Normal
0,tcp,imap4,S0,0,0,0,0,0,0,0,0,0,0,0,0,0,0,0,0,0,0,1,1,1.0,1.0,0.0,0.0,1.0,0.0,0.0,110,86,0.34,0.03,0.01,0.02,1.0,1.0,0.0,0.0,mscan,Probe
3,tcp,pop_3,SF,32,93,0,0,0,0,0,1,0,0,0,0,0,0,0,0,0,0,1,1,0.0,0.0,0.0,0.0,1.0,0.0,0.0,255,135,0.53,0.02,0.0,0.0,0.0,0.0,0.17,0.02,guess_passwd,R2L
0,tcp,telnet,S3,0,44,0,0,0,0,0,0,0,0,0,0,0,0,0,0,0,0,1,1,1.0,1.0,0.0,0.0,1.0,0.0,0.0,255,146,0.57,0.02,0.0,0.0,0.53,0.49,0.01,0.01,processtable,DoS
0,tcp,http,SF,238,487,0,0,0,0,0,1,0,0,0,0,0,0,0,0,0,0,11,11,0.0,0.0,0.0,0.0,1.0,0.0,0.0,255,255,1.0,0.0,0.0,0.0,0.0,0.0,0.0,0.0,normal,Normal
282,tcp,ftp,SF,164,599,0,0,0,2,0,1,0,0,0,0,0,0,0,0,0,1,1,1,0.0,0.0,0.0,0.0,1.0,0.0,0.0,255,21,0.08,0.02,0.0,0.0,0.56,0.0,0.02,0.0,warezmaster,R2L
0,tcp,http,SF,216,1536,0,0,0,0,0,1,0,0,0,0,0,0,0,0,0,0,34,36,0.0,0.0,0.0,0.0,1.0,0.0,0.06,34,255,1.0,0.0,0.03,0.08,0.0,0.0,0.0,0.0,normal,Normal
0,tcp,http,SF,220,4401,0,0,0,0,0,1,0,0,0,0,0,0,0,0,0,0,1,1,0.0,0.0,0.0,0.0,1.0,0.0,0.0,255,255,1.0,0.0,0.0,0.0,0.0,0.0,0.0,0.0,normal,Normal
0,tcp,http,SF,205,1839,0,0,0,0,0,1,0,0,0,0,0,0,0,0,0,0,16,16,0.0,0.0,0.0,0.0,1.0,0.0,0.0,255,255,1.0,0.0,0.0,0.0,0.0,0.0,0.0,0.0,normal,Normal
0,tcp,http,SF,292,3485,0,0,0,0,0,1,0,0,0,0,0,0,0,0,0,0,16,24,0.0,0.0,0.0,0.0,1.0,0.0,0.12,16,247,1.0,0.0,0.06,0.07,0.0,0.0,0.0,0.0,normal,Normal
0,tcp,http,SF,292,615,0,0,0,0,0,1,0,0,0,0,0,0,0,0,0,0,2,2,0.0,0.0,0.0,0.0,1.0,0.0,0.0,18,255,1.0,0.0,0.06,0.03,0.0,0.0,0.0,0.0,normal,Normal
0,tcp,http,S0,0,0,0,0,0,0,0,0,0,0,0,0,0,0,0,0,0,0,41,41,1.0,1.0,0.0,0.0,1.0,0.0,0.0,255,255,1.0,0.0,0.0,0.0,0.24,0.24,0.7,0.7,apache2,DoS
0,tcp,finger,S0,0,0,0,0,0,0,0,0,0,0,0,0,0,0,0,0,0,0,66,16,1.0,1.0,0.0,0.0,0.24,0.06,0.0,255,37,0.15,0.04,0.02,0.0,0.82,0.97,0.02,0.0,neptune,DoS
0,tcp,pop_3,SF,30,217,0,0,0,0,0,1,0,0,0,0,0,0,0,0,0,0,1,1,0.0,0.0,0.0,0.0,1.0,0.0,0.0,255,10,0.04,0.02,0.0,0.0,0.0,0.0,0.0,0.0,guess_passwd,R2L
0,tcp,private,REJ,0,0,0,0,0,0,0,0,0,0,0,0,0,0,0,0,0,0,125,15,0.0,0.0,1.0,1.0,0.12,0.06,0.0,255,15,0.06,0.06,0.0,0.0,0.0,0.0,1.0,1.0,neptune,DoS
1,tcp,smtp,SF,1564,407,0,0,0,0,0,1,0,0,0,0,0,0,0,0,0,0,1,3,0.0,0.0,0.0,0.0,1.0,0.0,1.0,184,124,0.67,0.03,0.01,0.0,0.01,0.01,0.0,0.0,normal,Normal
0,tcp,private,S0,0,0,0,0,0,0,0,0,0,0,0,0,0,0,0,0,0,0,110,1,1.0,1.0,0.0,0.0,0.01,0.08,0.0,255,1,0.0,0.06,0.0,0.0,1.0,1.0,0.0,0.0,neptune,DoS
0,tcp,http,SF,208,8221,0,0,0,0,0,1,0,0,0,0,0,0,0,0,0,0,31,31,0.0,0.0,0.0,0.0,1.0,0.0,0.0,33,255,1.0,0.0,0.03,0.06,0.0,0.0,0.0,0.0,normal,Normal
0,tcp,http,SF,272,7435,0,0,0,0,0,1,0,0,0,0,0,0,0,0,0,0,1,1,0.0,0.0,0.0,0.0,1.0,0.0,0.0,197,255,1.0,0.0,0.01,0.02,0.0,0.0,0.0,0.0,normal,Normal
0,tcp,http,SF,285,289,0,0,0,0,0,1,0,0,0,0,0,0,0,0,0,0,3,13,0.0,0.0,0.0,0.0,1.0,0.0,0.38,74,255,1.0,0.0,0.01,0.01,0.0,0.0,0.0,0.0,normal,Normal
0,tcp,http,SF,353,1088,0,0,0,0,0,1,0,0,0,0,0,0,0,0,0,0,33,33,0.0,0.0,0.0,0.0,1.0,0.0,0.0,255,255,1.0,0.0,0.0,0.0,0.0,0.0,0.0,0.0,normal,Normal
0,tcp,http,SF,276,294,0,0,0,0,0,1,0,0,0,0,0,0,0,0,0,0,12,16,0.0,0.0,0.0,0.0,1.0,0.0,0.12,111,255,1.0,0.0,0.01,0.01,0.0,0.0,0.0,0.0,normal,Normal
0,tcp,http,SF,202,321,0,0,0,0,0,1,0,0,0,0,0,0,0,0,0,0,24,24,0.0,0.0,0.0,0.0,1.0,0.0,0.0,255,255,1.0,0.0,0.0,0.0,0.0,0.0,0.0,0.0,normal,Normal
282,tcp,ftp,SF,162,597,0,0,0,2,0,1,0,0,0,0,0,0,0,0,0,1,1,1,0.0,0.0,0.0,0.0,1.0,0.0,0.0,237,80,0.34,0.03,0.0,0.0,0.0,0.0,0.0,0.0,warezmaster,R2L
280,tcp,ftp_data,SF,283618,0,0,0,0,0,0,0,0,0,0,0,0,0,0,0,0,0,1,1,0.0,0.0,0.0,0.0,1.0,0.0,0.0,1,11,1.0,0.0,1.0,0.36,0.0,0.0,0.0,0.0,warezmaster,R2L
0,tcp,private,S0,0,0,0,0,0,0,0,0,0,0,0,0,0,0,0,0,0,0,266,11,1.0,1.0,0.0,0.0,0.04,0.06,0.0,255,11,0.04,0.06,0.0,0.0,1.0,1.0,0.0,0.0,neptune,DoS
0,udp,private,SF,105,0,0,0,0,0,0,0,0,0,0,0,0,0,0,0,0,0,1,1,0.0,0.0,0.0,0.0,1.0,0.0,0.0,255,251,0.98,0.01,0.01,0.0,0.0,0.0,0.0,0.0,snmpgetattack,R2L
282,tcp,ftp,SF,158,595,0,0,0,2,0,1,0,0,0,0,0,0,0,0,0,1,1,1,0.0,0.0,0.0,0.0,1.0,0.0,0.0,255,110,0.43,0.03,0.0,0.0,0.0,0.0,0.0,0.0,warezmaster,R2L
905,tcp,http,RSTR,56504,0,0,0,0,0,0,1,0,0,0,0,0,0,0,0,0,0,36,36,0.03,0.03,0.94,0.94,1.0,0.0,0.0,255,255,1.0,0.0,0.0,0.0,0.0,0.0,0.13,0.13,apache2,DoS
0,udp,private,SF,105,145,0,0,0,0,0,0,0,0,0,0,0,0,0,0,0,0,1,1,0.0,0.0,0.0,0.0,1.0,0.0,0.0,255,253,0.99,0.01,0.0,0.0,0.0,0.0,0.0,0.0,snmpgetattack,R2L
0,tcp,http,SF,353,1085,0,0,0,0,0,1,0,0,0,0,0,0,0,0,0,0,8,8,0.0,0.0,0.0,0.0,1.0,0.0,0.0,43,255,1.0,0.0,0.02,0.02,0.0,0.0,0.0,0.0,normal,Normal
0,udp,private,SF,105,145,0,0,0,0,0,0,0,0,0,0,0,0,0,0,0,0,1,1,0.0,0.0,0.0,0.0,1.0,0.0,0.0,255,254,1.0,0.01,0.01,0.0,0.0,0.0,0.0,0.0,normal,Normal
0,udp,private,SF,46,43,0,0,0,0,0,0,0,0,0,0,0,0,0,0,0,0,121,121,0.0,0.0,0.0,0.0,1.0,0.0,0.0,255,255,1.0,0.0,0.47,0.0,0.0,0.0,0.0,0.0,normal,Normal
0,tcp,sunrpc,REJ,0,0,0,0,0,0,0,0,0,0,0,0,0,0,0,0,0,0,4,11,0.0,0.0,1.0,1.0,0.25,1.0,1.0,255,10,0.04,0.03,0.0,0.0,0.0,0.0,0.26,1.0,mscan,Probe
0,tcp,http,REJ,0,0,0,0,0,0,0,0,0,0,0,0,0,0,0,0,0,0,11,10,0.0,0.0,1.0,1.0,0.91,0.18,0.0,255,10,0.04,0.76,0.0,0.0,0.0,0.0,0.77,1.0,neptune,DoS
0,tcp,http,SF,314,454,0,0,0,0,0,1,0,0,0,0,0,0,0,0,0,0,7,21,0.0,0.0,0.0,0.0,1.0,0.0,0.1,255,255,1.0,0.0,0.0,0.0,0.0,0.0,0.0,0.0,normal,Normal
0,tcp,http,SF,192,103,0,0,0,0,0,1,0,0,0,0,0,0,0,0,0,0,3,22,0.0,0.0,0.0,0.0,1.0,0.0,0.14,17,255,1.0,0.0,0.06,0.02,0.0,0.0,0.0,0.0,normal,Normal
0,tcp,imap4,S0,0,0,0,0,0,0,0,0,0,0,0,0,0,0,0,0,0,0,1,1,1.0,1.0,0.0,0.0,1.0,0.0,0.0,64,85,0.33,0.05,0.02,0.04,1.0,1.0,0.0,0.0,mscan,Probe
0,udp,private,SF,1,1,0,0,0,0,0,0,0,0,0,0,0,0,0,0,0,0,115,1,0.0,0.0,0.0,0.0,0.01,0.83,0.0,255,1,0.0,0.53,1.0,0.0,0.0,0.0,0.0,0.0,satan,Probe
0,udp,domain_u,SF,45,74,0,0,0,0,0,0,0,0,0,0,0,0,0,0,0,0,195,195,0.0,0.0,0.0,0.0,1.0,0.0,0.0,255,242,0.95,0.01,0.01,0.0,0.0,0.0,0.0,0.0,normal,Normal
0,icmp,ecr_i,SF,520,0,0,0,0,0,0,0,0,0,0,0,0,0,0,0,0,0,511,511,0.0,0.0,0.0,0.0,1.0,0.0,0.0,147,149,1.0,0.0,1.0,0.01,0.0,0.0,0.0,0.0,smurf,DoS
0,tcp,private,REJ,0,0,0,0,0,0,0,0,0,0,0,0,0,0,0,0,0,0,241,5,0.0,0.0,1.0,1.0,0.02,0.07,0.0,255,5,0.02,0.08,0.0,0.0,0.0,0.0,1.0,1.0,neptune,DoS
0,tcp,http,SF,245,676,0,0,0,0,0,1,0,0,0,0,0,0,0,0,0,0,3,3,0.0,0.0,0.0,0.0,1.0,0.0,0.0,255,255,1.0,0.0,0.0,0.0,0.0,0.0,0.0,0.0,normal,Normal
0,tcp,smtp,SF,1036,328,0,0,0,0,0,1,0,0,0,0,0,0,0,0,0,0,1,1,0.0,0.0,0.0,0.0,1.0,0.0,0.0,3,3,1.0,0.0,0.33,0.0,0.0,0.0,0.33,0.33,normal,Normal
0,udp,domain_u,SF,43,43,0,0,0,0,0,0,0,0,0,0,0,0,0,0,0,0,150,230,0.0,0.0,0.0,0.0,1.0,0.0,0.01,255,254,1.0,0.01,0.01,0.0,0.0,0.0,0.0,0.0,normal,Normal
0,udp,private,SF,105,146,0,0,0,0,0,0,0,0,0,0,0,0,0,0,0,0,3,3,0.0,0.0,0.0,0.0,1.0,0.0,0.0,194,193,0.99,0.01,0.01,0.0,0.0,0.0,0.0,0.0,normal,Normal
0,tcp,http,SF,217,430,0,0,0,0,0,1,0,0,0,0,0,0,0,0,0,0,11,11,0.0,0.0,0.0,0.0,1.0,0.0,0.0,124,255,1.0,0.0,0.01,0.02,0.0,0.0,0.0,0.0,normal,Normal
0,tcp,http,SF,314,1941,0,0,0,0,0,1,0,0,0,0,0,0,0,0,0,0,9,9,0.0,0.0,0.0,0.0,1.0,0.0,0.0,45,255,1.0,0.0,0.02,0.02,0.0,0.0,0.0,0.0,normal,Normal
0,tcp,http,SF,54540,8314,0,0,0,2,0,1,1,0,0,0,0,0,0,0,0,0,4,16,0.0,0.0,0.0,0.0,1.0,0.0,0.12,255,255,1.0,0.0,0.0,0.0,0.0,0.0,0.03,0.03,back,DoS
805,tcp,http,RSTR,60884,0,0,0,0,0,0,1,0,0,0,0,0,0,0,0,0,0,39,39,0.0,0.0,1.0,1.0,1.0,0.0,0.0,255,253,0.99,0.01,0.0,0.0,0.0,0.0,0.19,0.19,apache2,DoS
284,tcp,ftp,SF,162,597,0,0,0,2,0,1,0,0,0,0,0,0,0,0,0,1,1,1,0.0,0.0,0.0,0.0,1.0,0.0,0.0,5,3,0.6,0.4,0.2,0.0,0.0,0.0,0.0,0.0,warezmaster,R2L
0,tcp,http,SF,339,279,0,0,0,0,0,1,0,0,0,0,0,0,0,0,0,0,12,12,0.0,0.0,0.0,0.0,1.0,0.0,0.0,114,255,1.0,0.0,0.01,0.01,0.0,0.0,0.0,0.0,normal,Normal
0,udp,domain_u,SF,36,0,0,0,0,0,0,0,0,0,0,0,0,0,0,0,0,0,4,17,0.0,0.0,0.0,0.0,1.0,0.0,0.12,4,52,1.0,0.0,1.0,0.04,0.0,0.0,0.0,0.0,normal,Normal
0,udp,private,SF,51,0,0,0,0,0,0,0,0,0,0,0,0,0,0,0,0,0,5,5,0.0,0.0,0.0,0.0,1.0,0.0,0.0,255,255,1.0,0.0,0.01,0.0,0.0,0.0,0.0,0.0,snmpguess,R2L
0,tcp,http,SF,206,5435,0,0,0,0,0,1,0,0,0,0,0,0,0,0,0,0,3,3,0.0,0.0,0.0,0.0,1.0,0.0,0.0,21,255,1.0,0.0,0.05,0.02,0.0,0.0,0.0,0.0,normal,Normal
0,tcp,private,S0,0,0,0,0,0,0,0,0,0,0,0,0,0,0,0,0,0,0,271,20,1.0,1.0,0.0,0.0,0.07,0.06,0.0,255,20,0.08,0.06,0.0,0.0,1.0,1.0,0.0,0.0,neptune,DoS
0,tcp,http,SF,330,2353,0,0,0,0,0,1,0,0,0,0,0,0,0,0,0,0,1,2,0.0,0.0,0.0,0.0,1.0,0.0,1.0,2,255,1.0,0.0,0.5,0.05,0.0,0.0,0.0,0.0,normal,Normal
0,tcp,ftp_data,SF,4753,0,0,0,0,0,0,0,0,0,0,0,0,0,0,0,0,0,10,10,0.0,0.0,0.0,0.0,1.0,0.0,0.0,79,62,0.63,0.08,0.63,0.03,0.0,0.0,0.0,0.0,normal,Normal
0,tcp,http,SF,222,900,0,0,0,0,0,1,0,0,0,0,0,0,0,0,0,0,5,5,0.0,0.0,0.0,0.0,1.0,0.0,0.0,62,114,1.0,0.0,0.02,0.04,0.0,0.0,0.0,0.0,normal,Normal
0,tcp,http,SF,178,382,0,0,0,0,0,1,0,0,0,0,0,0,0,0,0,0,4,11,0.0,0.0,0.0,0.0,1.0,0.0,0.18,33,255,1.0,0.0,0.03,0.02,0.0,0.0,0.0,0.0,normal,Normal
0,udp,ntp_u,SF,48,48,0,0,0,0,0,0,0,0,0,0,0,0,0,0,0,0,4,1,0.0,0.0,0.0,0.0,0.25,0.5,0.0,255,4,0.02,0.01,0.02,0.0,0.0,0.0,0.0,0.0,normal,Normal
0,tcp,private,REJ,0,0,0,0,0,0,0,0,0,0,0,0,0,0,0,0,0,0,263,19,0.0,0.0,1.0,1.0,0.07,0.06,0.0,255,19,0.07,0.06,0.0,0.0,0.0,0.0,1.0,1.0,neptune,DoS
0,tcp,http,SF,307,267,0,0,0,0,0,1,0,0,0,0,0,0,0,0,0,0,6,6,0.0,0.0,0.0,0.0,1.0,0.0,0.0,45,255,1.0,0.0,0.02,0.01,0.0,0.0,0.0,0.0,normal,Normal
0,udp,domain_u,SF,45,45,0,0,0,0,0,0,0,0,0,0,0,0,0,0,0,0,2,3,0.0,0.0,0.0,0.0,1.0,0.0,0.67,255,212,0.83,0.01,0.01,0.0,0.0,0.0,0.07,0.0,normal,Normal
0,tcp,telnet,RSTO,0,15,0,0,0,0,0,0,0,0,0,0,0,0,0,0,0,0,1,5,0.0,0.0,1.0,0.6,1.0,0.0,0.6,255,79,0.31,0.03,0.0,0.0,0.0,0.0,0.8,0.71,mscan,Probe
281,tcp,ftp,SF,159,595,0,0,0,2,0,1,0,0,0,0,0,0,0,0,0,1,1,1,0.0,0.0,0.0,0.0,1.0,0.0,0.0,191,62,0.32,0.04,0.01,0.0,0.0,0.0,0.0,0.0,warezmaster,R2L
0,tcp,smtp,SF,2908,374,0,0,0,0,0,1,0,0,0,0,0,0,0,0,0,0,1,1,0.0,0.0,0.0,0.0,1.0,0.0,0.0,208,150,0.65,0.02,0.0,0.01,0.0,0.0,0.0,0.0,normal,Normal
0,tcp,private,REJ,0,0,0,0,0,0,0,0,0,0,0,0,0,0,0,0,0,0,126,19,0.48,0.53,0.52,0.47,0.15,0.07,0.0,255,19,0.07,0.06,0.0,0.0,0.24,0.53,0.76,0.47,neptune,DoS
0,tcp,http_443,REJ,0,0,0,0,0,0,0,0,0,0,0,0,0,0,0,0,0,0,130,7,0.0,0.0,1.0,1.0,0.05,0.06,0.0,255,7,0.03,0.05,0.0,0.0,0.0,0.0,1.0,1.0,neptune,DoS
0,udp,private,SF,105,0,0,0,0,0,0,0,0,0,0,0,0,0,0,0,0,0,5,5,0.0,0.0,0.0,0.0,1.0,0.0,0.0,255,255,1.0,0.0,0.01,0.0,0.0,0.0,0.0,0.0,normal,Normal
0,tcp,private,REJ,0,0,0,0,0,0,0,0,0,0,0,0,0,0,0,0,0,0,252,11,0.0,0.0,1.0,1.0,0.04,0.07,0.0,255,11,0.04,0.07,0.0,0.0,0.0,0.0,1.0,1.0,neptune,DoS
0,udp,domain_u,SF,46,78,0,0,0,0,0,0,0,0,0,0,0,0,0,0,0,0,181,184,0.0,0.0,0.0,0.0,1.0,0.0,0.02,255,255,1.0,0.0,0.0,0.0,0.0,0.0,0.0,0.0,normal,Normal
0,icmp,ecr_i,SF,1032,0,0,0,0,0,0,0,0,0,0,0,0,0,0,0,0,0,480,480,0.0,0.0,0.0,0.0,1.0,0.0,0.0,255,255,1.0,0.0,1.0,0.0,0.0,0.0,0.0,0.0,smurf,DoS
0,tcp,http,SF,299,244,0,0,0,0,0,1,0,0,0,0,0,0,0,0,0,0,7,14,0.0,0.0,0.0,0.0,1.0,0.0,0.21,17,251,1.0,0.0,0.06,0.04,0.0,0.0,0.0,0.0,normal,Normal
0,tcp,private,REJ,0,0,0,0,0,0,0,0,0,0,0,0,0,0,0,0,0,0,125,1,0.14,0.0,0.86,1.0,0.01,1.0,0.0,255,1,0.0,0.44,0.0,0.0,0.07,0.0,0.36,1.0,saint,Probe
8224,tcp,telnet,SF,0,15,0,0,0,0,0,0,0,0,0,0,0,0,0,0,0,0,1,1,0.0,0.0,0.0,0.0,1.0,0.0,0.0,255,62,0.24,0.02,0.0,0.0,0.77,0.82,0.01,0.03,processtable,DoS
0,tcp,private,S0,0,0,0,0,0,0,0,0,0,0,0,0,0,0,0,0,0,0,216,7,1.0,1.0,0.0,0.0,0.03,0.07,0.0,255,7,0.03,0.07,0.0,0.0,1.0,1.0,0.0,0.0,neptune,DoS
0,tcp,ftp_data,SF,12,0,0,0,0,0,0,0,0,0,0,0,0,0,0,0,0,0,1,1,0.0,0.0,0.0,0.0,1.0,0.0,0.0,5,5,1.0,0.0,1.0,0.0,0.0,0.0,0.0,0.0,warezmaster,R2L
0,tcp,private,REJ,0,0,0,0,0,0,0,0,0,0,0,0,0,0,0,0,0,0,122,8,0.0,0.0,1.0,1.0,0.07,0.06,0.0,255,8,0.03,0.05,0.0,0.0,0.0,0.0,1.0,1.0,neptune,DoS
0,tcp,telnet,RSTO,0,48,0,0,0,0,0,0,0,0,0,0,0,0,0,0,0,0,1,24,0.0,0.12,1.0,0.79,1.0,0.0,0.96,53,27,0.51,0.06,0.02,0.0,0.0,0.0,0.64,0.3,mscan,Probe
1,tcp,smtp,SF,2599,293,0,0,0,0,0,1,0,0,0,0,0,0,0,0,0,0,2,2,0.0,0.0,0.0,0.0,1.0,0.0,0.0,255,50,0.2,0.16,0.0,0.0,0.0,0.0,0.78,0.0,mailbomb,DoS
0,tcp,http,SF,577,2023,0,0,0,0,0,1,0,0,0,0,0,0,0,0,0,0,1,20,0.0,0.0,0.0,0.0,1.0,0.0,0.15,2,255,1.0,0.0,0.5,0.03,0.0,0.0,0.0,0.0,normal,Normal
0,udp,private,SF,53,54,0,0,0,0,0,0,0,0,0,0,0,0,0,0,0,0,510,510,0.0,0.0,0.0,0.0,1.0,0.0,0.0,255,255,1.0,0.0,0.86,0.0,0.0,0.0,0.0,0.0,normal,Normal
0,tcp,http,SF,315,380,0,0,0,0,0,1,0,0,0,0,0,0,0,0,0,0,17,18,0.0,0.0,0.0,0.0,1.0,0.0,0.11,255,255,1.0,0.0,0.0,0.0,0.0,0.0,0.0,0.0,normal,Normal
1,tcp,ftp,SF,26,157,0,0,0,0,1,0,0,0,0,0,0,0,0,0,0,1,1,1,0.0,0.0,0.0,0.0,1.0,0.0,0.0,67,37,0.55,0.06,0.01,0.0,0.0,0.0,0.0,0.0,guess_passwd,R2L
4,tcp,pop_3,SF,30,93,0,0,0,0,0,1,0,0,0,0,0,0,0,0,0,0,1,1,0.0,0.0,0.0,0.0,1.0,0.0,0.0,255,246,0.96,0.01,0.0,0.0,0.0,0.0,0.0,0.0,guess_passwd,R2L
0,tcp,http,SF,292,2278,0,0,0,0,0,1,0,0,0,0,0,0,0,0,0,0,10,10,0.0,0.0,0.0,0.0,1.0,0.0,0.0,20,177,1.0,0.0,0.05,0.07,0.0,0.0,0.0,0.0,normal,Normal
0,tcp,http,SF,269,484,0,0,0,0,0,1,0,0,0,0,0,0,0,0,0,0,2,2,0.0,0.0,0.0,0.0,1.0,0.0,0.0,2,253,1.0,0.0,0.5,0.04,0.0,0.0,0.0,0.0,normal,Normal
0,tcp,telnet,S3,0,44,0,0,0,0,0,0,0,0,0,0,0,0,0,0,0,0,1,1,1.0,1.0,0.0,0.0,1.0,0.0,0.0,255,167,0.65,0.32,0.0,0.0,0.5,0.76,0.32,0.01,processtable,DoS
0,tcp,imap4,RSTO,0,44,0,0,0,0,0,0,0,0,0,0,0,0,0,0,0,0,2,1,0.0,0.0,1.0,1.0,0.5,1.0,0.0,255,42,0.16,0.03,0.0,0.0,0.0,0.0,0.6,0.98,mscan,Probe
281,tcp,ftp,SF,160,595,0,0,0,2,0,1,0,0,0,0,0,0,0,0,0,1,1,1,0.0,0.0,0.0,0.0,1.0,0.0,0.0,255,35,0.14,0.03,0.0,0.0,0.35,0.0,0.02,0.0,warezmaster,R2L
0,tcp,http,SF,329,834,0,0,0,0,0,1,0,0,0,0,0,0,0,0,0,0,8,8,0.0,0.0,0.0,0.0,1.0,0.0,0.0,45,236,1.0,0.0,0.02,0.04,0.0,0.0,0.0,0.0,normal,Normal
0,tcp,http,SF,54540,8314,0,0,0,2,0,1,1,0,0,0,0,0,0,0,0,0,3,3,0.0,0.0,0.0,0.0,1.0,0.0,0.0,255,255,1.0,0.0,0.0,0.0,0.01,0.01,0.05,0.05,back,DoS
0,tcp,http,SF,54540,8314,0,0,0,2,0,1,1,0,0,0,0,0,0,0,0,0,5,25,0.0,0.0,0.0,0.0,1.0,0.0,0.16,255,248,0.97,0.01,0.0,0.0,0.0,0.0,0.06,0.06,back,DoS
0,tcp,ftp_data,SF,12,0,0,0,0,0,0,0,0,0,0,0,0,0,0,0,0,0,1,1,0.0,0.0,0.0,0.0,1.0,0.0,0.0,1,16,1.0,0.0,1.0,0.31,0.0,0.0,0.0,0.0,warezmaster,R2L
0,tcp,http,SF,289,2317,0,0,0,0,0,1,0,0,0,0,0,0,0,0,0,0,15,15,0.0,0.0,0.0,0.0,1.0,0.0,0.0,23,255,1.0,0.0,0.04,0.02,0.0,0.0,0.0,0.0,normal,Normal
0,tcp,http,SF,321,770,0,0,0,0,0,1,0,0,0,0,0,0,0,0,0,0,3,4,0.0,0.0,0.0,0.0,1.0,0.0,0.5,255,255,1.0,0.0,0.0,0.0,0.0,0.0,0.0,0.0,normal,Normal
0,tcp,whois,REJ,0,0,0,0,0,0,0,0,0,0,0,0,0,0,0,0,0,0,228,1,0.0,0.0,1.0,1.0,0.0,0.07,0.0,255,1,0.0,0.06,0.0,0.0,0.0,0.0,1.0,1.0,neptune,DoS
21,tcp,ftp,SF,237,774,0,0,0,0,0,1,0,0,0,0,0,0,0,0,0,1,1,1,0.0,0.0,0.0,0.0,1.0,0.0,0.0,142,38,0.27,0.04,0.01,0.0,0.0,0.0,0.0,0.0,normal,Normal
0,tcp,other,REJ,0,0,0,0,0,0,0,0,0,0,0,0,0,0,0,0,0,0,511,1,0.14,0.0,0.86,1.0,0.0,1.0,0.0,255,1,0.0,0.88,0.0,0.0,0.11,0.0,0.87,1.0,satan,Probe
0,tcp,netbios_ns,REJ,0,0,0,0,0,0,0,0,0,0,0,0,0,0,0,0,0,0,132,18,0.0,0.0,1.0,1.0,0.14,0.05,0.0,255,18,0.07,0.05,0.0,0.0,0.0,0.0,1.0,1.0,neptune,DoS
4,tcp,pop_3,SF,27,93,0,0,0,0,0,1,0,0,0,0,0,0,0,0,0,0,1,1,0.0,0.0,0.0,0.0,1.0,0.0,0.0,255,132,0.52,0.02,0.0,0.0,0.0,0.0,0.18,0.02,guess_passwd,R2L
0,tcp,ftp_data,REJ,0,0,0,0,0,0,0,0,0,0,0,0,0,0,0,0,0,0,215,8,0.0,0.0,1.0,1.0,0.04,0.07,0.0,255,8,0.03,0.07,0.0,0.0,0.0,0.0,1.0,1.0,neptune,DoS
0,tcp,private,REJ,0,0,0,0,0,0,0,0,0,0,0,0,0,0,0,0,0,0,119,12,0.0,0.0,1.0,1.0,0.1,0.07,0.0,255,12,0.05,0.05,0.0,0.0,0.0,0.0,1.0,1.0,neptune,DoS
0,tcp,http,SF,324,1415,0,0,0,0,0,1,0,0,0,0,0,0,0,0,0,0,6,6,0.0,0.0,0.0,0.0,1.0,0.0,0.0,21,21,1.0,0.0,0.05,0.0,0.0,0.0,0.0,0.0,normal,Normal
0,tcp,http,SF,222,7104,0,0,0,0,0,1,0,0,0,0,0,0,0,0,0,0,14,16,0.0,0.0,0.0,0.0,1.0,0.0,0.19,30,255,1.0,0.0,0.03,0.04,0.0,0.0,0.0,0.0,normal,Normal
0,tcp,private,S0,0,0,0,0,0,0,0,0,0,0,0,0,0,0,0,0,0,0,284,15,1.0,1.0,0.0,0.0,0.05,0.06,0.0,255,15,0.06,0.06,0.0,0.0,1.0,1.0,0.0,0.0,neptune,DoS
0,udp,private,SF,53,54,0,0,0,0,0,0,0,0,0,0,0,0,0,0,0,0,509,509,0.0,0.0,0.0,0.0,1.0,0.0,0.0,255,255,1.0,0.0,0.86,0.0,0.0,0.0,0.0,0.0,normal,Normal
0,tcp,http,SF,197,1343,0,0,0,0,0,1,0,0,0,0,0,0,0,0,0,0,39,39,0.0,0.0,0.0,0.0,1.0,0.0,0.0,255,255,1.0,0.0,0.0,0.0,0.0,0.0,0.0,0.0,normal,Normal
0,tcp,private,REJ,0,0,0,0,0,0,0,0,0,0,0,0,0,0,0,0,0,0,260,11,0.0,0.0,1.0,1.0,0.04,0.07,0.0,255,11,0.04,0.07,0.0,0.0,0.0,0.0,1.0,1.0,neptune,DoS
0,tcp,ftp,SF,26,157,0,0,0,0,1,0,0,0,0,0,0,0,0,0,0,1,1,1,0.0,0.0,0.0,0.0,1.0,0.0,0.0,224,112,0.5,0.03,0.0,0.0,0.0,0.0,0.0,0.0,guess_passwd,R2L
0,tcp,http,SF,328,1302,0,0,0,0,0,1,0,0,0,0,0,0,0,0,0,0,19,19,0.0,0.0,0.0,0.0,1.0,0.0,0.0,255,255,1.0,0.0,0.0,0.0,0.0,0.0,0.0,0.0,normal,Normal
0,tcp,other,REJ,0,0,0,0,0,0,0,0,0,0,0,0,0,0,0,0,0,0,511,1,0.05,0.0,0.95,1.0,0.0,1.0,0.0,255,1,0.0,1.0,0.0,0.0,0.0,0.0,1.0,1.0,satan,Probe
0,tcp,private,S0,0,0,0,0,0,0,0,0,0,0,0,0,0,0,0,0,0,0,289,18,1.0,1.0,0.0,0.0,0.06,0.06,0.0,255,18,0.07,0.07,0.0,0.0,1.0,1.0,0.0,0.0,neptune,DoS
1,tcp,smtp,SF,1046,338,0,0,0,0,0,1,0,0,0,0,0,0,0,0,0,0,1,2,0.0,0.0,0.0,0.0,1.0,0.0,1.0,105,101,0.81,0.03,0.01,0.02,0.0,0.0,0.0,0.0,normal,Normal
0,tcp,http,SF,218,241,0,0,0,0,0,1,0,0,0,0,0,0,0,0,0,0,3,11,0.0,0.0,0.0,0.0,1.0,0.0,0.18,11,251,1.0,0.0,0.09,0.04,0.0,0.0,0.0,0.0,normal,Normal
0,icmp,ecr_i,SF,1032,0,0,0,0,0,0,0,0,0,0,0,0,0,0,0,0,0,511,511,0.0,0.0,0.0,0.0,1.0,0.0,0.0,205,204,1.0,0.01,1.0,0.0,0.0,0.0,0.0,0.0,smurf,DoS
0,tcp,http,SF,198,1974,0,0,0,0,0,1,0,0,0,0,0,0,0,0,0,0,10,36,0.0,0.0,0.0,0.0,1.0,0.0,0.08,112,255,1.0,0.0,0.01,0.04,0.0,0.0,0.0,0.0,normal,Normal
0,tcp,other,REJ,0,0,0,0,0,0,0,0,0,0,0,0,0,0,0,0,0,0,398,1,0.17,0.0,0.83,1.0,0.0,1.0,0.0,255,1,0.0,0.9,0.0,0.0,0.16,0.0,0.83,1.0,satan,Probe
7400,tcp,telnet,SF,0,44,0,0,0,0,0,0,0,0,0,0,0,0,0,0,0,0,1,1,0.0,0.0,0.0,0.0,1.0,0.0,0.0,255,224,0.88,0.02,0.0,0.0,0.33,0.38,0.12,0.06,processtable,DoS
0,tcp,http,SF,205,770,0,0,0,0,0,1,0,0,0,0,0,0,0,0,0,0,3,3,0.0,0.0,0.0,0.0,1.0,0.0,0.0,3,255,1.0,0.0,0.33,0.02,0.0,0.0,0.0,0.0,normal,Normal
0,tcp,http,SF,192,169,0,0,0,0,0,1,0,0,0,0,0,0,0,0,0,0,2,3,0.0,0.0,0.0,0.0,1.0,0.0,0.67,41,255,1.0,0.0,0.02,0.04,0.0,0.0,0.0,0.0,normal,Normal
0,tcp,http,S0,0,0,0,0,0,0,0,0,0,0,0,0,0,0,0,0,0,0,74,74,1.0,1.0,0.0,0.0,1.0,0.0,0.0,255,255,1.0,0.0,0.0,0.0,0.42,0.42,0.57,0.57,apache2,DoS
4,tcp,pop_3,SF,28,93,0,0,0,0,0,1,0,0,0,0,0,0,0,0,0,0,1,1,0.0,0.0,0.0,0.0,1.0,0.0,0.0,255,246,0.96,0.01,0.0,0.0,0.0,0.0,0.0,0.0,guess_passwd,R2L
0,tcp,ftp_data,SF,12,0,0,0,0,0,0,0,0,0,0,0,0,0,0,0,0,0,1,1,0.0,0.0,0.0,0.0,1.0,0.0,0.0,5,7,1.0,0.0,1.0,0.29,0.0,0.0,0.0,0.0,warezmaster,R2L
0,udp,private,SF,54,53,0,0,0,0,0,0,0,0,0,0,0,0,0,0,0,0,506,506,0.0,0.0,0.0,0.0,1.0,0.0,0.0,255,254,1.0,0.01,0.76,0.0,0.0,0.0,0.0,0.0,normal,Normal
0,tcp,private,S0,0,0,0,0,0,0,0,0,0,0,0,0,0,0,0,0,0,0,110,13,1.0,1.0,0.0,0.0,0.12,0.05,0.0,255,13,0.05,0.06,0.0,0.0,1.0,1.0,0.0,0.0,neptune,DoS
0,tcp,sunrpc,RSTO,0,0,0,0,0,0,0,0,0,0,0,0,0,0,0,0,0,0,261,9,0.0,0.0,1.0,1.0,0.03,0.06,0.0,255,9,0.04,0.05,0.0,0.0,0.0,0.0,1.0,1.0,neptune,DoS
0,icmp,ecr_i,SF,520,0,0,0,0,0,0,0,0,0,0,0,0,0,0,0,0,0,509,509,0.0,0.0,0.0,0.0,1.0,0.0,0.0,222,222,1.0,0.0,1.0,0.0,0.0,0.0,0.0,0.0,smurf,DoS
283,tcp,ftp,SF,160,599,0,0,0,2,0,1,0,0,0,0,0,0,0,0,0,1,1,1,0.0,0.0,0.0,0.0,1.0,0.0,0.0,255,53,0.21,0.02,0.0,0.0,0.0,0.0,0.58,0.0,warezmaster,R2L
0,tcp,http,SF,175,4039,0,0,0,0,0,1,0,0,0,0,0,0,0,0,0,0,6,15,0.0,0.0,0.0,0.0,1.0,0.0,0.27,255,255,1.0,0.0,0.0,0.0,0.0,0.0,0.0,0.0,normal,Normal
901,tcp,http,RSTR,59424,0,0,0,0,0,0,1,0,0,0,0,0,0,0,0,0,0,67,67,0.0,0.0,1.0,1.0,1.0,0.0,0.0,255,255,1.0,0.0,0.0,0.0,0.0,0.0,0.36,0.36,apache2,DoS
0,udp,private,SF,1,1,0,0,0,0,0,0,0,0,0,0,0,0,0,0,0,0,44,1,0.0,0.0,0.0,0.0,0.02,1.0,0.0,255,1,0.0,0.72,1.0,0.0,0.0,0.0,0.0,0.0,satan,Probe
0,tcp,http,SF,244,2864,0,0,0,0,0,1,0,0,0,0,0,0,0,0,0,0,1,11,0.0,0.0,0.0,0.0,1.0,0.0,0.64,2,32,1.0,0.0,0.5,0.09,0.0,0.0,0.0,0.0,normal,Normal
0,tcp,telnet,S1,0,0,0,0,0,0,0,0,0,0,0,0,0,0,0,0,0,0,3,19,0.33,0.21,0.67,0.53,0.67,0.67,0.74,63,94,0.33,0.08,0.02,0.02,0.02,0.07,0.89,0.61,mscan,Probe
0,tcp,http,SF,217,7686,0,0,0,0,0,1,0,0,0,0,0,0,0,0,0,0,5,5,0.0,0.0,0.0,0.0,1.0,0.0,0.0,50,251,1.0,0.0,0.02,0.04,0.0,0.0,0.0,0.0,normal,Normal
0,tcp,ftp,SF,25,157,0,0,0,0,1,0,0,0,0,0,0,0,0,0,0,1,1,1,0.0,0.0,0.0,0.0,1.0,0.0,0.0,35,14,0.4,0.11,0.03,0.0,0.0,0.0,0.0,0.0,guess_passwd,R2L
40,tcp,telnet,SF,258,2625,0,0,0,0,0,1,0,0,0,0,2,1,0,0,0,0,1,1,0.0,0.0,0.0,0.0,1.0,0.0,0.0,28,2,0.04,0.21,0.04,1.0,0.0,0.0,0.07,0.0,perl,U2R
0,tcp,private,S0,0,0,0,0,0,0,0,0,0,0,0,0,0,0,0,0,0,0,36,6,1.0,1.0,0.0,0.0,0.17,0.17,0.0,255,6,0.02,0.15,0.0,0.0,1.0,1.0,0.0,0.0,neptune,DoS
5,tcp,pop_3,SF,30,93,0,0,0,0,0,1,0,0,0,0,0,0,0,0,0,0,1,1,0.0,0.0,0.0,0.0,1.0,0.0,0.0,255,255,1.0,0.0,0.0,0.0,0.0,0.0,0.0,0.0,guess_passwd,R2L
2065,tcp,http,RSTR,55744,0,0,0,0,0,0,1,0,0,0,0,0,0,0,0,0,0,12,12,0.0,0.0,1.0,1.0,1.0,0.0,0.0,255,244,0.96,0.01,0.0,0.0,0.02,0.02,0.53,0.56,apache2,DoS
0,udp,private,SF,53,50,0,0,0,0,0,0,0,0,0,0,0,0,0,0,0,0,200,200,0.0,0.0,0.0,0.0,1.0,0.0,0.0,255,255,1.0,0.0,0.93,0.0,0.0,0.0,0.0,0.0,normal,Normal
0,tcp,name,S0,0,0,0,0,0,0,0,0,0,0,0,0,0,0,0,0,0,0,251,5,1.0,1.0,0.0,0.0,0.02,0.06,0.0,255,5,0.02,0.07,0.0,0.0,1.0,1.0,0.0,0.0,neptune,DoS
0,tcp,http,SF,322,1952,0,0,0,0,0,1,0,0,0,0,0,0,0,0,0,0,14,55,0.0,0.0,0.0,0.0,1.0,0.0,0.07,255,255,1.0,0.0,0.0,0.0,0.0,0.0,0.0,0.0,normal,Normal
0,udp,private,SF,1,0,0,0,0,0,0,0,0,0,0,0,0,0,0,0,0,0,105,1,0.0,0.0,0.0,0.0,0.01,1.0,0.0,255,1,0.0,1.0,1.0,0.0,0.0,0.0,0.0,0.0,satan,Probe
0,udp,private,SF,105,147,0,0,0,0,0,0,0,0,0,0,0,0,0,0,0,0,2,1,0.0,0.0,0.0,0.0,0.5,1.0,0.0,255,253,0.99,0.01,0.01,0.0,0.0,0.0,0.0,0.0,normal,Normal
0,icmp,eco_i,SF,20,0,0,0,0,0,0,0,0,0,0,0,0,0,0,0,0,0,1,75,0.0,0.0,0.0,0.0,1.0,0.0,1.0,3,49,1.0,0.0,1.0,0.29,0.0,0.0,0.0,0.0,saint,Probe
0,tcp,http,SF,192,3717,0,0,0,0,0,1,0,0,0,0,0,0,0,0,0,0,1,1,0.0,0.0,0.0,0.0,1.0,0.0,0.0,1,188,1.0,0.0,1.0,0.04,0.0,0.0,0.0,0.0,normal,Normal
0,udp,private,SF,48,0,0,0,0,0,0,0,0,0,0,0,0,0,0,0,0,0,5,5,0.0,0.0,0.0,0.0,1.0,0.0,0.0,255,253,0.99,0.01,0.0,0.0,0.0,0.0,0.0,0.0,snmpguess,R2L
0,udp,domain_u,SF,44,44,0,0,0,0,0,0,0,0,0,0,0,0,0,0,0,0,235,235,0.0,0.0,0.0,0.0,1.0,0.0,0.0,255,255,1.0,0.0,0.0,0.0,0.0,0.0,0.0,0.0,normal,Normal
0,icmp,ecr_i,SF,40008,0,0,0,0,0,0,0,0,0,0,0,0,0,0,0,0,0,3,3,0.0,0.0,0.0,0.0,1.0,0.0,0.0,56,56,1.0,0.0,1.0,0.0,0.0,0.0,0.0,0.0,normal,Normal
4,tcp,pop_3,SF,32,93,0,0,0,0,0,1,0,0,0,0,0,0,0,0,0,0,1,1,0.0,0.0,0.0,0.0,1.0,0.0,0.0,166,148,0.89,0.02,0.01,0.01,0.0,0.0,0.06,0.0,guess_passwd,R2L
0,tcp,http,SF,307,6569,0,0,0,0,0,1,0,0,0,0,0,0,0,0,0,0,1,5,0.0,0.0,0.0,0.0,1.0,0.0,0.6,10,255,1.0,0.0,0.1,0.02,0.0,0.0,0.0,0.0,normal,Normal
0,udp,private,SF,105,146,0,0,0,0,0,0,0,0,0,0,0,0,0,0,0,0,1,1,0.0,0.0,0.0,0.0,1.0,0.0,0.0,122,121,0.99,0.02,0.01,0.0,0.0,0.0,0.0,0.0,snmpgetattack,R2L
0,tcp,http,SF,296,3616,0,0,0,0,0,1,0,0,0,0,0,0,0,0,0,0,7,7,0.0,0.0,0.0,0.0,1.0,0.0,0.0,121,214,1.0,0.0,0.01,0.04,0.0,0.0,0.0,0.0,normal,Normal
0,tcp,private,S0,0,0,0,0,0,0,0,0,0,0,0,0,0,0,0,0,0,0,220,6,1.0,1.0,0.0,0.0,0.03,0.07,0.0,255,6,0.02,0.08,0.0,0.0,1.0,1.0,0.0,0.0,neptune,DoS
0,tcp,private,S0,0,0,0,0,0,0,0,0,0,0,0,0,0,0,0,0,0,0,131,18,1.0,1.0,0.0,0.0,0.14,0.08,0.0,255,18,0.07,0.08,0.0,0.0,1.0,1.0,0.0,0.0,neptune,DoS
0,tcp,http,SF,309,2393,0,0,0,0,0,1,0,0,0,0,0,0,0,0,0,0,14,15,0.0,0.0,0.0,0.0,1.0,0.0,0.13,255,255,1.0,0.0,0.0,0.0,0.0,0.0,0.0,0.0,normal,Normal
0,tcp,telnet,S1,0,0,0,0,0,0,0,0,0,0,0,0,0,0,0,0,0,0,4,11,0.25,0.18,0.75,0.55,0.5,0.75,0.55,74,90,0.35,0.07,0.01,0.02,0.04,0.03,0.86,0.64,mscan,Probe
0,tcp,http,SF,296,2445,0,0,0,0,0,1,0,0,0,0,0,0,0,0,0,0,4,4,0.0,0.0,0.0,0.0,1.0,0.0,0.0,255,255,1.0,0.0,0.0,0.0,0.0,0.0,0.0,0.0,normal,Normal
281,tcp,ftp,SF,163,599,0,0,0,2,0,1,0,0,0,0,0,0,0,0,0,1,1,1,0.0,0.0,0.0,0.0,1.0,0.0,0.0,255,18,0.07,0.93,0.0,0.0,0.0,0.0,0.93,0.0,warezmaster,R2L
283,tcp,ftp,SF,159,597,0,0,0,2,0,1,0,0,0,0,0,0,0,0,0,1,1,1,0.0,0.0,0.0,0.0,1.0,0.0,0.0,255,66,0.26,0.03,0.0,0.0,0.08,0.0,0.02,0.0,warezmaster,R2L
0,tcp,http,SF,303,3113,0,0,0,0,0,1,0,0,0,0,0,0,0,0,0,0,3,3,0.0,0.0,0.0,0.0,1.0,0.0,0.0,36,255,1.0,0.0,0.03,0.04,0.0,0.0,0.0,0.0,normal,Normal
0,tcp,http,SF,230,437,0,0,0,0,0,1,0,0,0,0,0,0,0,0,0,0,10,11,0.0,0.0,0.0,0.0,1.0,0.0,0.18,84,38,0.45,0.06,0.01,0.0,0.0,0.0,0.0,0.0,normal,Normal
0,tcp,ftp_data,SF,12983,0,0,0,0,0,0,0,0,0,0,0,0,0,0,0,0,0,2,2,0.0,0.0,0.0,0.0,1.0,0.0,0.0,161,82,0.51,0.03,0.51,0.0,0.0,0.0,0.01,0.0,normal,Normal
8168,tcp,telnet,SF,0,15,0,0,0,0,0,0,0,0,0,0,0,0,0,0,0,0,1,4,0.0,0.25,0.0,0.25,1.0,0.0,0.75,255,49,0.19,0.04,0.0,0.0,0.0,0.02,0.09,0.24,processtable,DoS
0,udp,private,SF,53,50,0,0,0,0,0,0,0,0,0,0,0,0,0,0,0,0,243,243,0.0,0.0,0.0,0.0,1.0,0.0,0.0,255,255,1.0,0.0,0.86,0.0,0.0,0.0,0.0,0.0,normal,Normal
0,tcp,http,SF,308,19972,0,0,0,0,0,1,0,0,0,0,0,0,0,0,0,0,6,31,0.0,0.0,0.0,0.0,1.0,0.0,0.13,41,255,1.0,0.0,0.02,0.04,0.0,0.0,0.0,0.0,normal,Normal
0,tcp,telnet,SF,126,174,0,0,0,0,1,0,0,0,0,0,0,0,0,0,0,0,1,1,0.0,0.0,0.0,0.0,1.0,0.0,0.0,255,66,0.26,0.02,0.0,0.0,0.0,0.0,0.01,0.05,guess_passwd,R2L
0,tcp,http,SF,259,1097,0,0,0,0,0,1,0,0,0,0,0,0,0,0,0,0,2,2,0.0,0.0,0.0,0.0,1.0,0.0,0.0,255,255,1.0,0.0,0.0,0.0,0.0,0.0,0.0,0.0,normal,Normal
0,tcp,http,SF,228,293,0,0,0,0,0,1,0,0,0,0,0,0,0,0,0,0,1,1,0.0,0.0,0.0,0.0,1.0,0.0,0.0,162,255,1.0,0.0,0.01,0.02,0.0,0.0,0.0,0.0,normal,Normal
3,tcp,pop_3,SF,32,93,0,0,0,0,0,1,0,0,0,0,0,0,0,0,0,0,1,1,0.0,0.0,0.0,0.0,1.0,0.0,0.0,255,236,0.93,0.01,0.0,0.0,0.0,0.0,0.04,0.0,guess_passwd,R2L
4,tcp,pop_3,SF,32,93,0,0,0,0,0,1,0,0,0,0,0,0,0,0,0,0,1,1,0.0,0.0,0.0,0.0,1.0,0.0,0.0,255,226,0.89,0.02,0.0,0.0,0.0,0.0,0.06,0.0,guess_passwd,R2L
0,udp,domain_u,SF,45,45,0,0,0,0,0,0,0,0,0,0,0,0,0,0,0,0,24,52,0.0,0.0,0.0,0.0,1.0,0.0,0.04,255,255,1.0,0.0,0.01,0.0,0.0,0.0,0.0,0.0,normal,Normal
0,tcp,ftp_data,SF,1030,0,0,0,0,0,0,0,0,0,0,0,0,0,0,0,0,0,1,1,0.0,0.0,0.0,0.0,1.0,0.0,0.0,129,58,0.19,0.02,0.19,0.03,0.0,0.0,0.0,0.0,normal,Normal
0,tcp,http,SF,244,5474,0,0,0,0,0,1,0,0,0,0,0,0,0,0,0,0,7,7,0.0,0.0,0.0,0.0,1.0,0.0,0.0,222,255,1.0,0.0,0.0,0.02,0.0,0.0,0.0,0.0,normal,Normal
0,tcp,http,SF,288,5237,0,0,0,0,0,1,0,0,0,0,0,0,0,0,0,0,8,8,0.0,0.0,0.0,0.0,1.0,0.0,0.0,42,255,1.0,0.0,0.02,0.04,0.0,0.0,0.0,0.0,normal,Normal
0,tcp,private,REJ,0,0,0,0,0,0,0,0,0,0,0,0,0,0,0,0,0,0,196,6,0.0,0.0,1.0,1.0,0.03,0.07,0.0,255,6,0.02,0.07,0.0,0.0,0.0,0.0,1.0,1.0,neptune,DoS
0,tcp,private,REJ,0,0,0,0,0,0,0,0,0,0,0,0,0,0,0,0,0,0,198,10,0.0,0.0,1.0,1.0,0.05,0.06,0.0,255,10,0.04,0.05,0.0,0.0,0.0,0.0,1.0,1.0,neptune,DoS
0,tcp,telnet,SF,119,188,0,0,0,0,1,0,0,0,0,0,0,0,0,0,0,0,1,1,0.0,0.0,0.0,0.0,1.0,0.0,0.0,255,10,0.04,0.02,0.0,0.0,0.0,0.0,0.0,0.1,guess_passwd,R2L
0,tcp,http,SF,230,406,0,0,0,0,0,1,0,0,0,0,0,0,0,0,0,0,23,50,0.0,0.0,0.0,0.0,1.0,0.0,0.04,255,255,1.0,0.0,0.0,0.0,0.0,0.0,0.0,0.0,normal,Normal
0,tcp,private,REJ,0,0,0,0,0,0,0,0,0,0,0,0,0,0,0,0,0,0,123,10,0.0,0.0,1.0,1.0,0.08,0.08,0.0,255,10,0.04,0.07,0.0,0.0,0.0,0.0,1.0,1.0,neptune,DoS
0,tcp,http,SF,304,2698,0,0,0,0,0,1,0,0,0,0,0,0,1,0,0,0,1,1,0.0,0.0,0.0,0.0,1.0,0.0,0.0,255,171,0.67,0.23,0.0,0.0,0.01,0.0,0.25,0.0,normal,Normal
0,tcp,ftp_data,SF,245,0,0,0,0,0,0,0,0,0,0,0,0,0,0,0,0,0,2,2,0.0,0.0,0.0,0.0,1.0,0.0,0.0,14,6,0.43,0.14,0.43,0.0,0.0,0.0,0.14,0.0,normal,Normal
0,icmp,ecr_i,SF,1008,0,0,0,0,0,0,0,0,0,0,0,0,0,0,0,0,0,450,450,0.0,0.0,0.0,0.0,1.0,0.0,0.0,255,255,1.0,0.0,1.0,0.0,0.0,0.0,0.0,0.0,smurf,DoS
0,udp,private,SF,46,48,0,0,0,0,0,0,0,0,0,0,0,0,0,0,0,0,45,45,0.0,0.0,0.0,0.0,1.0,0.0,0.0,255,255,1.0,0.0,0.17,0.0,0.0,0.0,0.0,0.0,normal,Normal
0,tcp,http,SF,186,7113,0,0,0,0,0,1,0,0,0,0,0,0,0,0,0,0,8,9,0.0,0.0,0.0,0.0,1.0,0.0,0.22,32,255,1.0,0.0,0.03,0.01,0.0,0.0,0.0,0.0,normal,Normal
0,tcp,http,SF,218,3355,0,0,0,0,0,1,0,0,0,0,0,0,0,0,0,0,9,9,0.0,0.0,0.0,0.0,1.0,0.0,0.0,55,255,1.0,0.0,0.02,0.02,0.0,0.0,0.0,0.0,normal,Normal
0,icmp,ecr_i,SF,1032,0,0,0,0,0,0,0,0,0,0,0,0,0,0,0,0,0,511,511,0.0,0.0,0.0,0.0,1.0,0.0,0.0,102,101,0.99,0.02,0.99,0.0,0.0,0.0,0.0,0.0,smurf,DoS
895,tcp,http,RSTR,60064,0,0,0,0,0,0,1,0,0,0,0,0,0,0,0,0,0,26,26,0.19,0.19,0.81,0.81,1.0,0.0,0.0,255,255,1.0,0.0,0.0,0.0,0.02,0.02,0.62,0.62,apache2,DoS
7314,tcp,telnet,SF,0,44,0,0,0,0,0,0,0,0,0,0,0,0,0,0,0,0,1,1,0.0,0.0,0.0,0.0,1.0,0.0,0.0,255,232,0.91,0.02,0.0,0.0,0.27,0.3,0.01,0.0,processtable,DoS
280,tcp,ftp_data,SF,283618,0,0,0,0,0,0,0,0,0,0,0,0,0,0,0,0,0,2,2,0.0,0.0,0.0,0.0,1.0,0.0,0.0,2,8,1.0,0.0,1.0,0.25,0.0,0.0,0.0,0.0,warezmaster,R2L
4,tcp,pop_3,SF,28,93,0,0,0,0,0,1,0,0,0,0,0,0,0,0,0,0,1,1,0.0,0.0,0.0,0.0,1.0,0.0,0.0,255,242,0.95,0.02,0.0,0.0,0.0,0.0,0.01,0.0,guess_passwd,R2L
0,tcp,http,SF,246,20233,0,0,0,0,0,1,0,0,0,0,0,0,0,0,0,0,1,6,0.0,0.0,0.0,0.0,1.0,0.0,0.5,17,241,1.0,0.0,0.06,0.03,0.0,0.0,0.0,0.0,normal,Normal
0,icmp,ecr_i,SF,1480,0,0,1,0,0,0,0,0,0,0,0,0,0,0,0,0,0,1,3,0.0,0.0,0.0,0.0,1.0,0.0,0.67,1,255,1.0,0.0,1.0,0.03,0.0,0.0,0.0,0.0,pod,DoS
0,tcp,private,RSTR,0,0,0,0,0,0,0,0,0,0,0,0,0,0,0,0,0,0,1,1,0.0,0.0,1.0,1.0,1.0,0.0,0.0,255,1,0.0,0.43,0.39,0.0,0.0,0.0,0.9,1.0,portsweep,Probe
0,udp,private,SF,46,0,0,0,0,0,0,0,0,0,0,0,0,0,0,0,0,0,2,2,0.0,0.0,0.0,0.0,1.0,0.0,0.0,255,255,1.0,0.0,0.02,0.0,0.0,0.0,0.0,0.0,snmpguess,R2L
0,tcp,telnet,SF,122,174,0,0,0,0,1,0,0,0,0,0,0,0,0,0,0,0,1,1,0.0,0.0,0.0,0.0,1.0,0.0,0.0,255,154,0.6,0.02,0.0,0.0,0.0,0.0,0.02,0.03,guess_passwd,R2L
0,tcp,private,REJ,0,0,0,0,0,0,0,0,0,0,0,0,0,0,0,0,0,0,124,10,0.0,0.0,1.0,1.0,0.08,0.07,0.0,255,10,0.04,0.06,0.0,0.0,0.0,0.0,1.0,1.0,neptune,DoS
0,tcp,ftp_data,SF,615,0,0,0,0,0,0,0,0,0,0,0,0,0,0,0,0,0,1,1,0.0,0.0,0.0,0.0,1.0,0.0,0.0,126,30,0.17,0.04,0.17,0.07,0.0,0.0,0.0,0.0,normal,Normal
0,tcp,http,SF,193,759,0,0,0,0,0,1,0,0,0,0,0,0,0,0,0,0,2,16,0.0,0.0,0.0,0.0,1.0,0.0,0.19,127,255,1.0,0.0,0.01,0.03,0.0,0.0,0.0,0.0,normal,Normal
0,tcp,http,SF,237,336,0,0,0,0,0,1,0,0,0,0,0,0,0,0,0,0,5,5,0.0,0.0,0.0,0.0,1.0,0.0,0.0,5,255,1.0,0.0,0.2,0.03,0.0,0.0,0.0,0.0,normal,Normal
0,tcp,http,SF,294,8620,0,0,0,0,0,1,0,0,0,0,0,0,0,0,0,0,2,2,0.0,0.0,0.0,0.0,1.0,0.0,0.0,255,255,1.0,0.0,0.0,0.0,0.0,0.0,0.0,0.0,normal,Normal
1,tcp,smtp,SF,2599,293,0,0,0,0,0,1,0,0,0,0,0,0,0,0,0,0,3,3,0.0,0.0,0.0,0.0,1.0,0.0,0.0,255,76,0.3,0.14,0.0,0.0,0.0,0.0,0.69,0.0,mailbomb,DoS
0,tcp,netbios_dgm,REJ,0,0,0,0,0,0,0,0,0,0,0,0,0,0,0,0,0,0,251,5,0.0,0.0,1.0,1.0,0.02,0.06,0.0,255,5,0.02,0.07,0.0,0.0,0.0,0.0,1.0,1.0,neptune,DoS
0,tcp,gopher,S0,0,0,0,0,0,0,0,0,0,0,0,0,0,0,0,0,0,0,152,8,1.0,1.0,0.0,0.0,0.05,0.09,0.0,255,8,0.03,0.09,0.0,0.0,1.0,1.0,0.0,0.0,neptune,DoS
0,icmp,ecr_i,SF,40008,0,0,0,0,0,0,0,0,0,0,0,0,0,0,0,0,0,3,3,0.0,0.0,0.0,0.0,1.0,0.0,0.0,77,77,1.0,0.0,1.0,0.0,0.0,0.0,0.0,0.0,normal,Normal
0,tcp,http,SF,356,1402,0,0,0,0,0,1,0,0,0,0,0,0,0,0,0,0,7,40,0.0,0.0,0.0,0.0,1.0,0.0,0.1,189,255,1.0,0.0,0.01,0.02,0.0,0.0,0.0,0.0,normal,Normal
0,tcp,private,RSTR,0,0,0,0,0,0,0,0,0,0,0,0,0,0,0,0,0,0,1,1,0.0,0.0,1.0,1.0,1.0,0.0,0.0,255,1,0.0,0.75,0.74,0.0,0.0,0.0,0.73,1.0,portsweep,Probe
0,tcp,http,SF,214,5041,0,0,0,0,0,1,0,0,0,0,0,0,0,0,0,0,15,15,0.0,0.0,0.0,0.0,1.0,0.0,0.0,15,255,1.0,0.0,0.07,0.01,0.0,0.0,0.0,0.0,normal,Normal
0,tcp,telnet,SF,128,174,0,0,0,0,1,0,0,0,0,0,0,0,0,0,0,0,1,1,0.0,0.0,0.0,0.0,1.0,0.0,0.0,255,170,0.67,0.02,0.0,0.0,0.0,0.0,0.02,0.03,guess_passwd,R2L
0,tcp,http,SF,212,16244,0,0,0,0,0,1,0,0,0,0,0,0,0,0,0,0,7,23,0.0,0.0,0.0,0.0,1.0,0.0,0.09,7,255,1.0,0.0,0.14,0.05,0.0,0.0,0.0,0.0,normal,Normal
2,tcp,smtp,SF,1372,283,0,0,0,0,0,1,0,0,0,0,0,0,0,0,0,0,2,6,0.0,0.0,0.0,0.0,1.0,0.0,0.83,23,146,0.7,0.17,0.04,0.02,0.0,0.0,0.0,0.01,normal,Normal
0,tcp,private,REJ,0,0,0,0,0,0,0,0,0,0,0,0,0,0,0,0,0,0,206,15,0.0,0.0,1.0,1.0,0.07,0.07,0.0,255,15,0.06,0.07,0.0,0.0,0.0,0.0,1.0,1.0,neptune,DoS
0,tcp,ftp_data,SF,740,0,0,0,0,0,0,0,0,0,0,0,0,0,0,0,0,0,2,2,0.0,0.0,0.0,0.0,1.0,0.0,0.0,11,2,0.18,0.27,0.18,0.0,0.0,0.0,0.0,0.0,normal,Normal
0,tcp,http,SF,192,10121,0,0,0,0,0,1,0,0,0,0,0,0,0,0,0,0,11,11,0.0,0.0,0.0,0.0,1.0,0.0,0.0,45,255,1.0,0.0,0.02,0.01,0.0,0.0,0.0,0.0,normal,Normal
0,tcp,private,REJ,0,0,0,0,0,0,0,0,0,0,0,0,0,0,0,0,0,0,138,14,0.0,0.0,1.0,1.0,0.1,0.06,0.0,255,14,0.05,0.05,0.0,0.0,0.27,0.0,0.73,1.0,neptune,DoS
3,tcp,pop_3,SF,26,93,0,0,0,0,0,1,0,0,0,0,0,0,0,0,0,0,1,1,0.0,0.0,0.0,0.0,1.0,0.0,0.0,253,234,0.92,0.01,0.0,0.0,0.0,0.0,0.04,0.0,guess_passwd,R2L
282,tcp,ftp,SF,164,599,0,0,0,2,0,1,0,0,0,0,0,0,0,0,0,1,1,1,0.0,0.0,0.0,0.0,1.0,0.0,0.0,255,61,0.24,0.03,0.0,0.0,0.1,0.0,0.02,0.0,warezmaster,R2L
0,udp,domain_u,SF,44,112,0,0,0,0,0,0,0,0,0,0,0,0,0,0,0,0,1,2,0.0,0.0,0.0,0.0,1.0,0.0,1.0,255,251,0.98,0.01,0.0,0.0,0.0,0.0,0.0,0.0,normal,Normal
0,tcp,http,SF,294,659,0,0,0,0,0,1,0,0,0,0,0,0,0,0,0,0,24,24,0.0,0.0,0.0,0.0,1.0,0.0,0.0,25,255,1.0,0.0,0.04,0.01,0.0,0.0,0.0,0.0,normal,Normal
0,tcp,imap4,RSTO,0,44,0,0,0,0,0,0,0,0,0,0,0,0,0,0,0,0,2,2,0.0,0.0,0.5,1.0,0.5,1.0,1.0,255,47,0.18,0.02,0.0,0.0,0.0,0.0,0.66,0.98,mscan,Probe
1,tcp,telnet,RSTO,0,15,0,0,0,0,0,0,0,0,0,0,0,0,0,0,0,0,1,8,0.0,0.12,1.0,0.5,1.0,0.0,0.75,29,86,0.31,0.17,0.03,0.02,0.0,0.0,0.83,0.71,mscan,Probe
0,tcp,http,SF,332,9030,0,0,0,0,0,1,0,0,0,0,0,0,0,0,0,0,21,22,0.0,0.0,0.0,0.0,1.0,0.0,0.09,66,255,1.0,0.0,0.02,0.01,0.0,0.0,0.0,0.0,normal,Normal
0,icmp,ecr_i,SF,1032,0,0,0,0,0,0,0,0,0,0,0,0,0,0,0,0,0,315,315,0.0,0.0,0.0,0.0,1.0,0.0,0.0,255,255,1.0,0.0,1.0,0.0,0.0,0.0,0.0,0.0,smurf,DoS
0,tcp,http,SF,297,8526,0,0,0,0,0,1,0,0,0,0,0,0,0,0,0,0,1,16,0.0,0.0,0.0,0.0,1.0,0.0,0.19,122,255,1.0,0.0,0.01,0.02,0.0,0.0,0.0,0.0,normal,Normal
0,tcp,http,SF,238,2650,0,0,0,0,0,1,0,0,0,0,0,0,0,0,0,0,10,10,0.0,0.0,0.0,0.0,1.0,0.0,0.0,255,255,1.0,0.0,0.0,0.0,0.0,0.0,0.0,0.0,normal,Normal
0,tcp,telnet,SF,122,174,0,0,0,0,1,0,0,0,0,0,0,0,0,0,0,0,1,1,0.0,0.0,0.0,0.0,1.0,0.0,0.0,255,254,1.0,0.01,0.0,0.0,0.01,0.01,0.02,0.02,guess_passwd,R2L
0,tcp,nnsp,REJ,0,0,0,0,0,0,0,0,0,0,0,0,0,0,0,0,0,0,101,18,0.0,0.0,1.0,1.0,0.18,0.07,0.0,255,18,0.07,0.05,0.0,0.0,0.0,0.0,1.0,1.0,neptune,DoS
0,tcp,pop_3,S0,0,0,0,0,0,0,0,0,0,0,0,0,0,0,0,0,0,0,1,3,1.0,1.0,0.0,0.0,1.0,0.0,1.0,150,85,0.33,0.02,0.01,0.02,1.0,1.0,0.0,0.0,mscan,Probe
0,tcp,private,REJ,0,0,0,0,0,0,0,0,0,0,0,0,0,0,0,0,0,0,107,9,0.0,0.0,1.0,1.0,0.08,0.07,0.0,255,9,0.04,0.06,0.0,0.0,0.0,0.0,1.0,1.0,neptune,DoS
0,udp,private,SF,55,51,0,0,0,0,0,0,0,0,0,0,0,0,0,0,0,0,503,503,0.0,0.0,0.0,0.0,1.0,0.0,0.0,255,255,1.0,0.0,0.82,0.0,0.0,0.0,0.0,0.0,normal,Normal
0,tcp,http,SF,265,20462,0,0,0,0,0,1,0,0,0,0,0,0,0,0,0,0,1,1,0.0,0.0,0.0,0.0,1.0,0.0,0.0,119,255,1.0,0.0,0.01,0.02,0.0,0.0,0.0,0.0,normal,Normal
0,tcp,telnet,RSTO,0,0,0,0,0,0,0,0,0,0,0,0,0,0,0,0,0,0,69,18,0.0,0.0,1.0,1.0,0.26,0.06,0.0,255,58,0.23,0.11,0.0,0.0,0.0,0.0,0.99,1.0,neptune,DoS
0,tcp,http,SF,212,2531,0,0,0,0,0,1,0,0,0,0,0,0,0,0,0,0,8,8,0.0,0.0,0.0,0.0,1.0,0.0,0.0,255,255,1.0,0.0,0.0,0.0,0.0,0.0,0.0,0.0,normal,Normal
0,udp,private,SF,46,43,0,0,0,0,0,0,0,0,0,0,0,0,0,0,0,0,92,92,0.0,0.0,0.0,0.0,1.0,0.0,0.0,255,255,1.0,0.0,0.35,0.0,0.0,0.0,0.0,0.0,normal,Normal
0,tcp,http,SF,260,1316,0,0,0,0,0,1,0,0,0,0,0,0,0,0,0,0,1,1,0.0,0.0,0.0,0.0,1.0,0.0,0.0,1,255,1.0,0.0,1.0,0.04,0.0,0.0,0.0,0.0,normal,Normal
0,tcp,private,S0,0,0,0,0,0,0,0,0,0,0,0,0,0,0,0,0,0,0,115,17,1.0,1.0,0.0,0.0,0.15,0.06,0.0,255,17,0.07,0.05,0.0,0.0,1.0,1.0,0.0,0.0,neptune,DoS
0,udp,private,SF,1,1,0,0,0,0,0,0,0,0,0,0,0,0,0,0,0,0,77,1,0.0,0.0,0.0,0.0,0.01,0.34,0.0,255,1,0.0,0.59,0.57,0.0,0.0,0.0,0.43,0.0,satan,Probe
0,tcp,http,SF,54540,8314,0,0,0,2,0,1,1,0,0,0,0,0,0,0,0,0,3,19,0.0,0.0,0.0,0.0,1.0,0.0,0.11,255,254,1.0,0.01,0.0,0.0,0.0,0.0,0.01,0.01,back,DoS
0,udp,domain_u,SF,45,134,0,0,0,0,0,0,0,0,0,0,0,0,0,0,0,0,81,161,0.0,0.0,0.0,0.0,1.0,0.0,0.01,255,254,1.0,0.01,0.0,0.0,0.0,0.0,0.0,0.0,normal,Normal
0,tcp,ftp_data,SF,12,0,0,0,0,0,0,0,0,0,0,0,0,0,0,0,0,0,1,1,0.0,0.0,0.0,0.0,1.0,0.0,0.0,1,8,1.0,0.0,1.0,0.38,0.0,0.0,0.0,0.0,warezmaster,R2L
0,tcp,http,SF,237,807,0,0,0,0,0,1,0,0,0,0,0,0,0,0,0,0,18,18,0.0,0.0,0.0,0.0,1.0,0.0,0.0,255,255,1.0,0.0,0.0,0.0,0.0,0.0,0.0,0.0,normal,Normal
0,tcp,smtp,SF,1435,327,0,0,0,0,0,1,0,0,0,0,0,0,0,0,0,0,1,1,0.0,0.0,0.0,0.0,1.0,0.0,0.0,255,108,0.42,0.03,0.0,0.0,0.0,0.0,0.0,0.0,normal,Normal
0,icmp,ecr_i,SF,1008,0,0,0,0,0,0,0,0,0,0,0,0,0,0,0,0,0,137,137,0.0,0.0,0.0,0.0,1.0,0.0,0.0,255,255,1.0,0.0,1.0,0.0,0.0,0.0,0.0,0.0,smurf,DoS
281,tcp,ftp,SF,160,599,0,0,0,2,0,1,0,0,0,0,0,0,0,0,0,1,1,1,0.0,0.0,0.0,0.0,1.0,0.0,0.0,46,27,0.59,0.07,0.02,0.0,0.0,0.0,0.0,0.0,warezmaster,R2L
0,tcp,http,SF,280,1295,0,0,0,0,0,1,0,0,0,0,0,0,0,0,0,0,7,7,0.0,0.0,0.0,0.0,1.0,0.0,0.0,33,124,1.0,0.0,0.03,0.03,0.0,0.0,0.0,0.0,normal,Normal
0,tcp,private,REJ,0,0,0,0,0,0,0,0,0,0,0,0,0,0,0,0,0,0,120,10,0.0,0.0,1.0,1.0,0.08,0.07,0.0,255,10,0.04,0.06,0.0,0.0,0.0,0.0,1.0,1.0,neptune,DoS
0,tcp,http,SF,321,304,0,0,0,0,0,1,0,0,0,0,0,0,0,0,0,0,1,1,0.0,0.0,0.0,0.0,1.0,0.0,0.0,80,255,1.0,0.0,0.01,0.05,0.0,0.0,0.0,0.0,normal,Normal
0,tcp,http,SF,214,4984,0,0,0,0,0,1,0,0,0,0,0,0,0,0,0,0,3,3,0.0,0.0,0.0,0.0,1.0,0.0,0.0,139,255,1.0,0.0,0.01,0.01,0.0,0.0,0.0,0.0,normal,Normal
0,tcp,printer,RSTO,0,0,0,0,0,0,0,0,0,0,0,0,0,0,0,0,0,0,133,9,0.25,0.0,0.75,1.0,0.07,0.06,0.0,255,9,0.04,0.05,0.0,0.0,0.51,0.0,0.49,1.0,neptune,DoS
0,tcp,ctf,REJ,0,0,0,0,0,0,0,0,0,0,0,0,0,0,0,0,0,0,263,10,0.0,0.0,1.0,1.0,0.04,0.06,0.0,255,10,0.04,0.06,0.0,0.0,0.0,0.0,1.0,1.0,neptune,DoS
1,tcp,telnet,SF,24,715,0,0,0,0,0,0,0,0,0,0,0,0,0,0,0,0,4,4,0.0,0.0,0.75,0.5,0.5,0.75,0.5,54,86,0.33,0.09,0.02,0.02,0.0,0.0,0.85,0.7,mscan,Probe
0,tcp,http,SF,285,9755,0,0,0,0,0,1,0,0,0,0,0,0,0,0,0,0,4,4,0.0,0.0,0.0,0.0,1.0,0.0,0.0,162,255,1.0,0.0,0.01,0.03,0.01,0.0,0.0,0.0,normal,Normal
0,icmp,ecr_i,SF,508,0,0,0,0,0,0,0,0,0,0,0,0,0,0,0,0,0,220,220,0.0,0.0,0.0,0.0,1.0,0.0,0.0,255,255,1.0,0.0,1.0,0.0,0.0,0.0,0.0,0.0,smurf,DoS
0,tcp,http,SF,228,775,0,0,0,0,0,1,0,0,0,0,0,0,0,0,0,0,5,5,0.0,0.0,0.0,0.0,1.0,0.0,0.0,65,255,1.0,0.0,0.02,0.02,0.0,0.0,0.0,0.0,normal,Normal
0,udp,private,SF,1,1,0,0,0,0,0,0,0,0,0,0,0,0,0,0,0,0,106,1,0.0,0.0,0.0,0.0,0.01,0.53,0.0,255,1,0.0,0.53,0.77,0.0,0.0,0.0,0.23,0.0,satan,Probe
0,tcp,http,SF,234,1850,0,0,0,0,0,1,0,0,0,0,0,0,0,0,0,0,5,14,0.0,0.0,0.0,0.0,1.0,0.0,0.21,255,255,1.0,0.0,0.0,0.0,0.0,0.0,0.0,0.0,normal,Normal
1,tcp,smtp,SF,2599,293,0,0,0,0,0,1,0,0,0,0,0,0,0,0,0,0,3,3,0.0,0.0,0.0,0.0,1.0,0.0,0.0,255,218,0.85,0.13,0.0,0.0,0.0,0.0,0.13,0.0,mailbomb,DoS
0,tcp,telnet,S3,0,44,0,0,0,0,0,0,0,0,0,0,0,0,0,0,0,0,1,1,1.0,1.0,0.0,0.0,1.0,0.0,0.0,255,87,0.34,0.58,0.0,0.0,0.24,0.71,0.57,0.0,processtable,DoS
816,tcp,http,RSTR,56504,0,0,0,0,0,0,1,0,0,0,0,0,0,0,0,0,0,63,63,0.03,0.03,0.97,0.97,1.0,0.0,0.0,255,253,0.99,0.01,0.0,0.0,0.01,0.01,0.31,0.31,apache2,DoS
0,tcp,http,S0,0,0,0,0,0,0,0,0,0,0,0,0,0,0,0,0,0,0,49,49,0.08,0.08,0.92,0.92,1.0,0.0,0.0,255,254,1.0,0.01,0.0,0.0,0.02,0.02,0.73,0.73,apache2,DoS
282,tcp,ftp,SF,165,601,0,0,0,2,0,1,0,0,0,0,0,0,0,0,0,1,1,1,0.0,0.0,0.0,0.0,1.0,0.0,0.0,255,55,0.22,0.03,0.0,0.0,0.14,0.0,0.02,0.0,warezmaster,R2L
0,tcp,private,REJ,0,0,0,0,0,0,0,0,0,0,0,0,0,0,0,0,0,0,253,14,0.0,0.0,1.0,1.0,0.06,0.06,0.0,255,14,0.05,0.06,0.0,0.0,0.0,0.0,1.0,1.0,neptune,DoS
0,icmp,eco_i,SF,18,0,0,0,0,0,0,0,0,0,0,0,0,0,0,0,0,0,1,1,0.0,0.0,0.0,0.0,1.0,0.0,0.0,1,10,1.0,0.0,1.0,1.0,0.0,0.0,0.0,0.0,ipsweep,Probe
0,tcp,whois,REJ,0,0,0,0,0,0,0,0,0,0,0,0,0,0,0,0,0,0,292,5,0.0,0.0,1.0,1.0,0.02,0.06,0.0,255,5,0.02,0.06,0.0,0.0,0.0,0.0,1.0,1.0,neptune,DoS
0,tcp,private,REJ,0,0,0,0,0,0,0,0,0,0,0,0,0,0,0,0,0,0,197,8,0.0,0.0,1.0,1.0,0.04,0.06,0.0,255,8,0.03,0.06,0.0,0.0,0.0,0.0,1.0,1.0,neptune,DoS
0,udp,domain_u,SF,36,0,0,0,0,0,0,0,0,0,0,0,0,0,0,0,0,0,10,21,0.0,0.0,0.0,0.0,1.0,0.0,0.14,10,72,1.0,0.0,1.0,0.04,0.0,0.0,0.0,0.0,normal,Normal
0,udp,domain_u,SF,38,98,0,0,0,0,0,0,0,0,0,0,0,0,0,0,0,0,1,1,0.0,0.0,0.0,0.0,1.0,0.0,0.0,163,231,0.94,0.01,0.94,0.01,0.0,0.0,0.06,0.0,normal,Normal
0,tcp,pop_3,RSTO,0,36,0,0,0,0,0,1,0,0,0,0,0,0,0,0,0,0,3,3,0.0,0.0,1.0,0.67,0.33,1.0,1.0,142,59,0.24,0.04,0.01,0.03,0.0,0.0,0.89,1.0,mscan,Probe
0,tcp,http,SF,296,873,0,0,0,0,0,1,0,0,0,0,0,0,0,0,0,0,4,4,0.0,0.0,0.0,0.0,1.0,0.0,0.0,255,255,1.0,0.0,0.0,0.0,0.0,0.0,0.0,0.0,normal,Normal
0,icmp,eco_i,SF,18,0,0,0,0,0,0,0,0,0,0,0,0,0,0,0,0,0,1,1,0.0,0.0,0.0,0.0,1.0,0.0,0.0,1,9,1.0,0.0,1.0,1.0,0.0,0.0,0.0,0.0,ipsweep,Probe
0,tcp,http,SF,296,3214,0,0,0,0,0,1,0,0,0,0,0,0,0,0,0,0,10,17,0.0,0.0,0.0,0.0,1.0,0.0,0.12,38,125,1.0,0.0,0.03,0.05,0.0,0.02,0.0,0.0,normal,Normal
0,tcp,http,SF,205,655,0,0,0,0,0,1,0,0,0,0,0,0,0,0,0,0,17,20,0.0,0.0,0.0,0.0,1.0,0.0,0.15,128,247,1.0,0.0,0.01,0.03,0.0,0.0,0.0,0.0,normal,Normal
0,tcp,http,SF,54540,8314,0,0,0,2,0,1,1,0,0,0,0,0,0,0,0,0,4,9,0.0,0.0,0.0,0.0,1.0,0.0,0.22,255,248,0.97,0.01,0.0,0.0,0.0,0.0,0.06,0.06,back,DoS
0,tcp,private,S0,0,0,0,0,0,0,0,0,0,0,0,0,0,0,0,0,0,0,178,18,1.0,1.0,0.0,0.0,0.1,0.08,0.0,255,18,0.07,0.09,0.0,0.0,1.0,1.0,0.0,0.0,neptune,DoS
0,tcp,private,S0,0,0,0,0,0,0,0,0,0,0,0,0,0,0,0,0,0,0,140,13,1.0,1.0,0.0,0.0,0.09,0.06,0.0,255,13,0.05,0.05,0.0,0.0,1.0,1.0,0.0,0.0,neptune,DoS
0,tcp,smtp,SF,0,86,0,0,0,0,0,1,0,0,0,0,0,0,0,0,0,0,1,1,0.0,0.0,0.0,0.0,1.0,0.0,0.0,219,178,0.68,0.03,0.0,0.01,0.0,0.0,0.05,0.06,normal,Normal
0,udp,domain_u,SF,79,45,0,0,0,0,0,0,0,0,0,0,0,0,0,0,0,0,137,137,0.0,0.0,0.0,0.0,1.0,0.0,0.0,255,238,0.93,0.01,0.14,0.0,0.0,0.0,0.0,0.0,normal,Normal
0,udp,domain_u,SF,44,74,0,0,0,0,0,0,0,0,0,0,0,0,0,0,0,0,122,122,0.0,0.0,0.0,0.0,1.0,0.0,0.0,255,251,0.98,0.01,0.01,0.0,0.0,0.0,0.0,0.0,normal,Normal
0,tcp,http,S0,0,0,0,0,0,0,0,0,0,0,0,0,0,0,0,0,0,0,17,17,1.0,1.0,0.0,0.0,1.0,0.0,0.0,255,245,0.96,0.01,0.0,0.0,0.19,0.2,0.56,0.59,apache2,DoS
0,tcp,ftp_data,SF,12,0,0,0,0,0,0,0,0,0,0,0,0,0,0,0,0,0,1,1,0.0,0.0,0.0,0.0,1.0,0.0,0.0,1,8,1.0,0.0,1.0,0.25,0.0,0.0,0.0,0.0,warezmaster,R2L
1,tcp,smtp,SF,2599,293,0,0,0,0,0,1,0,0,0,0,0,0,0,0,0,0,2,2,0.0,0.0,0.0,0.0,1.0,0.0,0.0,255,189,0.74,0.13,0.0,0.0,0.0,0.0,0.25,0.0,mailbomb,DoS
0,tcp,http,SF,284,189,0,0,0,0,0,1,0,0,0,0,0,0,0,0,0,0,6,6,0.0,0.0,0.0,0.0,1.0,0.0,0.0,153,255,1.0,0.0,0.01,0.02,0.0,0.0,0.0,0.0,normal,Normal
0,tcp,private,REJ,0,0,0,0,0,0,0,0,0,0,0,0,0,0,0,0,0,0,288,20,0.0,0.0,1.0,1.0,0.07,0.06,0.0,255,17,0.07,0.06,0.0,0.0,0.0,0.0,1.0,1.0,neptune,DoS
136,tcp,http,S2,183,1948,0,0,0,0,0,1,0,0,0,0,0,0,0,0,0,0,1,1,1.0,1.0,0.0,0.0,1.0,0.0,0.0,255,240,0.94,0.01,0.0,0.0,0.01,0.01,0.0,0.0,normal,Normal
3,tcp,imap4,RSTO,0,44,0,0,0,0,0,0,0,0,0,0,0,0,0,0,0,0,1,12,0.0,0.0,1.0,0.83,1.0,0.0,1.0,48,60,0.25,0.1,0.02,0.03,0.0,0.0,0.88,0.97,mscan,Probe
795,tcp,http,RSTR,56504,0,0,0,0,0,0,1,0,0,0,0,0,0,0,0,0,0,19,19,0.0,0.0,1.0,1.0,1.0,0.0,0.0,255,254,1.0,0.01,0.0,0.0,0.01,0.01,0.56,0.56,apache2,DoS
0,tcp,telnet,RSTO,0,15,0,0,0,0,0,0,0,0,0,0,0,0,0,0,0,0,1,3,0.0,0.0,1.0,0.67,1.0,0.0,0.67,255,171,0.67,0.02,0.0,0.0,0.0,0.01,0.35,0.2,mscan,Probe
0,tcp,other,REJ,0,0,0,0,0,0,0,0,0,0,0,0,0,0,0,0,0,0,493,1,0.09,0.0,0.91,1.0,0.0,1.0,0.0,255,1,0.0,1.0,0.0,0.0,0.13,0.0,0.87,1.0,satan,Probe
0,tcp,http,SF,196,4338,0,0,0,0,0,1,0,0,0,0,0,0,0,0,0,0,2,2,0.0,0.0,0.0,0.0,1.0,0.0,0.0,2,247,1.0,0.0,0.5,0.04,0.0,0.0,0.0,0.0,normal,Normal
0,tcp,http,SF,217,1856,0,0,0,0,0,1,0,0,0,0,0,0,0,0,0,0,24,24,0.0,0.0,0.0,0.0,1.0,0.0,0.0,255,255,1.0,0.0,0.0,0.0,0.0,0.0,0.0,0.0,normal,Normal
1,tcp,pop_3,RSTO,0,36,0,0,0,0,0,1,0,0,0,0,0,0,0,0,0,0,3,4,0.0,0.0,1.0,1.0,0.33,1.0,1.0,136,60,0.24,0.04,0.01,0.03,0.0,0.0,0.9,1.0,mscan,Probe
0,icmp,ecr_i,SF,1032,0,0,0,0,0,0,0,0,0,0,0,0,0,0,0,0,0,248,248,0.0,0.0,0.0,0.0,1.0,0.0,0.0,255,255,1.0,0.0,1.0,0.0,0.0,0.0,0.0,0.0,smurf,DoS
7434,tcp,telnet,SF,0,44,0,0,0,0,0,0,0,0,0,0,0,0,0,0,0,0,1,1,0.0,0.0,0.0,0.0,1.0,0.0,0.0,255,206,0.81,0.02,0.0,0.0,0.3,0.33,0.01,0.01,processtable,DoS
0,icmp,ecr_i,SF,1032,0,0,0,0,0,0,0,0,0,0,0,0,0,0,0,0,0,121,121,0.0,0.0,0.0,0.0,1.0,0.0,0.0,255,255,1.0,0.0,1.0,0.0,0.0,0.0,0.0,0.0,smurf,DoS
0,udp,private,SF,49,0,0,0,0,0,0,0,0,0,0,0,0,0,0,0,0,0,4,4,0.0,0.0,0.0,0.0,1.0,0.0,0.0,255,255,1.0,0.0,0.01,0.0,0.0,0.0,0.0,0.0,snmpguess,R2L
0,tcp,other,REJ,0,0,0,0,0,0,0,0,0,0,0,0,0,0,0,0,0,0,511,1,0.13,0.0,0.87,1.0,0.0,1.0,0.0,255,1,0.0,0.94,0.0,0.0,0.12,0.0,0.88,1.0,satan,Probe
0,tcp,http,SF,208,396,0,0,0,0,0,1,0,0,0,0,0,0,0,0,0,0,1,21,0.0,0.0,0.0,0.0,1.0,0.0,0.14,10,255,1.0,0.0,0.1,0.02,0.0,0.0,0.0,0.0,normal,Normal
0,tcp,http,SF,280,23297,0,0,0,0,0,1,0,0,0,0,0,0,0,0,0,0,1,17,0.0,0.0,0.0,0.0,1.0,0.0,0.18,255,255,1.0,0.0,0.0,0.0,0.0,0.0,0.0,0.0,normal,Normal
0,icmp,eco_i,SF,18,0,0,0,0,0,0,0,0,0,0,0,0,0,0,0,0,0,1,1,0.0,0.0,0.0,0.0,1.0,0.0,0.0,1,41,1.0,0.0,1.0,1.0,0.0,0.0,0.0,0.0,ipsweep,Probe
0,tcp,private,REJ,0,0,0,0,0,0,0,0,0,0,0,0,0,0,0,0,0,0,221,4,0.0,0.0,1.0,1.0,0.02,0.07,0.0,255,4,0.02,0.07,0.0,0.0,0.0,0.0,1.0,1.0,neptune,DoS
0,tcp,private,REJ,0,0,0,0,0,0,0,0,0,0,0,0,0,0,0,0,0,0,132,12,0.0,0.0,1.0,1.0,0.09,0.06,0.0,255,12,0.05,0.06,0.0,0.0,0.0,0.0,1.0,1.0,neptune,DoS
0,tcp,courier,REJ,0,0,0,0,0,0,0,0,0,0,0,0,0,0,0,0,0,0,134,18,0.0,0.0,1.0,1.0,0.13,0.05,0.0,255,18,0.07,0.05,0.0,0.0,0.0,0.0,1.0,1.0,neptune,DoS
0,udp,private,SF,42,0,0,0,0,0,0,0,0,0,0,0,0,0,0,0,0,0,3,3,0.0,0.0,0.0,0.0,1.0,0.0,0.0,255,255,1.0,0.0,0.01,0.0,0.0,0.0,0.0,0.0,snmpguess,R2L
0,tcp,http,SF,218,180,0,0,0,0,0,1,0,0,0,0,0,0,0,0,0,0,19,21,0.0,0.0,0.0,0.0,1.0,0.0,0.14,255,255,1.0,0.0,0.0,0.0,0.0,0.0,0.0,0.0,normal,Normal
0,tcp,telnet,RSTO,0,0,0,0,0,0,0,0,0,0,0,0,0,0,0,0,0,0,226,12,0.0,0.0,1.0,1.0,0.05,0.07,0.0,255,12,0.05,0.08,0.0,0.0,0.0,0.0,1.0,1.0,neptune,DoS
0,tcp,private,REJ,0,0,0,0,0,0,0,0,0,0,0,0,0,0,0,0,0,0,109,6,0.0,0.0,1.0,1.0,0.06,0.08,0.0,255,6,0.02,0.06,0.0,0.0,0.0,0.0,1.0,1.0,neptune,DoS
0,tcp,http,RSTR,33580,1460,0,0,0,1,0,1,0,0,0,0,0,0,0,0,0,0,4,4,0.0,0.0,0.75,0.75,1.0,0.0,0.0,255,255,1.0,0.0,0.0,0.0,0.01,0.01,0.07,0.07,back,DoS
0,tcp,http,SF,274,1623,0,0,0,0,0,1,0,0,0,0,0,0,0,0,0,0,1,1,0.0,0.0,0.0,0.0,1.0,0.0,0.0,92,255,1.0,0.0,0.01,0.04,0.0,0.0,0.0,0.0,normal,Normal
0,tcp,smtp,SF,1215,335,0,0,0,0,0,1,0,0,0,0,0,0,0,0,0,0,1,1,0.0,0.0,0.0,0.0,1.0,0.0,0.0,255,164,0.64,0.03,0.0,0.0,0.0,0.0,0.19,0.0,normal,Normal
0,tcp,http,SF,208,317,0,0,0,0,0,1,0,0,0,0,0,0,0,0,0,0,20,24,0.0,0.0,0.0,0.0,1.0,0.0,0.12,255,255,1.0,0.0,0.01,0.0,0.0,0.0,0.0,0.0,normal,Normal
0,tcp,private,REJ,0,0,0,0,0,0,0,0,0,0,0,0,0,0,0,0,0,0,103,10,0.0,0.0,1.0,1.0,0.1,0.08,0.0,255,10,0.04,0.06,0.0,0.0,0.0,0.0,1.0,1.0,neptune,DoS
0,tcp,private,REJ,0,0,0,0,0,0,0,0,0,0,0,0,0,0,0,0,0,0,136,2,0.0,0.0,1.0,1.0,0.01,0.06,0.0,255,2,0.01,0.06,0.0,0.0,0.0,0.0,1.0,1.0,neptune,DoS
0,udp,private,SF,105,147,0,0,0,0,0,0,0,0,0,0,0,0,0,0,0,0,2,2,0.0,0.0,0.0,0.0,1.0,0.0,0.0,255,253,0.99,0.01,0.0,0.0,0.0,0.0,0.0,0.0,snmpgetattack,R2L
0,udp,domain_u,SF,42,42,0,0,0,0,0,0,0,0,0,0,0,0,0,0,0,0,2,3,0.0,0.0,0.0,0.0,1.0,0.0,0.67,255,252,0.99,0.01,0.0,0.0,0.0,0.0,0.0,0.0,normal,Normal
0,tcp,http,SF,360,2575,0,0,0,0,0,1,0,0,0,0,0,0,0,0,0,0,23,28,0.0,0.0,0.0,0.0,1.0,0.0,0.07,147,255,1.0,0.0,0.01,0.01,0.0,0.0,0.0,0.0,normal,Normal
0,udp,domain_u,SF,42,42,0,0,0,0,0,0,0,0,0,0,0,0,0,0,0,0,8,12,0.0,0.0,0.0,0.0,1.0,0.0,0.17,255,251,0.98,0.01,0.0,0.0,0.0,0.0,0.0,0.0,normal,Normal
0,udp,private,SF,55,52,0,0,0,0,0,0,0,0,0,0,0,0,0,0,0,0,311,311,0.0,0.0,0.0,0.0,1.0,0.0,0.0,255,255,1.0,0.0,0.86,0.0,0.0,0.0,0.0,0.0,normal,Normal
0,tcp,http,SF,54540,8314,0,0,0,2,0,1,1,0,0,0,0,0,0,0,0,0,3,37,0.0,0.0,0.0,0.0,1.0,0.0,0.05,255,252,0.99,0.01,0.0,0.0,0.0,0.0,0.01,0.01,back,DoS
0,tcp,smtp,SF,1107,331,0,0,0,0,0,1,0,0,0,0,0,0,0,0,0,0,1,1,0.0,0.0,0.0,0.0,1.0,0.0,0.0,20,178,0.9,0.15,0.05,0.01,0.0,0.0,0.0,0.0,normal,Normal
0,udp,domain_u,SF,44,44,0,0,0,0,0,0,0,0,0,0,0,0,0,0,0,0,3,7,0.0,0.0,0.0,0.0,1.0,0.0,0.29,255,250,0.98,0.01,0.01,0.0,0.0,0.0,0.0,0.0,normal,Normal
0,tcp,imap4,RSTO,0,44,0,0,0,0,0,0,0,0,0,0,0,0,0,0,0,0,1,1,0.0,0.0,1.0,1.0,1.0,0.0,0.0,215,60,0.24,0.02,0.0,0.03,0.04,0.0,0.88,0.87,mscan,Probe
0,tcp,http,SF,236,261,0,0,0,0,0,1,0,0,0,0,0,0,0,0,0,0,4,7,0.0,0.0,0.0,0.0,1.0,0.0,0.29,32,255,1.0,0.0,0.03,0.04,0.0,0.0,0.0,0.0,normal,Normal
1,tcp,telnet,RSTO,123,177,0,0,0,0,1,0,0,0,0,0,0,0,0,0,0,0,1,1,0.0,0.0,1.0,1.0,1.0,0.0,0.0,255,4,0.02,0.35,0.0,0.0,0.0,0.0,0.65,0.5,guess_passwd,R2L
0,tcp,pop_3,RSTO,0,36,0,0,0,0,0,1,0,0,0,0,0,0,0,0,0,0,3,2,0.0,0.0,1.0,1.0,0.33,1.0,1.0,255,54,0.21,0.02,0.0,0.0,0.0,0.0,0.78,0.93,mscan,Probe
0,tcp,http,SF,277,485,0,0,0,0,0,1,0,0,0,0,0,0,0,0,0,0,2,5,0.0,0.0,0.0,0.0,1.0,0.0,0.6,58,255,1.0,0.0,0.02,0.01,0.0,0.0,0.0,0.0,normal,Normal
0,tcp,http,SF,209,275,0,0,0,0,0,1,0,0,0,0,0,0,0,0,0,0,15,15,0.0,0.0,0.0,0.0,1.0,0.0,0.0,255,255,1.0,0.0,0.0,0.0,0.0,0.0,0.0,0.0,normal,Normal
0,tcp,private,REJ,0,0,0,0,0,0,0,0,0,0,0,0,0,0,0,0,0,0,125,8,0.0,0.0,1.0,1.0,0.06,0.06,0.0,255,8,0.03,0.43,0.0,0.0,0.0,0.0,0.96,1.0,neptune,DoS
282,tcp,ftp,SF,156,593,0,0,0,2,0,1,0,0,0,0,0,0,0,0,0,1,1,1,0.0,0.0,0.0,0.0,1.0,0.0,0.0,255,13,0.05,0.71,0.0,0.0,0.0,0.0,0.71,0.0,warezmaster,R2L
0,tcp,smtp,SF,1037,388,0,0,0,0,0,1,0,0,0,0,0,0,0,0,0,0,1,2,0.0,0.0,0.0,0.0,1.0,0.0,1.0,136,92,0.4,0.04,0.01,0.02,0.0,0.0,0.0,0.0,normal,Normal
0,tcp,http,SF,206,347,0,0,0,0,0,1,0,0,0,0,0,0,0,0,0,0,39,50,0.0,0.0,0.0,0.0,1.0,0.0,0.04,255,255,1.0,0.0,0.0,0.0,0.0,0.0,0.0,0.0,normal,Normal
0,tcp,http,SF,320,370,0,0,0,0,0,1,0,0,0,0,0,0,0,0,0,0,17,17,0.0,0.0,0.0,0.0,1.0,0.0,0.0,194,255,1.0,0.0,0.01,0.01,0.0,0.0,0.0,0.0,normal,Normal
0,tcp,http,SF,54540,8314,0,0,0,2,0,1,1,0,0,0,0,0,0,0,0,0,5,5,0.0,0.0,0.0,0.0,1.0,0.0,0.0,255,255,1.0,0.0,0.0,0.0,0.0,0.0,0.07,0.07,back,DoS
0,udp,private,SF,54,57,0,0,0,0,0,0,0,0,0,0,0,0,0,0,0,0,508,508,0.0,0.0,0.0,0.0,1.0,0.0,0.0,255,255,1.0,0.0,0.86,0.0,0.0,0.0,0.0,0.0,normal,Normal
0,udp,domain_u,SF,45,110,0,0,0,0,0,0,0,0,0,0,0,0,0,0,0,0,2,4,0.0,0.0,0.0,0.0,1.0,0.0,0.5,255,253,0.99,0.01,0.0,0.0,0.0,0.0,0.0,0.0,normal,Normal
0,tcp,telnet,S3,0,44,0,0,0,0,0,0,0,0,0,0,0,0,0,0,0,0,1,1,1.0,1.0,0.0,0.0,1.0,0.0,0.0,255,154,0.6,0.02,0.0,0.0,0.55,0.52,0.01,0.01,processtable,DoS
0,tcp,http,SF,178,464,0,0,0,0,0,1,0,0,0,0,0,0,0,0,0,0,1,1,0.0,0.0,0.0,0.0,1.0,0.0,0.0,255,255,1.0,0.0,0.0,0.0,0.0,0.0,0.0,0.0,normal,Normal
0,tcp,http,SF,305,263,0,0,0,0,0,1,0,0,0,0,0,0,0,0,0,0,22,22,0.05,0.05,0.0,0.0,1.0,0.0,0.0,49,255,1.0,0.0,0.02,0.07,0.02,0.01,0.0,0.0,normal,Normal
0,tcp,private,REJ,0,0,0,0,0,0,0,0,0,0,0,0,0,0,0,0,0,0,264,2,0.0,0.0,1.0,1.0,0.01,0.06,0.0,255,2,0.01,0.06,0.0,0.0,0.0,0.0,1.0,1.0,neptune,DoS
0,tcp,telnet,S3,0,44,0,0,0,0,0,0,0,0,0,0,0,0,0,0,0,0,1,1,1.0,1.0,0.0,0.0,1.0,0.0,0.0,255,108,0.42,0.03,0.0,0.0,0.13,0.3,0.11,0.12,processtable,DoS
0,tcp,netbios_dgm,S0,0,0,0,0,0,0,0,0,0,0,0,0,0,0,0,0,0,0,234,2,1.0,1.0,0.0,0.0,0.01,0.07,0.0,255,2,0.01,0.07,0.0,0.0,1.0,1.0,0.0,0.0,neptune,DoS
0,tcp,ftp_data,SF,868,0,0,0,0,0,0,0,0,0,0,0,0,0,0,0,0,0,1,1,0.0,0.0,0.0,0.0,1.0,0.0,0.0,239,45,0.19,0.02,0.19,0.0,0.0,0.0,0.01,0.0,normal,Normal
0,tcp,private,REJ,0,0,0,0,0,0,0,0,0,0,0,0,0,0,0,0,0,0,280,19,0.0,0.0,1.0,1.0,0.07,0.06,0.0,255,19,0.07,0.05,0.0,0.0,0.0,0.0,1.0,1.0,neptune,DoS
0,tcp,smtp,SF,981,330,0,0,0,0,0,1,0,0,0,0,0,0,0,0,0,0,1,2,0.0,0.0,0.0,0.0,1.0,0.0,1.0,127,173,0.65,0.05,0.01,0.01,0.0,0.0,0.0,0.0,normal,Normal
0,tcp,vmnet,S0,0,0,0,0,0,0,0,0,0,0,0,0,0,0,0,0,0,0,260,7,1.0,1.0,0.0,0.0,0.03,0.07,0.0,255,7,0.03,0.07,0.0,0.0,1.0,1.0,0.0,0.0,neptune,DoS
0,tcp,telnet,S0,0,0,0,0,0,0,0,0,0,0,0,0,0,0,0,0,0,0,131,131,1.0,1.0,0.0,0.0,1.0,0.0,0.0,255,255,1.0,0.0,0.0,0.0,1.0,1.0,0.0,0.0,neptune,DoS
0,tcp,http,SF,237,2229,0,0,0,0,0,1,0,0,0,0,0,0,0,0,0,0,9,10,0.0,0.0,0.0,0.0,1.0,0.0,0.2,63,255,1.0,0.0,0.02,0.05,0.0,0.0,0.0,0.0,normal,Normal
0,tcp,http,SF,261,556,0,0,0,0,0,1,0,0,0,0,0,0,0,0,0,0,1,1,0.0,0.0,0.0,0.0,1.0,0.0,0.0,11,249,1.0,0.0,0.09,0.06,0.0,0.0,0.0,0.0,normal,Normal
0,tcp,private,RSTO,0,0,0,0,0,0,0,0,0,0,0,0,0,0,0,0,0,0,112,20,0.0,0.0,1.0,1.0,0.18,0.07,0.0,255,20,0.08,0.06,0.0,0.0,0.0,0.0,1.0,1.0,neptune,DoS
0,tcp,whois,S0,0,0,0,0,0,0,0,0,0,0,0,0,0,0,0,0,0,0,117,10,1.0,1.0,0.0,0.0,0.09,0.08,0.0,255,10,0.04,0.06,0.0,0.0,1.0,1.0,0.0,0.0,neptune,DoS
0,tcp,telnet,RSTO,0,0,0,0,0,0,0,0,0,0,0,0,0,0,0,0,0,0,280,5,0.0,0.0,1.0,1.0,0.02,0.06,0.0,255,5,0.02,0.06,0.0,0.0,0.0,0.0,1.0,1.0,neptune,DoS
0,tcp,http,SF,216,337,0,0,0,0,0,1,0,0,0,0,0,0,0,0,0,0,11,11,0.0,0.0,0.0,0.0,1.0,0.0,0.0,255,255,1.0,0.0,0.0,0.0,0.0,0.0,0.0,0.0,normal,Normal
0,tcp,http,SF,166,1188,0,0,0,0,0,1,0,0,0,0,0,0,0,0,0,0,2,15,0.0,0.0,0.0,0.0,1.0,0.0,0.13,50,253,1.0,0.0,0.02,0.06,0.0,0.0,0.0,0.0,normal,Normal
0,udp,private,SF,105,146,0,0,0,0,0,0,0,0,0,0,0,0,0,0,0,0,1,1,0.0,0.0,0.0,0.0,1.0,0.0,0.0,255,248,0.97,0.01,0.0,0.0,0.0,0.0,0.0,0.0,snmpgetattack,R2L
0,tcp,smtp,SF,7074,374,0,0,0,0,0,1,0,0,0,0,0,0,0,0,0,0,1,3,0.0,0.0,0.0,0.0,1.0,0.0,1.0,3,155,1.0,0.0,0.33,0.02,0.0,0.0,0.0,0.0,normal,Normal
0,tcp,private,REJ,0,0,0,0,0,0,0,0,0,0,0,0,0,0,0,0,0,0,263,18,0.0,0.0,1.0,1.0,0.07,0.06,0.0,255,18,0.07,0.06,0.0,0.0,0.0,0.0,1.0,1.0,neptune,DoS
0,tcp,private,SH,0,0,0,0,0,0,0,0,0,0,0,0,0,0,0,0,0,0,1,1,1.0,1.0,0.0,0.0,1.0,0.0,0.0,118,1,0.01,1.0,1.0,0.0,1.0,1.0,0.0,0.0,nmap,Probe
0,tcp,private,REJ,0,0,0,0,0,0,0,0,0,0,0,0,0,0,0,0,0,0,116,19,0.0,0.0,1.0,1.0,0.16,0.06,0.0,255,19,0.07,0.06,0.0,0.0,0.0,0.0,1.0,1.0,neptune,DoS
0,tcp,http,SF,207,5961,0,0,0,0,0,1,0,0,0,0,0,0,0,0,0,0,3,3,0.0,0.0,0.0,0.0,1.0,0.0,0.0,41,245,1.0,0.0,0.02,0.01,0.0,0.0,0.0,0.0,normal,Normal
0,tcp,smtp,SF,1129,336,0,0,0,0,0,1,0,0,0,0,0,0,0,0,0,0,2,1,0.0,0.0,0.0,0.0,0.5,1.0,0.0,182,122,0.67,0.02,0.01,0.0,0.0,0.0,0.0,0.0,normal,Normal
0,tcp,gopher,REJ,0,0,0,0,0,0,0,0,0,0,0,0,0,0,0,0,0,0,225,16,0.0,0.0,1.0,1.0,0.07,0.07,0.0,255,16,0.06,0.07,0.0,0.0,0.0,0.0,1.0,1.0,neptune,DoS
0,tcp,http,SF,217,1790,0,0,0,0,0,1,0,0,0,0,0,0,0,0,0,0,5,5,0.0,0.0,0.0,0.0,1.0,0.0,0.0,255,255,1.0,0.0,0.0,0.0,0.0,0.0,0.0,0.0,normal,Normal
0,tcp,private,REJ,0,0,0,0,0,0,0,0,0,0,0,0,0,0,0,0,0,0,230,4,0.51,0.0,0.49,1.0,0.02,0.07,0.0,255,4,0.02,0.07,0.0,0.0,0.56,0.0,0.44,1.0,neptune,DoS
0,tcp,telnet,REJ,0,0,0,0,0,0,0,0,0,0,0,0,0,0,0,0,0,0,4,9,0.0,0.0,1.0,0.89,0.25,1.0,0.89,175,84,0.33,0.03,0.01,0.02,0.0,0.0,0.89,0.69,mscan,Probe
0,tcp,http,SF,257,532,0,0,0,0,0,1,0,0,0,0,0,0,0,0,0,0,13,19,0.0,0.0,0.0,0.0,1.0,0.0,0.16,255,255,1.0,0.0,0.0,0.0,0.01,0.01,0.0,0.0,normal,Normal
0,tcp,sql_net,REJ,0,0,0,0,0,0,0,0,0,0,0,0,0,0,0,0,0,0,209,17,0.0,0.0,1.0,1.0,0.08,0.07,0.0,255,17,0.07,0.07,0.0,0.0,0.0,0.0,1.0,1.0,neptune,DoS
0,tcp,http,SF,284,284,0,0,0,0,0,1,0,0,0,0,0,0,0,0,0,0,24,24,0.0,0.0,0.0,0.0,1.0,0.0,0.0,255,255,1.0,0.0,0.0,0.0,0.0,0.0,0.0,0.0,normal,Normal
0,tcp,bgp,REJ,0,0,0,0,0,0,0,0,0,0,0,0,0,0,0,0,0,0,243,3,0.0,0.0,1.0,1.0,0.01,0.07,0.0,255,3,0.01,0.07,0.0,0.0,0.0,0.0,1.0,1.0,neptune,DoS
0,tcp,http,SF,240,3855,0,0,0,0,0,1,0,0,0,0,0,0,0,0,0,0,2,2,0.0,0.0,0.0,0.0,1.0,0.0,0.0,109,255,1.0,0.0,0.01,0.02,0.0,0.0,0.0,0.0,normal,Normal
0,icmp,eco_i,SF,18,0,0,0,0,0,0,0,0,0,0,0,0,0,0,0,0,0,1,1,0.0,0.0,0.0,0.0,1.0,0.0,0.0,1,11,1.0,0.0,1.0,1.0,0.0,0.0,0.0,0.0,ipsweep,Probe
0,tcp,http,SF,286,4798,0,0,0,0,0,1,0,0,0,0,0,0,0,0,0,0,3,3,0.0,0.0,0.0,0.0,1.0,0.0,0.0,104,255,1.0,0.0,0.01,0.03,0.0,0.0,0.0,0.0,normal,Normal
9,tcp,http,SF,230,1104,0,0,0,0,0,1,0,0,0,0,0,0,0,0,0,0,3,3,0.0,0.0,0.0,0.0,1.0,0.0,0.0,3,247,1.0,0.0,0.33,0.05,0.0,0.0,0.0,0.0,normal,Normal
0,tcp,Z39_50,REJ,0,0,0,0,0,0,0,0,0,0,0,0,0,0,0,0,0,0,222,15,0.0,0.0,1.0,1.0,0.07,0.07,0.0,255,15,0.06,0.07,0.0,0.0,0.0,0.0,1.0,1.0,neptune,DoS
0,tcp,uucp_path,REJ,0,0,0,0,0,0,0,0,0,0,0,0,0,0,0,0,0,0,262,11,0.0,0.0,1.0,1.0,0.04,0.06,0.0,255,11,0.04,0.06,0.0,0.0,0.0,0.0,1.0,1.0,neptune,DoS
0,tcp,pop_3,S0,0,0,0,0,0,0,0,0,0,0,0,0,0,0,0,0,0,0,1,1,1.0,1.0,0.0,0.0,1.0,0.0,0.0,117,85,0.33,0.03,0.01,0.02,1.0,1.0,0.0,0.0,mscan,Probe
0,tcp,private,REJ,0,0,0,0,0,0,0,0,0,0,0,0,0,0,0,0,0,0,132,15,0.0,0.0,1.0,1.0,0.11,0.05,0.0,255,15,0.06,0.06,0.0,0.0,0.0,0.0,1.0,1.0,neptune,DoS
1,tcp,pop_3,RSTO,0,36,0,0,0,0,0,1,0,0,0,0,0,0,0,0,0,0,4,1,0.0,0.0,0.75,1.0,0.25,0.75,0.0,187,60,0.25,0.03,0.01,0.03,0.03,0.0,0.9,0.77,mscan,Probe
0,tcp,http,SF,311,6324,0,0,0,0,0,1,0,0,0,0,0,0,0,0,0,0,11,18,0.0,0.0,0.0,0.0,1.0,0.0,0.11,255,255,1.0,0.0,0.0,0.0,0.0,0.0,0.0,0.0,normal,Normal
0,tcp,http,SF,296,8918,0,0,0,0,0,1,0,0,0,0,0,0,0,0,0,0,1,1,0.0,0.0,0.0,0.0,1.0,0.0,0.0,13,255,1.0,0.0,0.08,0.03,0.0,0.0,0.0,0.0,normal,Normal
0,udp,private,SF,105,146,0,0,0,0,0,0,0,0,0,0,0,0,0,0,0,0,2,2,0.0,0.0,0.0,0.0,1.0,0.0,0.0,97,97,1.0,0.0,0.01,0.0,0.0,0.0,0.0,0.0,snmpgetattack,R2L
4,tcp,pop_3,SF,30,93,0,0,0,0,0,1,0,0,0,0,0,0,0,0,0,0,2,1,0.0,0.0,0.0,0.0,0.5,1.0,0.0,255,245,0.96,0.02,0.0,0.0,0.0,0.0,0.0,0.0,guess_passwd,R2L
0,tcp,http,SF,244,263,0,0,0,0,0,1,0,0,0,0,0,0,0,0,0,0,11,11,0.0,0.0,0.0,0.0,1.0,0.0,0.0,255,255,1.0,0.0,0.0,0.0,0.0,0.0,0.0,0.0,normal,Normal
0,tcp,private,S0,0,0,0,0,0,0,0,0,0,0,0,0,0,0,0,0,0,0,300,20,0.91,0.9,0.09,0.1,0.07,0.06,0.0,255,20,0.08,0.06,0.0,0.0,0.89,0.9,0.11,0.1,neptune,DoS
0,tcp,other,REJ,0,0,0,0,0,0,0,0,0,0,0,0,0,0,0,0,0,0,472,1,0.06,0.0,0.94,1.0,0.0,1.0,0.0,255,1,0.0,1.0,0.0,0.0,0.05,0.0,0.95,1.0,saint,Probe
0,icmp,ecr_i,SF,1008,0,0,0,0,0,0,0,0,0,0,0,0,0,0,0,0,0,510,510,0.0,0.0,0.0,0.0,1.0,0.0,0.0,255,255,1.0,0.0,1.0,0.0,0.0,0.0,0.0,0.0,smurf,DoS
0,tcp,http,SF,196,763,0,0,0,0,0,1,0,0,0,0,0,0,0,0,0,0,1,9,0.0,0.11,0.0,0.0,1.0,0.0,0.22,21,255,1.0,0.0,0.05,0.01,0.0,0.0,0.0,0.0,normal,Normal
0,tcp,http,SF,219,556,0,0,0,0,0,1,0,0,0,0,0,0,0,0,0,0,3,27,0.0,0.0,0.0,0.0,1.0,0.0,0.15,3,255,1.0,0.0,0.33,0.02,0.0,0.0,0.0,0.0,normal,Normal
0,tcp,http,SF,294,7333,0,0,0,0,0,1,0,0,0,0,0,0,0,0,0,0,10,11,0.0,0.0,0.0,0.0,1.0,0.0,0.18,36,255,1.0,0.0,0.03,0.03,0.0,0.0,0.0,0.0,normal,Normal
0,tcp,telnet,S0,0,0,0,0,0,0,0,0,0,0,0,0,0,0,0,0,0,0,1,14,1.0,0.29,0.0,0.43,1.0,0.0,0.79,55,86,0.35,0.05,0.02,0.03,1.0,1.0,0.0,0.0,mscan,Probe
0,tcp,ftp_data,SF,12,0,0,0,0,0,0,0,0,0,0,0,0,0,0,0,0,0,2,2,0.0,0.0,0.0,0.0,1.0,0.0,0.0,6,12,1.0,0.0,1.0,0.17,0.0,0.0,0.0,0.0,warezmaster,R2L
0,tcp,private,REJ,0,0,0,0,0,0,0,0,0,0,0,0,0,0,0,0,0,0,284,2,0.0,0.0,1.0,1.0,0.01,0.06,0.0,255,2,0.01,0.06,0.0,0.0,0.0,0.0,1.0,1.0,neptune,DoS
0,tcp,private,S0,0,0,0,0,0,0,0,0,0,0,0,0,0,0,0,0,0,0,131,4,1.0,1.0,0.0,0.0,0.03,0.09,0.0,255,4,0.02,0.09,0.0,0.0,1.0,1.0,0.0,0.0,neptune,DoS
0,tcp,http,SF,321,6299,0,0,0,0,0,1,0,0,0,0,0,0,0,0,0,0,11,14,0.0,0.0,0.0,0.0,1.0,0.0,0.14,85,255,1.0,0.0,0.01,0.04,0.0,0.0,0.0,0.0,normal,Normal
2074,tcp,http,RSTR,72564,0,0,0,0,0,0,1,0,0,0,0,0,0,0,0,0,0,8,8,0.0,0.0,1.0,1.0,1.0,0.0,0.0,255,233,0.91,0.02,0.0,0.0,0.0,0.0,0.14,0.15,apache2,DoS
0,tcp,http,SF,175,385,0,0,0,0,0,1,0,0,0,0,0,0,0,0,0,0,3,7,0.0,0.0,0.0,0.0,1.0,0.0,0.43,17,247,1.0,0.0,0.06,0.02,0.0,0.0,0.0,0.0,normal,Normal
0,tcp,http,SF,291,256,0,0,0,0,0,1,0,0,0,0,0,0,0,0,0,0,1,5,0.0,0.0,0.0,0.0,1.0,0.0,0.4,138,255,1.0,0.0,0.01,0.02,0.0,0.0,0.0,0.0,normal,Normal
0,tcp,http,SF,250,17926,0,0,0,0,0,1,0,0,0,0,0,0,0,0,0,0,1,8,0.0,0.0,0.0,0.0,1.0,0.0,0.25,255,255,1.0,0.0,0.0,0.0,0.0,0.0,0.0,0.0,normal,Normal
0,tcp,pop_3,REJ,0,0,0,0,0,0,0,0,0,0,0,0,0,0,0,0,0,0,1,23,0.0,0.04,1.0,0.65,1.0,0.0,1.0,229,2,0.01,0.03,0.0,0.0,0.0,0.0,0.02,1.0,mscan,Probe
0,tcp,http,SF,317,11707,0,0,0,0,0,1,0,0,0,0,0,0,0,0,0,0,9,9,0.0,0.0,0.0,0.0,1.0,0.0,0.0,255,255,1.0,0.0,0.0,0.0,0.0,0.0,0.0,0.0,normal,Normal
0,tcp,other,RSTR,0,0,0,0,0,0,0,0,0,0,0,0,0,0,0,0,0,0,1,1,0.0,0.0,1.0,1.0,1.0,0.0,0.0,255,1,0.0,0.93,0.93,0.0,0.0,0.0,0.93,1.0,normal,Normal
0,tcp,ftp_data,SF,12,0,0,0,0,0,0,0,0,0,0,0,0,0,0,0,0,0,1,1,0.0,0.0,0.0,0.0,1.0,0.0,0.0,5,13,1.0,0.0,1.0,0.23,0.0,0.0,0.0,0.0,warezmaster,R2L
0,tcp,http,SF,208,588,0,0,0,0,0,1,0,0,0,0,0,0,0,0,0,0,1,2,0.0,0.0,0.0,0.0,1.0,0.0,1.0,6,255,1.0,0.0,0.17,0.04,0.0,0.0,0.0,0.0,normal,Normal
0,tcp,http,SF,170,17289,0,0,0,0,0,1,0,0,0,0,0,0,0,0,0,0,1,1,0.0,0.0,0.0,0.0,1.0,0.0,0.0,87,255,1.0,0.0,0.01,0.03,0.0,0.0,0.0,0.0,normal,Normal
0,tcp,telnet,SF,121,174,0,0,0,0,1,0,0,0,0,0,0,0,0,0,0,0,1,1,0.0,0.0,0.0,0.0,1.0,0.0,0.0,255,254,1.0,0.01,0.0,0.0,0.02,0.02,0.01,0.01,guess_passwd,R2L
0,tcp,http,SF,310,4665,0,0,0,0,0,1,0,0,0,0,0,0,0,0,0,0,6,6,0.0,0.0,0.0,0.0,1.0,0.0,0.0,255,255,1.0,0.0,0.0,0.0,0.0,0.0,0.0,0.0,normal,Normal
0,tcp,smtp,SF,1215,333,0,0,0,0,0,1,0,0,0,0,0,0,0,0,0,0,1,2,0.0,0.0,0.0,0.0,1.0,0.0,1.0,113,51,0.45,0.04,0.01,0.0,0.0,0.0,0.0,0.0,normal,Normal
0,icmp,ecr_i,SF,1032,0,0,0,0,0,0,0,0,0,0,0,0,0,0,0,0,0,33,33,0.0,0.0,0.0,0.0,1.0,0.0,0.0,255,255,1.0,0.0,1.0,0.0,0.0,0.0,0.0,0.0,smurf,DoS
0,tcp,private,REJ,0,0,0,0,0,0,0,0,0,0,0,0,0,0,0,0,0,0,215,9,0.0,0.0,1.0,1.0,0.04,0.06,0.0,255,9,0.04,0.07,0.0,0.0,0.0,0.0,1.0,1.0,neptune,DoS
0,tcp,exec,RSTO,0,0,0,0,0,0,0,0,0,0,0,0,0,0,0,0,0,0,101,8,0.0,0.0,1.0,1.0,0.08,0.06,0.0,255,8,0.03,0.05,0.0,0.0,0.0,0.0,1.0,1.0,neptune,DoS
0,tcp,private,REJ,0,0,0,0,0,0,0,0,0,0,0,0,0,0,0,0,0,0,201,11,0.0,0.0,1.0,1.0,0.05,0.06,0.0,255,11,0.04,0.07,0.0,0.0,0.0,0.0,1.0,1.0,neptune,DoS
0,tcp,http,SF,224,1085,0,0,0,0,0,1,0,0,0,0,0,0,0,0,0,0,6,6,0.0,0.0,0.0,0.0,1.0,0.0,0.0,6,255,1.0,0.0,0.17,0.05,0.0,0.0,0.0,0.0,normal,Normal
0,tcp,link,S0,0,0,0,0,0,0,0,0,0,0,0,0,0,0,0,0,0,0,145,6,1.0,1.0,0.0,0.0,0.04,0.1,0.0,255,6,0.02,0.09,0.0,0.0,1.0,1.0,0.0,0.0,neptune,DoS
0,tcp,ftp_data,SF,366,0,0,0,0,0,0,0,0,0,0,0,0,0,0,0,0,0,2,2,0.0,0.0,0.0,0.0,1.0,0.0,0.0,53,16,0.23,0.28,0.23,0.12,0.0,0.0,0.06,0.0,normal,Normal
7554,tcp,telnet,SF,0,44,0,0,0,0,0,0,0,0,0,0,0,0,0,0,0,0,1,1,0.0,0.0,0.0,0.0,1.0,0.0,0.0,255,169,0.66,0.31,0.0,0.0,0.5,0.75,0.31,0.01,processtable,DoS
0,tcp,http,SF,307,2139,0,0,0,0,0,1,0,0,0,0,0,0,0,0,0,0,11,28,0.0,0.0,0.0,0.0,1.0,0.0,0.07,69,255,1.0,0.0,0.01,0.02,0.0,0.0,0.0,0.0,normal,Normal
0,tcp,http,REJ,0,0,0,0,0,0,0,0,0,0,0,0,0,0,0,0,0,0,43,15,0.0,0.0,1.0,1.0,0.35,0.09,0.0,255,55,0.22,0.1,0.01,0.0,0.0,0.0,1.0,1.0,neptune,DoS
0,tcp,private,REJ,0,0,0,0,0,0,0,0,0,0,0,0,0,0,0,0,0,0,272,19,0.0,0.0,1.0,1.0,0.07,0.06,0.0,255,19,0.07,0.06,0.0,0.0,0.0,0.0,1.0,1.0,neptune,DoS
0,tcp,other,REJ,0,0,0,0,0,0,0,0,0,0,0,0,0,0,0,0,0,0,414,1,0.14,0.0,0.84,1.0,0.0,1.0,0.0,255,1,0.0,0.94,0.0,0.0,0.15,0.0,0.84,1.0,satan,Probe
0,udp,private,SF,50,0,0,0,0,0,0,0,0,0,0,0,0,0,0,0,0,0,3,3,0.0,0.0,0.0,0.0,1.0,0.0,0.0,255,255,1.0,0.0,0.02,0.0,0.0,0.0,0.0,0.0,snmpguess,R2L
0,udp,private,SF,105,146,0,0,0,0,0,0,0,0,0,0,0,0,0,0,0,0,4,2,0.0,0.0,0.0,0.0,0.5,0.5,0.0,255,254,1.0,0.01,0.01,0.0,0.0,0.0,0.0,0.0,normal,Normal
0,tcp,http,SF,287,3811,0,0,0,0,0,1,0,0,0,0,0,0,0,0,0,0,1,1,0.0,0.0,0.0,0.0,1.0,0.0,0.0,36,255,1.0,0.0,0.03,0.01,0.0,0.0,0.0,0.0,normal,Normal
0,tcp,http,SF,309,950,0,0,0,0,0,1,0,0,0,0,0,0,0,0,0,0,1,1,0.0,0.0,0.0,0.0,1.0,0.0,0.0,40,255,1.0,0.0,0.03,0.02,0.0,0.0,0.0,0.0,normal,Normal
0,udp,private,SF,105,105,0,0,0,0,0,0,0,0,0,0,0,0,0,0,0,0,3,3,0.0,0.0,0.0,0.0,1.0,0.0,0.0,255,255,1.0,0.0,0.0,0.0,0.0,0.0,0.0,0.0,snmpgetattack,R2L
0,tcp,pop_3,REJ,0,0,0,0,0,0,0,0,0,0,0,0,0,0,0,0,0,0,3,17,0.0,0.0,1.0,0.94,0.33,1.0,1.0,68,60,0.26,0.07,0.01,0.03,0.0,0.0,0.91,1.0,mscan,Probe
0,tcp,http,S0,0,0,0,0,0,0,0,0,0,0,0,0,0,0,0,0,0,0,109,109,1.0,1.0,0.0,0.0,1.0,0.0,0.0,255,255,1.0,0.0,0.0,0.0,0.56,0.56,0.41,0.41,apache2,DoS
0,tcp,private,REJ,0,0,0,0,0,0,0,0,0,0,0,0,0,0,0,0,0,0,233,13,0.0,0.0,1.0,1.0,0.06,0.07,0.0,255,13,0.05,0.08,0.0,0.0,0.0,0.0,1.0,1.0,neptune,DoS
0,icmp,ecr_i,SF,1008,0,0,0,0,0,0,0,0,0,0,0,0,0,0,0,0,0,113,113,0.0,0.0,0.0,0.0,1.0,0.0,0.0,255,255,1.0,0.0,1.0,0.0,0.0,0.0,0.0,0.0,smurf,DoS
0,tcp,private,REJ,0,0,0,0,0,0,0,0,0,0,0,0,0,0,0,0,0,0,212,6,0.0,0.0,1.0,1.0,0.03,0.07,0.0,255,6,0.02,0.07,0.0,0.0,0.0,0.0,1.0,1.0,neptune,DoS
0,tcp,sunrpc,REJ,0,0,0,0,0,0,0,0,0,0,0,0,0,0,0,0,0,0,1,3,0.0,0.0,1.0,1.0,1.0,0.0,1.0,102,50,0.16,0.05,0.01,0.04,0.02,0.0,0.85,1.0,mscan,Probe
0,tcp,ftp_data,SF,12,0,0,0,0,0,0,0,0,0,0,0,0,0,0,0,0,0,1,1,0.0,0.0,0.0,0.0,1.0,0.0,0.0,4,9,0.75,0.5,0.75,0.33,0.0,0.0,0.0,0.0,warezmaster,R2L
0,tcp,http,SF,222,929,0,0,0,0,0,1,0,0,0,0,0,0,0,0,0,0,4,23,0.0,0.0,0.0,0.0,1.0,0.0,0.13,255,255,1.0,0.0,0.0,0.0,0.0,0.0,0.0,0.0,normal,Normal
9,tcp,http,RSTR,33580,7300,0,0,0,1,0,1,0,0,0,0,0,0,0,0,0,0,3,3,0.0,0.0,0.33,0.33,1.0,0.0,0.0,255,254,1.0,0.01,0.0,0.0,0.0,0.0,0.07,0.07,back,DoS
0,tcp,http,SF,270,3889,0,0,0,0,0,1,0,0,0,0,0,0,0,0,0,0,1,24,0.0,0.0,0.0,0.0,1.0,0.0,0.17,255,250,0.98,0.01,0.0,0.0,0.0,0.0,0.0,0.0,normal,Normal
0,udp,domain_u,SF,44,44,0,0,0,0,0,0,0,0,0,0,0,0,0,0,0,0,118,182,0.0,0.0,0.0,0.0,1.0,0.0,0.01,255,228,0.89,0.01,0.01,0.0,0.0,0.0,0.0,0.0,normal,Normal
0,icmp,eco_i,SF,18,0,0,0,0,0,0,0,0,0,0,0,0,0,0,0,0,0,1,1,0.0,0.0,0.0,0.0,1.0,0.0,0.0,1,80,1.0,0.0,1.0,1.0,0.0,0.0,0.0,0.0,ipsweep,Probe
0,tcp,telnet,S0,0,0,0,0,0,0,0,0,0,0,0,0,0,0,0,0,0,0,52,52,1.0,1.0,0.0,0.0,1.0,0.0,0.0,125,61,0.49,0.14,0.01,0.0,0.42,0.85,0.04,0.0,neptune,DoS
0,tcp,http,S0,0,0,0,0,0,0,0,0,0,0,0,0,0,0,0,0,0,0,124,124,1.0,1.0,0.0,0.0,1.0,0.0,0.0,255,255,1.0,0.0,0.0,0.0,0.7,0.7,0.27,0.27,apache2,DoS
7268,tcp,telnet,SF,0,44,0,0,0,0,0,0,0,0,0,0,0,0,0,0,0,0,1,1,0.0,0.0,0.0,0.0,1.0,0.0,0.0,255,246,0.96,0.02,0.0,0.0,0.33,0.35,0.04,0.02,processtable,DoS
0,tcp,http,SF,364,1503,0,0,0,0,0,1,0,0,0,0,0,0,0,0,0,0,10,10,0.0,0.0,0.0,0.0,1.0,0.0,0.0,255,255,1.0,0.0,0.01,0.0,0.0,0.0,0.0,0.0,normal,Normal
0,tcp,http,SF,54540,8314,0,0,0,2,0,1,1,0,0,0,0,0,0,0,0,0,4,5,0.0,0.0,0.0,0.0,1.0,0.0,0.4,255,254,1.0,0.01,0.0,0.0,0.0,0.0,0.03,0.03,back,DoS
0,tcp,http,SF,218,31461,0,0,0,0,0,1,0,0,0,0,0,0,0,0,0,0,2,2,0.0,0.0,0.0,0.0,1.0,0.0,0.0,6,255,1.0,0.0,0.17,0.03,0.0,0.0,0.0,0.0,normal,Normal
0,tcp,ftp_data,SF,240118,0,0,0,0,0,0,0,0,0,0,0,0,0,0,0,0,0,5,25,0.0,0.0,0.0,0.8,1.0,0.0,0.08,255,77,0.3,0.03,0.3,0.0,0.0,0.0,0.0,0.0,normal,Normal
0,tcp,link,S0,0,0,0,0,0,0,0,0,0,0,0,0,0,0,0,0,0,0,264,3,1.0,1.0,0.0,0.0,0.01,0.06,0.0,255,3,0.01,0.07,0.0,0.0,1.0,1.0,0.0,0.0,neptune,DoS
0,tcp,pop_3,SF,0,0,0,0,0,0,0,0,0,0,0,0,0,0,0,0,0,0,3,3,0.0,0.0,0.67,0.67,0.33,1.0,1.0,255,26,0.1,0.3,0.0,0.0,0.0,0.0,0.21,0.0,mscan,Probe
0,tcp,ftp_data,SF,12,0,0,0,0,0,0,0,0,0,0,0,0,0,0,0,0,0,1,1,0.0,0.0,0.0,0.0,1.0,0.0,0.0,6,9,0.83,0.33,0.83,0.22,0.0,0.0,0.0,0.0,warezmaster,R2L
0,tcp,http,SF,239,1075,0,0,0,0,0,1,0,0,0,0,0,0,0,0,0,0,1,6,0.0,0.0,0.0,0.0,1.0,0.0,0.5,255,250,0.98,0.01,0.0,0.0,0.0,0.0,0.0,0.0,normal,Normal
0,tcp,ldap,REJ,0,0,0,0,0,0,0,0,0,0,0,0,0,0,0,0,0,0,130,11,0.0,0.0,1.0,1.0,0.08,0.05,0.0,255,11,0.04,0.05,0.0,0.0,0.0,0.0,1.0,1.0,neptune,DoS
0,tcp,http,SF,192,3271,0,0,0,0,0,1,0,0,0,0,0,0,0,0,0,0,2,3,0.0,0.0,0.0,0.0,1.0,0.0,0.67,2,255,1.0,0.0,0.5,0.02,0.0,0.0,0.0,0.0,normal,Normal
0,tcp,http,SF,247,43133,0,0,0,1,0,1,0,0,0,0,0,0,0,0,0,0,12,31,0.0,0.0,0.0,0.0,1.0,0.0,0.06,255,255,1.0,0.0,0.0,0.0,0.0,0.0,0.0,0.0,normal,Normal
0,tcp,http,SF,222,15916,0,0,0,0,0,1,0,0,0,0,0,0,0,0,0,0,6,9,0.0,0.0,0.0,0.0,1.0,0.0,0.33,13,255,1.0,0.0,0.08,0.03,0.0,0.0,0.0,0.0,normal,Normal
0,tcp,echo,S0,0,0,0,0,0,0,0,0,0,0,0,0,0,0,0,0,0,0,147,12,1.0,1.0,0.0,0.0,0.08,0.09,0.0,255,12,0.05,0.11,0.0,0.0,1.0,1.0,0.0,0.0,neptune,DoS
4,tcp,pop_3,SF,26,93,0,0,0,0,0,1,0,0,0,0,0,0,0,0,0,0,1,1,0.0,0.0,0.0,0.0,1.0,0.0,0.0,255,242,0.95,0.01,0.0,0.0,0.0,0.0,0.03,0.0,guess_passwd,R2L
0,tcp,http,SF,210,1170,0,0,0,0,0,1,0,0,0,0,0,0,0,0,0,0,3,3,0.0,0.0,0.0,0.0,1.0,0.0,0.0,255,255,1.0,0.0,0.0,0.0,0.0,0.0,0.0,0.0,normal,Normal
0,tcp,private,REJ,0,0,0,0,0,0,0,0,0,0,0,0,0,0,0,0,0,0,179,14,0.0,0.0,1.0,1.0,0.08,0.06,0.0,255,14,0.05,0.06,0.0,0.0,0.0,0.0,1.0,1.0,neptune,DoS
0,tcp,mtp,S0,0,0,0,0,0,0,0,0,0,0,0,0,0,0,0,0,0,0,127,7,1.0,1.0,0.0,0.0,0.06,0.07,0.0,255,7,0.03,0.06,0.0,0.0,1.0,1.0,0.0,0.0,neptune,DoS
0,tcp,private,REJ,0,0,0,0,0,0,0,0,0,0,0,0,0,0,0,0,0,0,510,1,0.01,0.0,0.95,1.0,0.0,1.0,0.0,255,1,0.0,1.0,0.0,0.0,0.02,0.0,0.95,1.0,satan,Probe
0,tcp,http,SF,323,188,0,0,0,0,0,1,0,0,0,0,0,0,0,0,0,0,1,34,0.0,0.0,0.0,0.0,1.0,0.0,0.09,58,251,1.0,0.0,0.02,0.06,0.0,0.0,0.0,0.0,normal,Normal
1,tcp,smtp,SF,2599,293,0,0,0,0,0,1,0,0,0,0,0,0,0,0,0,0,2,2,0.0,0.0,0.0,0.0,1.0,0.0,0.0,255,197,0.77,0.13,0.0,0.0,0.0,0.0,0.22,0.0,mailbomb,DoS
0,icmp,eco_i,SF,18,0,0,0,0,0,0,0,0,0,0,0,0,0,0,0,0,0,1,1,0.0,0.0,0.0,0.0,1.0,0.0,0.0,1,13,1.0,0.0,1.0,1.0,0.0,0.0,0.0,0.0,ipsweep,Probe
0,icmp,ecr_i,SF,1032,0,0,0,0,0,0,0,0,0,0,0,0,0,0,0,0,0,511,511,0.0,0.0,0.0,0.0,1.0,0.0,0.0,85,84,0.99,0.02,0.99,0.0,0.0,0.0,0.0,0.0,smurf,DoS
0,udp,private,SF,55,52,0,0,0,0,0,0,0,0,0,0,0,0,0,0,0,0,403,403,0.0,0.0,0.0,0.0,1.0,0.0,0.0,255,255,1.0,0.0,0.86,0.0,0.0,0.0,0.0,0.0,normal,Normal
0,udp,private,SF,44,0,0,0,0,0,0,0,0,0,0,0,0,0,0,0,0,0,4,4,0.0,0.0,0.0,0.0,1.0,0.0,0.0,255,253,0.99,0.01,0.0,0.0,0.0,0.0,0.0,0.0,snmpguess,R2L
0,tcp,http,SF,224,379,0,0,0,0,0,1,0,0,0,0,0,0,0,0,0,0,11,11,0.0,0.0,0.0,0.0,1.0,0.0,0.0,76,255,1.0,0.0,0.01,0.02,0.0,0.0,0.0,0.0,normal,Normal
0,tcp,smtp,SF,0,83,0,0,0,0,0,1,0,0,0,0,0,0,0,0,0,0,2,2,0.0,0.0,0.0,0.0,0.5,1.0,1.0,255,121,0.47,0.02,0.0,0.0,0.0,0.0,0.0,0.0,normal,Normal
0,tcp,pop_3,S0,0,0,0,0,0,0,0,0,0,0,0,0,0,0,0,0,0,0,1,2,1.0,1.0,0.0,0.0,1.0,0.0,1.0,255,85,0.33,0.01,0.0,0.0,1.0,1.0,0.0,0.0,mscan,Probe
0,tcp,http,SF,249,1587,0,0,0,0,0,1,0,0,0,0,0,0,0,0,0,0,10,10,0.0,0.0,0.0,0.0,1.0,0.0,0.0,255,255,1.0,0.0,0.0,0.0,0.0,0.0,0.0,0.0,normal,Normal
0,tcp,http,S0,0,0,0,0,0,0,0,0,0,0,0,0,0,0,0,0,0,0,34,34,0.82,0.82,0.15,0.15,1.0,0.0,0.0,255,255,1.0,0.0,0.0,0.0,0.16,0.16,0.7,0.7,apache2,DoS
0,tcp,exec,RSTO,0,0,0,0,0,0,0,0,0,0,0,0,0,0,0,0,0,0,145,18,0.0,0.0,1.0,1.0,0.12,0.06,0.0,255,18,0.07,0.06,0.0,0.0,0.0,0.0,1.0,1.0,neptune,DoS
0,tcp,http,SF,226,1372,0,0,0,0,0,1,0,0,0,0,0,0,0,0,0,0,3,11,0.0,0.0,0.0,0.0,1.0,0.0,0.27,3,255,1.0,0.0,0.33,0.04,0.0,0.0,0.0,0.0,normal,Normal
0,tcp,http,SF,289,2863,0,0,0,0,0,1,0,0,0,0,0,0,0,0,0,0,9,12,0.0,0.0,0.0,0.0,1.0,0.0,0.25,255,255,1.0,0.0,0.0,0.0,0.0,0.0,0.0,0.0,normal,Normal
0,tcp,telnet,S3,0,44,0,0,0,0,0,0,0,0,0,0,0,0,0,0,0,0,1,1,1.0,1.0,0.0,0.0,1.0,0.0,0.0,255,65,0.25,0.66,0.0,0.0,0.16,0.62,0.65,0.0,processtable,DoS
0,tcp,http,SF,274,893,0,0,0,0,0,1,0,0,0,0,0,0,0,0,0,0,10,22,0.0,0.0,0.0,0.0,1.0,0.0,0.14,51,255,1.0,0.0,0.02,0.09,0.0,0.0,0.0,0.0,normal,Normal
0,tcp,http,SF,318,3623,0,0,0,0,0,1,0,0,0,0,0,0,0,0,0,0,7,7,0.0,0.0,0.0,0.0,1.0,0.0,0.0,24,255,1.0,0.0,0.04,0.02,0.0,0.0,0.0,0.0,normal,Normal
929,tcp,http,RSTR,49204,0,0,0,0,0,0,1,0,0,0,0,0,0,0,0,0,0,30,30,0.0,0.0,1.0,1.0,1.0,0.0,0.0,255,253,0.99,0.01,0.0,0.0,0.0,0.0,0.15,0.15,apache2,DoS
1,tcp,smtp,SF,2599,293,0,0,0,0,0,1,0,0,0,0,0,0,0,0,0,0,3,3,0.0,0.0,0.0,0.0,1.0,0.0,0.0,255,199,0.78,0.13,0.0,0.0,0.0,0.0,0.21,0.0,mailbomb,DoS
0,icmp,eco_i,SF,20,0,0,0,0,0,0,0,0,0,0,0,0,0,0,0,0,0,1,65,0.0,0.0,0.0,0.0,1.0,0.0,1.0,3,99,1.0,0.0,1.0,0.25,0.0,0.0,0.0,0.0,saint,Probe
0,tcp,http,SF,54540,8314,0,0,0,2,0,1,1,0,0,0,0,0,0,0,0,0,5,17,0.0,0.0,0.0,0.0,1.0,0.0,0.12,255,234,0.92,0.01,0.0,0.0,0.0,0.0,0.02,0.02,back,DoS
284,tcp,ftp,SF,158,595,0,0,0,2,0,1,0,0,0,0,0,0,0,0,0,1,1,1,0.0,0.0,0.0,0.0,1.0,0.0,0.0,255,87,0.34,0.03,0.0,0.0,0.02,0.0,0.01,0.0,warezmaster,R2L
0,tcp,ftp_data,S0,0,0,0,0,0,0,0,0,0,0,0,0,0,0,0,0,0,0,20,20,1.0,1.0,0.0,0.0,1.0,0.0,0.0,255,61,0.24,0.02,0.0,0.0,0.96,1.0,0.0,0.0,neptune,DoS
0,udp,private,SF,46,44,0,0,0,0,0,0,0,0,0,0,0,0,0,0,0,0,22,22,0.0,0.0,0.0,0.0,1.0,0.0,0.0,255,255,1.0,0.0,0.22,0.0,0.0,0.0,0.0,0.0,normal,Normal
0,udp,private,SF,54,54,0,0,0,0,0,0,0,0,0,0,0,0,0,0,0,0,511,511,0.0,0.0,0.0,0.0,1.0,0.0,0.0,255,255,1.0,0.0,0.89,0.0,0.0,0.0,0.0,0.0,normal,Normal
0,tcp,private,REJ,0,0,0,0,0,0,0,0,0,0,0,0,0,0,0,0,0,0,249,1,0.0,0.0,1.0,1.0,0.0,0.07,0.0,255,1,0.0,0.08,0.0,0.0,0.0,0.0,1.0,1.0,neptune,DoS
0,tcp,http,SF,229,2645,0,0,0,0,0,1,0,0,0,0,0,0,0,0,0,0,1,16,0.0,0.0,0.0,0.0,1.0,0.0,0.19,1,255,1.0,0.0,1.0,0.02,0.0,0.0,0.0,0.0,normal,Normal
0,tcp,private,REJ,0,0,0,0,0,0,0,0,0,0,0,0,0,0,0,0,0,0,2,1,0.0,0.0,1.0,1.0,0.5,1.0,0.0,255,1,0.0,0.43,0.09,0.0,0.0,0.0,0.1,1.0,portsweep,Probe
4,tcp,pop_3,SF,30,93,0,0,0,0,0,1,0,0,0,0,0,0,0,0,0,0,1,1,0.0,0.0,0.0,0.0,1.0,0.0,0.0,255,253,0.99,0.01,0.0,0.0,0.0,0.0,0.0,0.0,guess_passwd,R2L
0,tcp,http,SF,260,1097,0,0,0,0,0,1,0,0,0,0,0,0,0,0,0,0,8,8,0.0,0.0,0.0,0.0,1.0,0.0,0.0,255,255,1.0,0.0,0.0,0.0,0.0,0.0,0.0,0.0,normal,Normal
0,tcp,http,SF,252,1326,0,0,0,0,0,1,0,0,0,0,0,0,0,0,0,0,26,26,0.0,0.0,0.0,0.0,1.0,0.0,0.0,255,255,1.0,0.0,0.0,0.0,0.0,0.0,0.0,0.0,normal,Normal
0,tcp,sunrpc,REJ,0,0,0,0,0,0,0,0,0,0,0,0,0,0,0,0,0,0,5,4,0.0,0.0,0.8,1.0,0.2,0.8,1.0,255,37,0.15,0.03,0.0,0.0,0.0,0.0,0.69,1.0,mscan,Probe
0,tcp,http,SF,216,1790,0,0,0,0,0,1,0,0,0,0,0,0,0,0,0,0,12,21,0.0,0.0,0.0,0.0,1.0,0.0,0.19,255,255,1.0,0.0,0.0,0.0,0.0,0.0,0.0,0.0,normal,Normal
0,tcp,private,REJ,0,0,0,0,0,0,0,0,0,0,0,0,0,0,0,0,0,0,222,7,0.7,0.0,0.3,1.0,0.03,0.06,0.0,255,7,0.03,0.07,0.0,0.0,0.74,0.0,0.26,1.0,neptune,DoS
0,tcp,http,SF,235,8135,0,0,0,0,0,1,0,0,0,0,0,0,0,0,0,0,8,16,0.0,0.0,0.0,0.0,1.0,0.0,0.19,65,251,1.0,0.0,0.02,0.05,0.0,0.0,0.0,0.0,normal,Normal
0,tcp,telnet,RSTO,0,15,0,0,0,0,0,0,0,0,0,0,0,0,0,0,0,0,3,2,0.0,0.0,0.67,0.5,0.67,0.67,0.0,213,89,0.34,0.02,0.0,0.02,0.0,0.0,0.87,0.63,mscan,Probe
0,tcp,http,SF,196,1352,0,0,0,0,0,1,0,0,0,0,0,0,0,0,0,0,23,34,0.0,0.0,0.0,0.0,1.0,0.0,0.09,255,255,1.0,0.0,0.0,0.0,0.0,0.0,0.0,0.0,normal,Normal
0,tcp,private,REJ,0,0,0,0,0,0,0,0,0,0,0,0,0,0,0,0,0,0,102,4,0.79,0.25,0.21,0.75,0.04,0.07,0.0,255,4,0.02,0.06,0.0,0.0,0.86,0.25,0.14,0.75,neptune,DoS
0,tcp,http,SF,260,9531,0,0,0,0,0,1,0,0,0,0,0,0,0,0,0,0,1,3,0.0,0.0,0.0,0.0,1.0,0.0,0.67,119,247,1.0,0.0,0.01,0.02,0.0,0.0,0.0,0.0,normal,Normal
900,tcp,http,RSTR,60884,0,0,0,0,0,0,1,0,0,0,0,0,0,0,0,0,0,63,63,0.02,0.02,0.97,0.97,1.0,0.0,0.0,255,255,1.0,0.0,0.0,0.0,0.0,0.0,0.24,0.24,apache2,DoS
0,tcp,private,REJ,0,0,0,0,0,0,0,0,0,0,0,0,0,0,0,0,0,0,242,16,0.0,0.0,1.0,1.0,0.07,0.07,0.0,255,16,0.06,0.08,0.0,0.0,0.0,0.0,1.0,1.0,neptune,DoS
0,tcp,ftp_data,SF,10389,0,0,0,0,0,0,0,0,0,0,0,0,0,0,0,0,0,4,4,0.0,0.0,0.0,0.0,1.0,0.0,0.0,129,32,0.16,0.03,0.16,0.06,0.0,0.0,0.0,0.0,normal,Normal
0,tcp,other,REJ,0,0,0,0,0,0,0,0,0,0,0,0,0,0,0,0,0,0,1,1,0.0,0.0,1.0,1.0,1.0,0.0,0.0,61,8,0.13,0.08,0.02,0.0,0.0,0.0,0.1,0.75,httptunnel,R2L
2067,tcp,http,RSTR,75484,0,0,0,0,0,0,1,0,0,0,0,0,0,0,0,0,0,7,7,0.0,0.0,1.0,1.0,1.0,0.0,0.0,255,244,0.96,0.01,0.0,0.0,0.02,0.02,0.49,0.51,apache2,DoS
0,udp,private,SF,103,143,0,0,0,0,0,0,0,0,0,0,0,0,0,0,0,0,2,2,0.0,0.0,0.0,0.0,1.0,0.0,0.0,255,254,1.0,0.01,0.0,0.0,0.0,0.0,0.0,0.0,snmpgetattack,R2L
0,tcp,http,SF,185,13406,0,0,0,0,0,1,0,0,0,0,0,0,0,0,0,0,1,1,0.0,0.0,0.0,0.0,1.0,0.0,0.0,38,255,1.0,0.0,0.03,0.02,0.0,0.0,0.0,0.0,normal,Normal
0,icmp,eco_i,SF,18,0,0,0,0,0,0,0,0,0,0,0,0,0,0,0,0,0,1,1,0.0,0.0,0.0,0.0,1.0,0.0,0.0,1,88,1.0,0.0,1.0,1.0,0.0,0.0,0.0,0.0,ipsweep,Probe
0,tcp,private,S0,0,0,0,0,0,0,0,0,0,0,0,0,0,0,0,0,0,0,120,1,1.0,1.0,0.0,0.0,0.01,0.06,0.0,255,1,0.0,0.05,0.0,0.0,1.0,1.0,0.0,0.0,neptune,DoS
4,tcp,pop_3,SF,32,93,0,0,0,0,0,1,0,0,0,0,0,0,0,0,0,0,1,1,0.0,0.0,0.0,0.0,1.0,0.0,0.0,255,185,0.73,0.02,0.0,0.0,0.0,0.0,0.11,0.0,guess_passwd,R2L
0,tcp,http,SF,335,606,0,0,0,0,0,1,0,0,0,0,0,0,0,0,0,0,10,10,0.0,0.0,0.0,0.0,1.0,0.0,0.0,126,255,1.0,0.0,0.01,0.05,0.01,0.0,0.0,0.0,normal,Normal
0,tcp,telnet,RSTO,124,176,0,0,0,0,1,0,0,0,0,0,0,0,0,0,0,0,1,1,0.0,0.0,1.0,1.0,1.0,0.0,0.0,255,254,1.0,0.01,0.0,0.0,0.02,0.02,0.02,0.02,guess_passwd,R2L
0,tcp,telnet,SF,123,174,0,0,0,0,1,0,0,0,0,0,0,0,0,0,0,0,1,1,0.0,0.0,0.0,0.0,1.0,0.0,0.0,255,56,0.22,0.02,0.0,0.0,0.0,0.0,0.01,0.04,guess_passwd,R2L
0,tcp,http,SF,207,3731,0,0,0,0,0,1,0,0,0,0,0,0,0,0,0,0,4,8,0.0,0.0,0.0,0.12,1.0,0.0,0.38,255,255,1.0,0.0,0.01,0.0,0.0,0.0,0.0,0.0,normal,Normal
0,tcp,http,SF,277,2678,0,0,0,0,0,1,0,0,0,0,0,0,0,0,0,0,2,2,0.0,0.0,0.0,0.0,1.0,0.0,0.0,14,255,1.0,0.0,0.07,0.03,0.0,0.0,0.0,0.0,normal,Normal
0,tcp,private,REJ,0,0,0,0,0,0,0,0,0,0,0,0,0,0,0,0,0,0,117,14,0.0,0.0,1.0,1.0,0.12,0.06,0.0,255,14,0.05,0.06,0.0,0.0,0.0,0.0,0.99,1.0,neptune,DoS
0,tcp,private,REJ,0,0,0,0,0,0,0,0,0,0,0,0,0,0,0,0,0,0,126,5,0.0,0.0,1.0,1.0,0.04,0.07,0.0,255,5,0.02,0.06,0.0,0.0,0.0,0.0,1.0,1.0,neptune,DoS
282,tcp,ftp,SF,163,601,0,0,0,2,0,1,0,0,0,0,0,0,0,0,0,1,1,1,0.0,0.0,0.0,0.0,1.0,0.0,0.0,255,13,0.05,0.82,0.0,0.0,0.0,0.0,0.81,0.0,warezmaster,R2L
0,udp,private,SF,50,0,0,0,0,0,0,0,0,0,0,0,0,0,0,0,0,0,5,5,0.0,0.0,0.0,0.0,1.0,0.0,0.0,255,254,1.0,0.01,0.0,0.0,0.0,0.0,0.0,0.0,snmpguess,R2L
0,tcp,telnet,SF,125,174,0,0,0,0,1,0,0,0,0,0,0,0,0,0,0,0,1,1,0.0,0.0,0.0,0.0,1.0,0.0,0.0,255,101,0.4,0.02,0.0,0.0,0.0,0.0,0.01,0.03,guess_passwd,R2L
2073,tcp,http,RSTR,74024,0,0,0,0,0,0,1,0,0,0,0,0,0,0,0,0,0,10,10,0.0,0.0,1.0,1.0,1.0,0.0,0.0,255,244,0.96,0.01,0.0,0.0,0.02,0.02,0.4,0.42,apache2,DoS
0,tcp,private,REJ,0,0,0,0,0,0,0,0,0,0,0,0,0,0,0,0,0,0,207,5,0.0,0.0,1.0,1.0,0.02,0.06,0.0,255,5,0.02,0.06,0.0,0.0,0.0,0.0,1.0,1.0,neptune,DoS
1,tcp,imap4,RSTO,0,44,0,0,0,0,0,0,0,0,0,0,0,0,0,0,0,0,2,5,0.0,0.0,1.0,1.0,0.5,1.0,1.0,49,61,0.29,0.1,0.02,0.03,0.0,0.0,0.92,0.98,mscan,Probe
0,tcp,imap4,REJ,0,0,0,0,0,0,0,0,0,0,0,0,0,0,0,0,0,0,4,3,0.0,0.0,0.75,1.0,0.25,0.75,1.0,180,64,0.25,0.02,0.01,0.03,0.0,0.0,0.84,1.0,mscan,Probe
0,tcp,ftp,SF,26,157,0,0,0,0,1,0,0,0,0,0,0,0,0,0,0,1,1,1,0.0,0.0,0.0,0.0,1.0,0.0,0.0,59,31,0.53,0.07,0.02,0.0,0.0,0.0,0.0,0.0,guess_passwd,R2L
901,tcp,http,RSTR,60884,0,0,0,0,0,0,1,0,0,0,0,0,0,0,0,0,0,28,28,0.0,0.0,1.0,1.0,1.0,0.0,0.0,255,255,1.0,0.0,0.0,0.0,0.0,0.0,0.47,0.47,apache2,DoS
0,tcp,private,REJ,0,0,0,0,0,0,0,0,0,0,0,0,0,0,0,0,0,0,111,2,0.0,0.0,1.0,1.0,0.02,0.06,0.0,255,2,0.01,0.05,0.0,0.0,0.0,0.0,1.0,1.0,neptune,DoS
20,tcp,ftp,SF,233,767,0,0,0,4,0,1,0,0,0,0,0,0,0,0,0,1,1,1,0.0,0.0,0.0,0.0,1.0,0.0,0.0,137,55,0.39,0.04,0.01,0.04,0.0,0.0,0.01,0.02,normal,Normal
0,tcp,http,SF,156,4039,0,0,0,0,0,1,0,0,0,0,0,0,0,0,0,0,1,1,0.0,0.0,0.0,0.0,1.0,0.0,0.0,255,255,1.0,0.0,0.0,0.0,0.0,0.0,0.0,0.0,normal,Normal
0,tcp,http,SF,293,311,0,0,0,0,0,1,0,0,0,0,0,0,0,0,0,0,2,3,0.0,0.0,0.0,0.0,1.0,0.0,0.67,9,255,1.0,0.0,0.11,0.02,0.0,0.0,0.0,0.0,normal,Normal
7232,tcp,telnet,SF,0,44,0,0,0,0,0,0,0,0,0,0,0,0,0,0,0,0,1,1,0.0,0.0,0.0,0.0,1.0,0.0,0.0,255,250,0.98,0.02,0.0,0.0,0.27,0.28,0.01,0.0,processtable,DoS
0,tcp,pop_3,SF,30,217,0,0,0,0,0,1,0,0,0,0,0,0,0,0,0,0,1,1,0.0,0.0,0.0,0.0,1.0,0.0,0.0,255,6,0.02,0.02,0.0,0.0,0.0,0.0,0.0,0.0,guess_passwd,R2L
0,icmp,ecr_i,SF,520,0,0,0,0,0,0,0,0,0,0,0,0,0,0,0,0,0,510,510,0.0,0.0,0.0,0.0,1.0,0.0,0.0,226,226,1.0,0.0,1.0,0.0,0.0,0.0,0.0,0.0,smurf,DoS
0,tcp,http,SF,203,321,0,0,0,0,0,1,0,0,0,0,0,0,0,0,0,0,33,34,0.0,0.0,0.0,0.0,1.0,0.0,0.06,255,255,1.0,0.0,0.0,0.0,0.0,0.0,0.0,0.0,normal,Normal
0,tcp,http,SF,223,1781,0,0,0,0,0,1,0,0,0,0,0,0,0,0,0,0,6,8,0.0,0.0,0.0,0.0,1.0,0.0,0.25,27,255,1.0,0.0,0.04,0.04,0.0,0.0,0.0,0.0,normal,Normal
0,tcp,http,SF,54540,8314,0,0,0,2,0,1,1,0,0,0,0,0,0,0,0,0,4,24,0.0,0.0,0.0,0.0,1.0,0.0,0.08,255,255,1.0,0.0,0.0,0.0,0.0,0.0,0.03,0.03,back,DoS
0,tcp,private,REJ,0,0,0,0,0,0,0,0,0,0,0,0,0,0,0,0,0,0,233,15,0.0,0.0,1.0,1.0,0.06,0.07,0.0,255,15,0.06,0.08,0.0,0.0,0.0,0.0,1.0,1.0,neptune,DoS
0,tcp,other,RSTR,0,0,0,0,0,0,0,0,0,0,0,0,0,0,0,0,0,0,1,1,0.0,0.0,1.0,1.0,1.0,0.0,0.0,255,1,0.0,0.24,0.23,0.0,0.0,0.0,0.23,1.0,normal,Normal
0,udp,private,SF,51,55,0,0,0,0,0,0,0,0,0,0,0,0,0,0,0,0,511,511,0.0,0.0,0.0,0.0,1.0,0.0,0.0,255,255,1.0,0.0,1.0,0.0,0.0,0.0,0.0,0.0,normal,Normal
282,tcp,ftp,SF,162,597,0,0,0,2,0,1,0,0,0,0,0,0,0,0,0,1,1,1,0.0,0.0,0.0,0.0,1.0,0.0,0.0,255,104,0.41,0.03,0.0,0.0,0.0,0.0,0.0,0.0,warezmaster,R2L
899,tcp,http,RSTR,62344,0,0,0,0,0,0,1,0,0,0,0,0,0,0,0,0,0,45,45,0.0,0.0,1.0,1.0,1.0,0.0,0.0,255,255,1.0,0.0,0.0,0.0,0.0,0.0,0.42,0.42,apache2,DoS
0,tcp,http,SF,190,183,0,0,0,0,0,1,0,0,0,0,0,0,0,0,0,0,1,2,0.0,0.0,0.0,0.0,1.0,0.0,1.0,7,255,1.0,0.0,0.14,0.03,0.0,0.0,0.0,0.0,normal,Normal
0,icmp,ecr_i,SF,1032,0,0,0,0,0,0,0,0,0,0,0,0,0,0,0,0,0,510,510,0.0,0.0,0.0,0.0,1.0,0.0,0.0,255,240,0.94,0.01,0.94,0.0,0.0,0.0,0.0,0.0,smurf,DoS
0,tcp,other,REJ,0,0,0,0,0,0,0,0,0,0,0,0,0,0,0,0,0,0,398,1,0.18,0.0,0.81,1.0,0.0,1.0,0.0,255,1,0.0,0.9,0.0,0.0,0.15,0.0,0.85,1.0,satan,Probe
0,tcp,ftp,RSTO,0,0,0,0,0,0,0,0,0,0,0,0,0,0,0,0,0,0,104,2,0.0,0.0,1.0,1.0,0.02,0.09,0.0,255,2,0.01,0.07,0.0,0.0,0.0,0.0,1.0,1.0,neptune,DoS
0,tcp,gopher,REJ,0,0,0,0,0,0,0,0,0,0,0,0,0,0,0,0,0,0,244,9,0.0,0.0,1.0,1.0,0.04,0.07,0.0,255,9,0.04,0.07,0.0,0.0,0.0,0.0,1.0,1.0,neptune,DoS
0,tcp,http,SF,197,22603,0,0,0,0,0,1,0,0,0,0,0,0,0,0,0,0,1,26,0.0,0.0,0.0,0.0,1.0,0.0,0.12,172,255,1.0,0.0,0.01,0.01,0.0,0.0,0.0,0.0,normal,Normal
0,tcp,http,SF,299,775,0,0,0,0,0,1,0,0,0,0,0,0,0,0,0,0,3,4,0.0,0.0,0.0,0.0,1.0,0.0,0.5,255,255,1.0,0.0,0.0,0.0,0.0,0.0,0.0,0.0,normal,Normal
0,tcp,http,SF,235,964,0,0,0,0,0,1,0,0,0,0,0,0,0,0,0,0,7,7,0.0,0.0,0.0,0.0,1.0,0.0,0.0,7,255,1.0,0.0,0.14,0.04,0.0,0.0,0.0,0.0,normal,Normal
0,tcp,http,S0,0,0,0,0,0,0,0,0,0,0,0,0,0,0,0,0,0,0,15,15,0.8,0.8,0.2,0.2,1.0,0.0,0.0,255,244,0.96,0.01,0.0,0.0,0.07,0.07,0.56,0.59,apache2,DoS
0,udp,private,SF,43,43,0,0,0,0,0,0,0,0,0,0,0,0,0,0,0,0,2,2,0.0,0.0,0.0,0.0,1.0,0.0,0.0,255,254,1.0,0.01,0.01,0.0,0.0,0.0,0.0,0.0,snmpguess,R2L
0,tcp,http,SF,219,1680,0,0,0,0,0,1,0,0,0,0,0,0,0,0,0,0,1,1,0.0,0.0,0.0,0.0,1.0,0.0,0.0,147,255,1.0,0.0,0.01,0.01,0.0,0.0,0.0,0.0,normal,Normal
0,tcp,http,SF,304,3441,0,0,0,0,0,1,0,0,0,0,0,0,0,0,0,0,22,22,0.0,0.0,0.0,0.0,1.0,0.0,0.0,22,255,1.0,0.0,0.05,0.04,0.0,0.0,0.0,0.0,normal,Normal
0,tcp,auth,REJ,0,0,0,0,0,0,0,0,0,0,0,0,0,0,0,0,0,0,287,17,0.0,0.0,1.0,1.0,0.06,0.06,0.0,255,17,0.07,0.06,0.0,0.0,0.0,0.0,1.0,1.0,neptune,DoS
0,tcp,daytime,RSTR,0,0,0,0,0,0,0,0,0,0,0,0,0,0,0,0,0,0,1,1,0.0,0.0,1.0,1.0,1.0,0.0,0.0,25,1,0.04,0.92,0.8,0.0,0.0,0.0,0.8,1.0,portsweep,Probe
0,tcp,http,SF,214,10645,0,0,0,0,0,1,0,0,0,0,0,0,0,0,0,0,4,12,0.0,0.0,0.0,0.0,1.0,0.0,0.25,30,255,1.0,0.0,0.03,0.03,0.0,0.0,0.0,0.0,normal,Normal
0,tcp,http,SF,241,1163,0,0,0,0,0,1,0,0,0,0,0,0,0,0,0,0,26,29,0.0,0.0,0.0,0.0,1.0,0.0,0.07,244,255,1.0,0.0,0.0,0.01,0.0,0.0,0.0,0.0,normal,Normal
0,tcp,private,REJ,0,0,0,0,0,0,0,0,0,0,0,0,0,0,0,0,0,0,137,14,0.0,0.0,1.0,1.0,0.1,0.06,0.0,255,14,0.05,0.06,0.0,0.0,0.0,0.0,1.0,1.0,neptune,DoS
0,tcp,private,REJ,0,0,0,0,0,0,0,0,0,0,0,0,0,0,0,0,0,0,111,6,0.0,0.0,1.0,1.0,0.05,0.07,0.0,255,6,0.02,0.07,0.0,0.0,0.0,0.0,1.0,1.0,neptune,DoS
0,udp,domain_u,SF,43,132,0,0,0,0,0,0,0,0,0,0,0,0,0,0,0,0,153,233,0.0,0.0,0.0,0.0,1.0,0.0,0.01,255,255,1.0,0.0,0.0,0.0,0.0,0.0,0.0,0.0,normal,Normal
0,tcp,http,SF,233,1072,0,0,0,0,0,1,0,0,0,0,0,0,0,0,0,0,28,28,0.0,0.0,0.0,0.0,1.0,0.0,0.0,255,255,1.0,0.0,0.0,0.0,0.0,0.0,0.0,0.0,normal,Normal
0,tcp,http,SF,54540,8314,0,0,0,2,0,1,1,0,0,0,0,0,0,0,0,0,5,12,0.0,0.0,0.0,0.0,1.0,0.0,0.17,255,255,1.0,0.0,0.0,0.0,0.01,0.01,0.05,0.05,back,DoS
0,tcp,telnet,SF,129,174,0,0,0,0,1,0,0,0,0,0,0,0,0,0,0,0,1,1,0.0,0.0,0.0,0.0,1.0,0.0,0.0,255,255,1.0,0.0,0.0,0.0,0.01,0.01,0.02,0.02,guess_passwd,R2L
0,tcp,private,REJ,0,0,0,0,0,0,0,0,0,0,0,0,0,0,0,0,0,0,95,1,0.02,0.0,0.98,1.0,0.01,0.86,0.0,104,1,0.01,0.8,0.91,0.0,0.02,0.0,0.89,1.0,portsweep,Probe
0,tcp,http,SF,54540,8314,0,0,0,2,0,1,1,0,0,0,0,0,0,0,0,0,5,5,0.0,0.0,0.2,0.2,1.0,0.0,0.0,255,229,0.9,0.01,0.0,0.0,0.0,0.0,0.01,0.0,back,DoS
0,tcp,private,REJ,0,0,0,0,0,0,0,0,0,0,0,0,0,0,0,0,0,0,144,2,0.0,0.0,1.0,1.0,0.01,0.06,0.0,255,2,0.01,0.05,0.0,0.0,0.0,0.0,1.0,1.0,neptune,DoS
0,icmp,ecr_i,SF,508,0,0,0,0,0,0,0,0,0,0,0,0,0,0,0,0,0,50,50,0.0,0.0,0.0,0.0,1.0,0.0,0.0,255,255,1.0,0.0,1.0,0.0,0.0,0.0,0.0,0.0,smurf,DoS
7248,tcp,telnet,SF,0,44,0,0,0,0,0,0,0,0,0,0,0,0,0,0,0,0,1,1,0.0,0.0,0.0,0.0,1.0,0.0,0.0,255,248,0.97,0.02,0.0,0.0,0.33,0.34,0.04,0.02,processtable,DoS
0,tcp,http,SF,232,7480,0,0,0,0,0,1,0,0,0,0,0,0,0,0,0,0,63,93,0.0,0.0,0.0,0.0,1.0,0.0,0.03,82,255,1.0,0.0,0.01,0.02,0.0,0.0,0.0,0.0,normal,Normal
0,tcp,http,SF,222,392,0,0,0,0,0,1,0,0,0,0,0,0,0,0,0,0,13,13,0.0,0.0,0.0,0.0,1.0,0.0,0.0,255,255,1.0,0.0,0.0,0.0,0.0,0.0,0.0,0.0,normal,Normal
0,udp,private,SF,54,51,0,0,0,0,0,0,0,0,0,0,0,0,0,0,0,0,509,509,0.0,0.0,0.0,0.0,1.0,0.0,0.0,255,255,1.0,0.0,1.0,0.0,0.0,0.0,0.0,0.0,normal,Normal
0,tcp,telnet,S3,0,44,0,0,0,0,0,0,0,0,0,0,0,0,0,0,0,0,1,1,1.0,1.0,0.0,0.0,1.0,0.0,0.0,255,123,0.48,0.02,0.0,0.0,0.53,0.4,0.01,0.01,processtable,DoS
0,tcp,http,SF,305,1758,0,0,0,0,0,1,0,0,0,0,0,0,0,0,0,0,4,4,0.25,0.25,0.0,0.0,1.0,0.0,0.0,11,255,1.0,0.0,0.09,0.01,0.09,0.0,0.0,0.0,normal,Normal
0,tcp,sunrpc,S0,0,0,0,0,0,0,0,0,0,0,0,0,0,0,0,0,0,0,140,1,1.0,1.0,0.0,0.0,0.01,0.06,0.0,255,1,0.0,0.06,0.0,0.0,1.0,1.0,0.0,0.0,neptune,DoS
0,tcp,http,SF,54540,8314,0,0,0,2,0,1,1,0,0,0,0,0,0,0,0,0,3,16,0.0,0.0,0.0,0.0,1.0,0.0,0.19,255,254,1.0,0.01,0.0,0.0,0.0,0.0,0.01,0.01,back,DoS
1,tcp,smtp,SF,2599,293,0,0,0,0,0,1,0,0,0,0,0,0,0,0,0,0,2,2,0.0,0.0,0.0,0.0,1.0,0.0,0.0,255,81,0.32,0.14,0.0,0.0,0.0,0.0,0.67,0.0,mailbomb,DoS
0,udp,private,SF,50,48,0,0,0,0,0,0,0,0,0,0,0,0,0,0,0,0,511,511,0.0,0.0,0.0,0.0,1.0,0.0,0.0,255,255,1.0,0.0,0.83,0.0,0.0,0.0,0.0,0.0,normal,Normal
0,tcp,ctf,S0,0,0,0,0,0,0,0,0,0,0,0,0,0,0,0,0,0,0,286,11,1.0,1.0,0.0,0.0,0.04,0.06,0.0,255,11,0.04,0.06,0.0,0.0,1.0,1.0,0.0,0.0,neptune,DoS
0,icmp,eco_i,SF,8,0,0,0,0,0,0,0,0,0,0,0,0,0,0,0,0,0,1,22,0.0,0.0,0.0,0.0,1.0,0.0,1.0,2,14,1.0,0.0,1.0,0.5,0.0,0.0,0.0,0.0,ipsweep,Probe
0,tcp,http,SF,202,841,0,0,0,0,0,1,0,0,0,0,0,0,0,0,0,0,11,11,0.0,0.0,0.0,0.0,1.0,0.0,0.0,97,204,1.0,0.0,0.01,0.04,0.0,0.0,0.0,0.0,normal,Normal
0,tcp,private,S0,0,0,0,0,0,0,0,0,0,0,0,0,0,0,0,0,0,0,220,10,0.78,0.8,0.22,0.2,0.05,0.06,0.0,255,10,0.04,0.07,0.0,0.0,0.77,0.8,0.23,0.2,neptune,DoS
0,udp,other,SF,115,0,0,0,0,0,0,0,0,0,0,0,0,0,0,0,0,0,38,38,0.0,0.0,0.0,0.0,1.0,0.0,0.0,42,38,0.9,0.05,0.9,0.0,0.0,0.0,0.0,0.0,normal,Normal
0,udp,domain_u,SF,41,41,0,0,0,0,0,0,0,0,0,0,0,0,0,0,0,0,103,176,0.0,0.0,0.0,0.0,0.99,0.02,0.01,255,254,1.0,0.01,0.01,0.0,0.0,0.0,0.0,0.0,normal,Normal
0,tcp,http,SF,245,1277,0,0,0,0,0,1,0,0,0,0,0,0,0,0,0,0,41,41,0.0,0.0,0.0,0.0,1.0,0.0,0.0,255,255,1.0,0.0,0.0,0.0,0.0,0.0,0.0,0.0,normal,Normal
0,tcp,http,SF,250,6380,0,0,0,0,0,1,0,0,0,0,0,0,0,0,0,0,13,24,0.0,0.0,0.0,0.0,1.0,0.0,0.08,255,255,1.0,0.0,0.0,0.0,0.0,0.0,0.0,0.0,normal,Normal
0,tcp,telnet,S0,0,0,0,0,0,0,0,0,0,0,0,0,0,0,0,0,0,0,1,3,1.0,0.33,0.0,0.33,1.0,0.0,0.67,40,14,0.35,0.08,0.03,0.0,1.0,1.0,0.0,0.0,mscan,Probe
0,udp,domain_u,SF,43,141,0,0,0,0,0,0,0,0,0,0,0,0,0,0,0,0,131,211,0.0,0.0,0.0,0.0,1.0,0.0,0.01,255,254,1.0,0.01,0.0,0.0,0.0,0.0,0.0,0.0,normal,Normal
0,tcp,http,SF,303,556,0,0,0,0,0,1,0,0,0,0,0,0,0,0,0,0,6,14,0.0,0.0,0.0,0.0,1.0,0.0,0.21,146,255,1.0,0.0,0.01,0.01,0.01,0.01,0.0,0.0,normal,Normal
0,tcp,http,SF,208,2393,0,0,0,0,0,1,0,0,0,0,0,0,0,0,0,0,12,13,0.0,0.0,0.0,0.0,1.0,0.0,0.15,51,255,1.0,0.0,0.02,0.05,0.0,0.0,0.0,0.0,normal,Normal
0,tcp,http,SF,380,821,0,0,0,0,0,1,0,0,0,0,0,0,0,0,0,0,1,3,0.0,0.0,0.0,0.0,1.0,0.0,0.67,57,255,1.0,0.0,0.02,0.04,0.04,0.01,0.0,0.0,normal,Normal
0,tcp,pop_3,RSTO,0,36,0,0,0,0,0,1,0,0,0,0,0,0,0,0,0,0,4,3,0.0,0.0,0.75,1.0,0.25,0.75,1.0,255,48,0.19,0.02,0.0,0.0,0.01,0.0,0.67,1.0,mscan,Probe
0,tcp,http_443,S0,0,0,0,0,0,0,0,0,0,0,0,0,0,0,0,0,0,0,142,8,1.0,1.0,0.0,0.0,0.06,0.06,0.0,255,8,0.03,0.06,0.0,0.0,1.0,1.0,0.0,0.0,neptune,DoS
1,tcp,smtp,SF,2599,293,0,0,0,0,0,1,0,0,0,0,0,0,0,0,0,0,4,3,0.0,0.0,0.25,0.0,0.75,0.5,0.0,255,59,0.23,0.15,0.0,0.0,0.0,0.0,0.75,0.0,mailbomb,DoS
23,tcp,ftp,SF,292,903,0,0,0,5,0,1,0,0,0,0,0,0,0,0,0,1,1,1,0.0,0.0,0.0,0.0,1.0,0.0,0.0,24,18,0.71,0.12,0.04,0.11,0.0,0.0,0.0,0.0,normal,Normal
0,udp,private,SF,52,53,0,0,0,0,0,0,0,0,0,0,0,0,0,0,0,0,511,511,0.0,0.0,0.0,0.0,1.0,0.0,0.0,255,255,1.0,0.0,1.0,0.0,0.0,0.0,0.0,0.0,normal,Normal
0,icmp,ecr_i,SF,1008,0,0,0,0,0,0,0,0,0,0,0,0,0,0,0,0,0,362,362,0.0,0.0,0.0,0.0,1.0,0.0,0.0,255,255,1.0,0.0,1.0,0.0,0.0,0.0,0.0,0.0,smurf,DoS
0,udp,domain_u,SF,45,140,0,0,0,0,0,0,0,0,0,0,0,0,0,0,0,0,107,187,0.0,0.0,0.0,0.0,1.0,0.0,0.01,255,255,1.0,0.0,0.0,0.0,0.0,0.0,0.0,0.0,normal,Normal
0,tcp,echo,RSTO,0,0,0,0,0,0,0,0,0,0,0,0,0,0,0,0,0,0,246,13,0.0,0.0,1.0,1.0,0.05,0.07,0.0,255,13,0.05,0.07,0.0,0.0,0.0,0.0,1.0,1.0,neptune,DoS
0,tcp,ftp_data,SF,383,0,0,0,0,0,0,0,0,0,0,0,0,0,0,0,0,0,2,2,0.0,0.0,0.0,0.0,1.0,0.0,0.0,208,23,0.11,0.02,0.11,0.0,0.0,0.0,0.0,0.0,normal,Normal
0,tcp,private,REJ,0,0,0,0,0,0,0,0,0,0,0,0,0,0,0,0,0,0,238,17,0.0,0.0,1.0,1.0,0.07,0.07,0.0,255,17,0.07,0.08,0.0,0.0,0.0,0.0,1.0,1.0,neptune,DoS
0,udp,private,SF,44,41,0,0,0,0,0,0,0,0,0,0,0,0,0,0,0,0,9,9,0.0,0.0,0.0,0.0,1.0,0.0,0.0,255,255,1.0,0.0,0.03,0.0,0.0,0.0,0.0,0.0,normal,Normal
0,tcp,http,SF,201,500,0,0,0,0,0,1,0,0,0,0,0,0,0,0,0,0,5,5,0.0,0.0,0.0,0.0,1.0,0.0,0.0,57,255,1.0,0.0,0.02,0.02,0.0,0.0,0.0,0.0,normal,Normal
0,tcp,http,SF,209,330,0,0,0,0,0,1,0,0,0,0,0,0,0,0,0,0,12,12,0.0,0.0,0.0,0.0,1.0,0.0,0.0,12,255,1.0,0.0,0.08,0.01,0.0,0.0,0.0,0.0,normal,Normal
0,tcp,http,SF,231,11129,0,0,0,0,0,1,0,0,0,0,0,0,0,0,0,0,2,2,0.0,0.0,0.0,0.0,1.0,0.0,0.0,140,251,1.0,0.0,0.01,0.04,0.0,0.0,0.0,0.0,normal,Normal
0,tcp,http,SF,289,1100,0,0,0,0,0,1,0,0,0,0,0,0,0,0,0,0,20,20,0.0,0.0,0.0,0.0,1.0,0.0,0.0,255,255,1.0,0.0,0.0,0.0,0.0,0.0,0.0,0.0,normal,Normal
84,tcp,telnet,SF,277,1089,0,0,0,2,0,1,1,1,0,0,4,2,0,0,0,0,1,1,0.0,0.0,0.0,0.0,1.0,0.0,0.0,255,1,0.0,0.07,0.0,0.0,0.14,0.0,0.86,0.0,loadmodule,U2R
4,tcp,pop_3,SF,32,93,0,0,0,0,0,1,0,0,0,0,0,0,0,0,0,0,1,1,0.0,0.0,0.0,0.0,1.0,0.0,0.0,255,144,0.56,0.02,0.0,0.0,0.0,0.0,0.15,0.0,guess_passwd,R2L
0,tcp,http,SF,254,1512,0,0,0,0,0,1,0,0,0,0,0,0,0,0,0,0,6,6,0.0,0.0,0.0,0.0,1.0,0.0,0.0,255,255,1.0,0.0,0.0,0.0,0.0,0.0,0.0,0.0,normal,Normal
280,tcp,ftp_data,SF,283618,0,0,0,0,0,0,0,0,0,0,0,0,0,0,0,0,0,2,2,0.0,0.0,0.0,0.0,1.0,0.0,0.0,117,18,0.09,0.02,0.09,0.11,0.0,0.0,0.0,0.0,warezmaster,R2L
0,tcp,private,REJ,0,0,0,0,0,0,0,0,0,0,0,0,0,0,0,0,0,0,257,15,0.01,0.0,0.99,1.0,0.06,0.06,0.0,255,15,0.06,0.06,0.0,0.0,0.01,0.0,0.99,1.0,neptune,DoS
0,tcp,private,S0,0,0,0,0,0,0,0,0,0,0,0,0,0,0,0,0,0,0,140,10,1.0,1.0,0.0,0.0,0.07,0.06,0.0,255,10,0.04,0.05,0.0,0.0,1.0,1.0,0.0,0.0,neptune,DoS
0,tcp,private,S0,0,0,0,0,0,0,0,0,0,0,0,0,0,0,0,0,0,0,123,9,1.0,1.0,0.0,0.0,0.07,0.07,0.0,255,9,0.04,0.06,0.0,0.0,1.0,1.0,0.0,0.0,neptune,DoS
0,tcp,private,S0,0,0,0,0,0,0,0,0,0,0,0,0,0,0,0,0,0,0,297,19,1.0,1.0,0.0,0.0,0.06,0.06,0.0,255,19,0.07,0.07,0.0,0.0,1.0,1.0,0.0,0.0,neptune,DoS
0,tcp,private,S0,0,0,0,0,0,0,0,0,0,0,0,0,0,0,0,0,0,0,138,13,1.0,1.0,0.0,0.0,0.09,0.06,0.0,255,13,0.05,0.05,0.0,0.0,1.0,1.0,0.0,0.0,neptune,DoS
0,tcp,imap4,REJ,0,0,0,0,0,0,0,0,0,0,0,0,0,0,0,0,0,0,2,4,0.0,0.0,0.5,1.0,0.5,1.0,1.0,255,64,0.25,0.01,0.0,0.0,0.0,0.0,0.65,1.0,mscan,Probe
0,icmp,ecr_i,SF,520,0,0,0,0,0,0,0,0,0,0,0,0,0,0,0,0,0,15,15,0.0,0.0,0.0,0.0,1.0,0.0,0.0,255,255,1.0,0.0,1.0,0.0,0.0,0.0,0.0,0.0,smurf,DoS
0,tcp,private,S0,0,0,0,0,0,0,0,0,0,0,0,0,0,0,0,0,0,0,254,11,1.0,1.0,0.0,0.0,0.04,0.06,0.0,255,11,0.04,0.07,0.0,0.0,1.0,1.0,0.0,0.0,neptune,DoS
0,tcp,private,S0,0,0,0,0,0,0,0,0,0,0,0,0,0,0,0,0,0,0,102,1,1.0,1.0,0.0,0.0,0.01,0.07,0.0,255,1,0.0,0.06,0.0,0.0,1.0,1.0,0.0,0.0,neptune,DoS
0,icmp,ecr_i,SF,1480,0,0,1,0,0,0,0,0,0,0,0,0,0,0,0,0,0,1,3,0.0,0.0,0.0,0.0,1.0,0.0,0.67,1,35,1.0,0.0,1.0,0.51,0.0,0.0,0.0,0.0,pod,DoS
1,tcp,smtp,SF,2599,293,0,0,0,0,0,1,0,0,0,0,0,0,0,0,0,0,3,3,0.0,0.0,0.0,0.0,1.0,0.0,0.0,255,187,0.73,0.13,0.0,0.0,0.0,0.0,0.25,0.0,mailbomb,DoS
0,tcp,http,SF,295,302,0,0,0,0,0,1,0,0,0,0,0,0,0,0,0,0,31,31,0.0,0.0,0.0,0.0,1.0,0.0,0.0,255,255,1.0,0.0,0.0,0.0,0.0,0.0,0.0,0.0,normal,Normal
0,tcp,private,S0,0,0,0,0,0,0,0,0,0,0,0,0,0,0,0,0,0,0,130,18,0.17,0.83,0.83,0.17,0.14,0.06,0.0,255,18,0.07,0.06,0.0,0.0,0.09,0.83,0.91,0.17,neptune,DoS
0,tcp,other,RSTR,0,0,0,0,0,0,0,0,0,0,0,0,0,0,0,0,0,0,1,1,0.0,0.0,1.0,1.0,1.0,0.0,0.0,255,1,0.0,0.58,0.56,0.0,0.0,0.0,0.56,1.0,normal,Normal
0,tcp,other,REJ,0,0,0,0,0,0,0,0,0,0,0,0,0,0,0,0,0,0,511,1,0.07,0.0,0.93,1.0,0.0,1.0,0.0,255,1,0.0,1.0,0.0,0.0,0.06,0.0,0.94,1.0,satan,Probe
0,tcp,http,SF,231,1262,0,0,0,0,0,1,0,0,0,0,0,0,0,0,0,0,5,5,0.0,0.0,0.0,0.0,1.0,0.0,0.0,255,255,1.0,0.0,0.0,0.0,0.0,0.0,0.0,0.0,normal,Normal
0,udp,private,SF,105,147,0,0,0,0,0,0,0,0,0,0,0,0,0,0,0,0,1,1,0.0,0.0,0.0,0.0,1.0,0.0,0.0,121,120,0.99,0.02,0.01,0.0,0.0,0.0,0.0,0.0,snmpgetattack,R2L
0,tcp,private,S0,0,0,0,0,0,0,0,0,0,0,0,0,0,0,0,0,0,0,242,13,1.0,1.0,0.0,0.0,0.05,0.05,0.0,255,13,0.05,0.06,0.0,0.0,1.0,1.0,0.0,0.0,neptune,DoS
0,udp,private,SF,54,51,0,0,0,0,0,0,0,0,0,0,0,0,0,0,0,0,511,511,0.0,0.0,0.0,0.0,1.0,0.0,0.0,255,255,1.0,0.0,0.84,0.0,0.0,0.0,0.0,0.0,normal,Normal
0,udp,private,SF,1,0,0,0,0,0,0,0,0,0,0,0,0,0,0,0,0,0,139,59,0.0,0.0,0.0,0.0,0.42,0.29,0.0,255,64,0.25,0.55,1.0,0.0,0.0,0.0,0.0,0.0,normal,Normal
0,tcp,sunrpc,S0,0,0,0,0,0,0,0,0,0,0,0,0,0,0,0,0,0,0,150,11,1.0,1.0,0.0,0.0,0.07,0.05,0.0,255,11,0.04,0.06,0.0,0.0,1.0,1.0,0.0,0.0,neptune,DoS
0,icmp,ecr_i,SF,1032,0,0,0,0,0,0,0,0,0,0,0,0,0,0,0,0,0,283,283,0.0,0.0,0.0,0.0,1.0,0.0,0.0,255,255,1.0,0.0,1.0,0.0,0.0,0.0,0.0,0.0,smurf,DoS
0,tcp,http,SF,204,2461,0,0,0,0,0,1,0,0,0,0,0,0,0,0,0,0,3,8,0.0,0.0,0.0,0.0,1.0,0.0,0.25,3,255,1.0,0.0,0.33,0.03,0.0,0.0,0.0,0.0,normal,Normal
0,udp,domain_u,SF,30,30,0,0,0,0,0,0,0,0,0,0,0,0,0,0,0,0,2,3,0.0,0.0,0.0,0.0,1.0,0.0,0.67,255,252,0.99,0.01,0.0,0.0,0.0,0.0,0.0,0.0,normal,Normal
0,icmp,eco_i,SF,18,0,0,0,0,0,0,0,0,0,0,0,0,0,0,0,0,0,1,1,0.0,0.0,0.0,0.0,1.0,0.0,0.0,1,99,1.0,0.0,1.0,1.0,0.0,0.0,0.0,0.0,ipsweep,Probe
0,tcp,http,SF,269,2857,0,0,0,0,0,1,0,0,0,0,0,0,0,0,0,0,1,1,0.0,0.0,0.0,0.0,1.0,0.0,0.0,8,255,1.0,0.0,0.12,0.02,0.0,0.0,0.0,0.0,normal,Normal
0,icmp,ecr_i,SF,508,0,0,0,0,0,0,0,0,0,0,0,0,0,0,0,0,0,365,365,0.0,0.0,0.0,0.0,1.0,0.0,0.0,255,255,1.0,0.0,1.0,0.0,0.0,0.0,0.0,0.0,smurf,DoS
0,tcp,http,S0,0,0,0,0,0,0,0,0,0,0,0,0,0,0,0,0,0,0,15,15,1.0,1.0,0.0,0.0,1.0,0.0,0.0,255,245,0.96,0.01,0.0,0.0,0.18,0.19,0.56,0.59,apache2,DoS
1,tcp,smtp,SF,15827,1435,0,0,0,0,0,1,0,0,0,0,0,0,0,0,0,0,1,1,0.0,0.0,0.0,0.0,1.0,0.0,0.0,94,165,0.72,0.04,0.01,0.01,0.0,0.0,0.01,0.02,normal,Normal
0,tcp,private,S0,0,0,0,0,0,0,0,0,0,0,0,0,0,0,0,0,0,0,216,17,1.0,1.0,0.0,0.0,0.08,0.06,0.0,255,17,0.07,0.06,0.0,0.0,1.0,1.0,0.0,0.0,neptune,DoS
0,tcp,private,REJ,0,0,0,0,0,0,0,0,0,0,0,0,0,0,0,0,0,0,214,3,0.0,0.0,1.0,1.0,0.01,0.08,0.0,255,3,0.01,0.07,0.0,0.0,0.0,0.0,1.0,1.0,neptune,DoS
0,tcp,private,SH,0,0,0,0,0,0,0,0,0,0,0,0,0,0,0,0,0,0,1,1,1.0,1.0,0.0,0.0,1.0,0.0,0.0,56,1,0.02,1.0,1.0,0.0,1.0,1.0,0.0,0.0,nmap,Probe
0,tcp,http,SF,235,1436,0,0,0,0,0,1,0,0,0,0,0,0,0,0,0,0,17,17,0.0,0.0,0.0,0.0,1.0,0.0,0.0,33,136,1.0,0.0,0.03,0.06,0.0,0.0,0.0,0.0,normal,Normal
0,tcp,daytime,RSTO,0,0,0,0,0,0,0,0,0,0,0,0,0,0,0,0,0,0,116,11,0.0,0.0,1.0,1.0,0.09,0.07,0.0,255,11,0.04,0.1,0.0,0.0,0.0,0.0,0.96,1.0,neptune,DoS
3,tcp,pop_3,SF,30,93,0,0,0,0,0,1,0,0,0,0,0,0,0,0,0,0,1,1,0.0,0.0,0.0,0.0,1.0,0.0,0.0,255,249,0.98,0.01,0.0,0.0,0.0,0.0,0.01,0.0,guess_passwd,R2L
0,tcp,http,RSTR,27496,7300,0,0,0,1,0,1,0,0,0,0,0,0,0,0,0,0,4,4,0.0,0.0,0.25,0.25,1.0,0.0,0.0,255,229,0.9,0.01,0.0,0.0,0.0,0.0,0.02,0.01,back,DoS
0,tcp,http,SF,306,3659,0,0,0,0,0,1,0,0,0,0,0,0,0,0,0,0,5,6,0.0,0.0,0.0,0.0,1.0,0.0,0.33,87,255,1.0,0.0,0.01,0.08,0.01,0.0,0.0,0.0,normal,Normal
0,udp,other,SF,1,1,0,0,0,0,0,0,0,0,0,0,0,0,0,0,0,0,245,1,0.0,0.0,0.0,0.0,0.0,1.0,0.0,255,1,0.0,0.98,0.99,0.0,0.0,0.0,0.0,0.0,satan,Probe
0,tcp,ftp_data,SF,12,0,0,0,0,0,0,0,0,0,0,0,0,0,0,0,0,0,2,2,0.0,0.0,0.0,0.0,1.0,0.0,0.0,4,5,1.0,0.0,1.0,0.4,0.0,0.0,0.0,0.0,warezmaster,R2L
0,tcp,http,SF,294,1415,0,0,0,0,0,1,0,0,0,0,0,0,0,0,0,0,9,9,0.0,0.0,0.0,0.0,1.0,0.0,0.0,170,170,1.0,0.0,0.01,0.0,0.0,0.0,0.0,0.0,normal,Normal
0,tcp,http,SF,54540,8314,0,0,0,2,0,1,1,0,0,0,0,0,0,0,0,0,2,2,0.0,0.0,0.0,0.0,1.0,0.0,0.0,255,251,0.98,0.01,0.0,0.0,0.0,0.0,0.01,0.01,back,DoS
0,tcp,http,SF,292,294,0,0,0,0,0,1,0,0,0,0,0,0,0,0,0,0,12,12,0.0,0.0,0.0,0.0,1.0,0.0,0.0,255,255,1.0,0.0,0.0,0.0,0.0,0.0,0.0,0.0,normal,Normal
0,tcp,private,REJ,0,0,0,0,0,0,0,0,0,0,0,0,0,0,0,0,0,0,115,2,0.0,0.0,1.0,1.0,0.02,0.07,0.0,255,2,0.01,0.06,0.0,0.0,0.0,0.0,1.0,1.0,neptune,DoS
0,udp,private,SF,105,146,0,0,0,0,0,0,0,0,0,0,0,0,0,0,0,0,3,2,0.0,0.0,0.0,0.0,0.67,0.67,0.0,255,252,0.99,0.01,0.0,0.0,0.0,0.0,0.0,0.0,snmpgetattack,R2L
0,tcp,other,SF,263,0,0,0,0,0,0,0,0,0,0,0,0,0,0,0,0,0,2,2,0.0,0.0,0.0,0.0,1.0,0.0,0.0,115,14,0.12,0.06,0.01,0.0,0.0,0.0,0.07,0.57,httptunnel,R2L
4,tcp,pop_3,SF,27,93,0,0,0,0,0,1,0,0,0,0,0,0,0,0,0,0,1,1,0.0,0.0,0.0,0.0,1.0,0.0,0.0,255,210,0.82,0.02,0.0,0.0,0.0,0.0,0.04,0.0,guess_passwd,R2L
0,tcp,private,RSTO,0,0,0,0,0,0,0,0,0,0,0,0,0,0,0,0,0,0,105,2,0.0,0.0,1.0,1.0,0.02,0.08,0.0,255,2,0.01,0.06,0.0,0.0,0.0,0.0,1.0,1.0,neptune,DoS
0,tcp,ftp_data,S0,0,0,0,0,0,0,0,0,0,0,0,0,0,0,0,0,0,0,179,12,1.0,1.0,0.0,0.0,0.07,0.09,0.0,255,12,0.05,0.09,0.0,0.0,1.0,1.0,0.0,0.0,neptune,DoS
0,udp,domain_u,SF,46,46,0,0,0,0,0,0,0,0,0,0,0,0,0,0,0,0,120,120,0.0,0.0,0.0,0.0,1.0,0.0,0.0,255,254,1.0,0.01,0.0,0.0,0.0,0.0,0.0,0.0,normal,Normal
0,tcp,http,SF,54540,8314,0,0,0,2,0,1,1,0,0,0,0,0,0,0,0,0,5,8,0.0,0.0,0.0,0.0,1.0,0.0,0.38,255,252,0.99,0.01,0.0,0.0,0.0,0.0,0.01,0.01,back,DoS
7442,tcp,telnet,SF,0,44,0,0,0,0,0,0,0,0,0,0,0,0,0,0,0,0,1,1,0.0,0.0,0.0,0.0,1.0,0.0,0.0,255,204,0.8,0.02,0.0,0.0,0.31,0.34,0.01,0.01,processtable,DoS
0,tcp,X11,S1,1256,11240,0,0,0,0,0,0,0,0,0,0,0,0,0,0,0,0,1,1,1.0,1.0,0.0,0.0,1.0,0.0,0.0,255,1,0.0,0.02,0.0,0.0,0.0,1.0,0.0,0.0,xsnoop,R2L
2066,tcp,http,RSTR,86392,0,0,0,0,0,0,1,0,0,0,0,0,0,0,0,0,0,12,12,0.0,0.0,1.0,1.0,1.0,0.0,0.0,255,230,0.9,0.02,0.0,0.0,0.0,0.0,0.05,0.05,apache2,DoS
0,tcp,http,SF,368,588,0,0,0,0,0,1,0,0,0,0,0,0,0,0,0,0,1,1,0.0,0.0,0.0,0.0,1.0,0.0,0.0,1,255,1.0,0.0,1.0,0.06,0.0,0.0,0.0,0.0,normal,Normal
0,tcp,imap4,RSTO,0,138,0,0,0,0,0,0,0,0,0,0,0,0,0,0,0,0,2,1,0.0,0.0,1.0,1.0,0.5,1.0,0.0,255,29,0.11,0.03,0.0,0.0,0.0,0.0,0.33,1.0,mscan,Probe
0,tcp,netstat,REJ,0,0,0,0,0,0,0,0,0,0,0,0,0,0,0,0,0,0,144,18,0.0,0.0,1.0,1.0,0.12,0.06,0.0,255,18,0.07,0.05,0.0,0.0,0.0,0.0,1.0,1.0,neptune,DoS
0,tcp,private,S0,0,0,0,0,0,0,0,0,0,0,0,0,0,0,0,0,0,0,100,9,1.0,1.0,0.0,0.0,0.09,0.06,0.0,255,9,0.04,0.06,0.0,0.0,1.0,1.0,0.0,0.0,neptune,DoS
0,tcp,http,SF,206,11455,0,0,0,0,0,1,0,0,0,0,0,0,0,0,0,0,7,8,0.0,0.0,0.0,0.0,1.0,0.0,0.25,79,255,1.0,0.0,0.01,0.02,0.0,0.0,0.0,0.0,normal,Normal
7510,tcp,telnet,SF,0,44,0,0,0,0,0,0,0,0,0,0,0,0,0,0,0,0,1,1,0.0,0.0,0.0,0.0,1.0,0.0,0.0,255,190,0.75,0.02,0.0,0.0,0.38,0.38,0.01,0.01,processtable,DoS
